{
  "best_approach": "hill_climbing",
  "best_auc": 0.9557345262934271,
  "hill_climbing_auc": 0.9557345262934271,
  "hill_climbing_counts": {
    "cb_10f1s": 8,
    "cb_5f3s": 4,
    "xgb_10f1s": 1,
    "lgb_10f1s": 1
  },
  "2way_grid_auc": 0.9557237257452232,
  "2way_grid_w": 0.9500000000000001,
  "3way_grid_auc": 0.9557269100735137,
  "3way_grid_weights": [
    0.7000000000000001,
    0.30000000000000004,
    -1.1102230246251565e-16
  ],
  "4way_grid_auc": 0.9557293593542527,
  "4way_grid_weights": [
    0.7000000000000001,
    0.2,
    0.0,
    0.09999999999999992
  ]
}