variant	score
S29N,N36Y	-1.151267136396943
G51R,P74L	-0.25199711709717004
I70F,V72G	-3.114606915935768
K54E,L60Y	-1.1946885951417314
N66D,Q68K	0.11803595596782351
A52L,N66H	-0.5523405839835376
G37E,F47C	-4.197990480198805
T33P,E35V	-0.5781440285249325
E69D,Y71C	-0.8961741057778353
S28C,F47S	-5.114171560315363
I70S,A73S	-2.4194052979656355
D58N,P74L	-0.2763220625316009
Y71I	-0.7915616895260211
E35Q,V45A	-0.4888699587983166
S29T,K40E	-2.7480573085736553
D58V,M63T	-0.3669684846519517
N36A,G37E	-0.42912231542391704
T33N,E35D	-0.2668974781968197
K54N,G62H	-0.4249595671690416
T33P,D34Y	-0.9295334746379798
N1D,I11S	-5.745034339859176
I2S,Y17F	-3.5028371029045635
K54E,G67R	-0.23108540433739816
E35T,E48A	-0.03745951918890031
T33S,N36S	-0.07452203041743412
N1T,F23C	-5.235929410016721
D25K,E49D	0.06980870281767304
N61D,M63K	-0.3201781073207768
D58H,I70F	-0.7153395081304937
N36K,F47C	-2.717119261482351
K14N,T19N	-2.116168050943068
I11F,F20V	-1.4437631852608748
F44Y,V45L	-1.4644086805259535
I2C,V22E	-1.5514058860201136
G41C,E48V	0.14684109515078883
F42L,E49T	-3.1353514919595735
G41R,H46R	-2.1368011417354467
I4F,T19A	-1.4034637572343105
A52S,N66I	-0.07906967411001957
K5Q,I11V	-3.5116797134030753
G41V,E48K	-2.608013304607773
D12N,Y17S	-0.8250727976778394
D12H,A15S	-0.05185739275396434
G43R,F44Y	-4.146216753895494
S28P,E35V	-4.149628044314486
D12N,N13C	-0.33985343317175054
I11N,L16W	-6.094037182058006
K54W,E69V	-0.1530934493352814
A52V,A73G	0.1549286238213624
E50A,I70F	-0.7311817478752556
A32S,G41R	-0.3627309021254836
I2F,D12G	-4.689467454828645
F3Y,S21Y	-0.3953251008460372
A52S,A56P	-3.476868259791595
F42S,E49G	-2.7361908016027803
D58V,L65V	-0.09682273302734556
I31M,G43R	-4.918023486113935
A53D,N66T	-1.8690716621890542
P9H,V22M	-0.13348640229455172
N1K,D10G	-3.482951143763756
A53D,E55G	-1.5662571033091761
T33I,K40Q	-0.7615426923247681
L16W,D18A	-3.635102748129387
I11S,S21C	-3.436709136836383
E55A,Q68P	-1.9263685287654126
A52G,A59S	-0.32146171176343513
K40E,V45I	-2.1422769484271784
K38Y	-0.36849470377930693
A56T,N66S	-0.40842165597483837
S29C,I31P	-2.6592466558554255
I57L,E69G	-0.27473008063358567
E50D,N66Q	-0.21003406206997804
G0R,P9A	-1.6827344410615723
L27S,G37A	-0.6946942556938709
I57V,N66D	-0.08559409699115354
F44V,E48A	-4.0766052298991795
K54E,Q68L	0.15700194373003903
I11S,T19L	-3.0467592861935486
D58V,V72I	0.06263278622350764
K40E,E48D	-1.71832695632286
K40M,F44S	-4.413434909487904
G43A,F47S	-4.220259741344039
G0R,D12V	-3.159796433286239
D12Y,S21T	-2.1675237041935276
D25H,K38T	-0.15764415394996342
E35G,K38E	-0.11055724194954161
E55K,Q68H	-0.14443222270487283
T33I,E48V	-0.1043758573743881
I26S,N36D	-4.339303295855494
G51W,E55H	-0.27685194067272917
F3S,T19S	-3.2424583420331956
S28P,E35A	-3.999645875309278
E55Q,E69A	-0.03643613035098621
G51T,L65F	-0.16334731265286279
S29G,F42I	-2.7799166808606355
N6H,D10H	-0.14894906670493513
N66H,Y71F	-0.544640841031206
I31L,E49A	0.11540997992027122
I4T,D18E	-0.8214830319351906
S39F,E48V	-0.4547992337502361
I4M,K5E	-3.3916944068614967
K54Q,A59D	-0.4963720242607382
I31V,E48V	-0.04015015626448337
N6I,L7W	-6.347132377182767
I2V,I4F	-1.5027379330466415
A56G,A73V	-1.0938538996177083
L7S,I11M	-3.9517014077766794
L7S,D12A	-4.350502243217736
G51D,Q68D	-0.26364159865699816
I57N,A59T	-0.7415179014472082
N1H,I2T	-3.9780871930811603
D25N,E49L	0.012456580961059505
A59V,G67V	-1.5722597405129424
I70M,Y71F	-0.2959954867415626
A59T,G67D	0.03501503399604723
N13F,F20L	-1.5045534166315668
I11V,D12V	-1.8301071176667199
G51D,P74A	-0.05082841805686498
T33C,S39C	-1.0190656460742264
D18A,F23V	-1.8170096449522632
D34G,F44L	-4.40408530451809
F3I,S21Y	-3.1497282429439664
N66G,E69D	-0.22015754843589824
L60M,Y71F	-0.47676945258634984
E35S	0.335643933727874
A56P,A59V	-3.63954202018425
A53D,N66K	-1.1269935342568131
D58A,N66H	-0.31405508301868146
K14T,S21C	-1.3511808898783908
N36I,E48Q	-0.2456390053762792
D25T	-0.10589497873353063
K54N,A59V	-0.1330351129401406
A52D,E69T	0.047311713069111076
N6T,P9H	-2.0462612902362105
G51D,N61T	-0.025518011291112627
G41S,E48R	-0.03736868304890145
I31S,G41S	-3.261478912825759
A52G,E55K	-0.44440816941435524
A52V,V72L	0.10456199172417041
A32G,F47I	-3.5845560086206976
A53T,M63T	-1.124036811337711
D34E,V45D	-4.960071975085081
K54L,N61K	-0.16310639948048722
G51N	0.07470396977620855
S29G,T33K	-0.8607681579100559
I4S,N6S	-4.4402931895615385
K38D,E48V	-0.3152710023848487
D12P	-0.9151849053998498
A59V,V72I	0.12088107356647622
I26M,T33I	-2.658346102919124
K30Q,K38N	-2.135113680830183
A59P,V72G	-5.61347896742571
T19I,G24A	-2.303827951250703
H8Y,L16W	-5.073318554553494
N6S,T19N	-1.5079887474214941
H8Y,L16F	-1.4171798545072578
H8P,D12A	-0.9603154535735174
S29I,N36H	-1.6589362417506766
L60V	0.23756828484365378
G67S,P74R	0.10310923992244866
V45F,E48A	-2.8575997150875088
Y17D,F23C	-3.2061812599271726
E35V,F42I	-2.062235910586541
F3I,D12G	-3.176283184527865
N6K,H8L	-0.7613741707507107
G0A,N1I	-3.7783623502492505
L64V,I70S	-2.2333944155667913
A32V,N36H	-0.17634884038928256
G62R,Q68P	-2.484196102666047
G0V,D10E	-2.3927851174201407
N1I,G24C	-5.8345639458043275
I31V,E49A	-0.03332743026179871
D34A,E35V	-0.012105996197030833
I2M,L16V	-1.7396595624854703
G67C,I70V	-0.2645507492997239
A52D,P74T	-0.1422452753067276
S29N,H46D	-3.6433933235113782
I2M,K5Q	-3.6562966829064236
A53V,V72F	-3.622699954076936
N36Y,F44V	-4.557496551216774
T19I,S21P	-3.9340205715982384
S39Y,G43R	-5.3999749163500015
S28F,K38M	-3.318727307838925
K40E,G41D	-4.2454094212256015
E55G,G62V	-2.395496218539384
A56T,I57L	-0.6427123592171085
K38T,F42I	-2.27762140888958
D34Y,H46P	-5.041660815186772
E50G,A53D	-1.7703632983040638
D58Y,P74R	-0.034075422483728406
N1D,A15T	-3.049575483466844
D34E,N36Y	-0.17890041018938266
G0V,F3L	-5.0730659263756355
N13K,A15T	-1.6116749428912283
D10L,N13S	-0.07747013865512654
G0V,F20S	-3.462753879183648
E55T,Q68H	-0.0802129776777886
E55N,E69Q	-0.12644693370596935
I57L,Y71N	-1.2146360958860878
D25T,A32V	-0.21244176386097835
G51A,G67V	-0.8527325148963413
G37S	-0.039954726006319885
G0V,L16V	-2.932398823804419
A59P,G62C	-4.293590998373689
N36Y,F44C	-3.6140889817920483
G0S,V22E	-1.2447505715798777
K14R,T19N	-0.763816963069446
K30T,F44V	-5.272093009378991
D58A,N61Y	-0.2547406289725129
D10A,F20C	-0.13755526601413182
G51R,M63T	-0.36283807609975366
E55K,A73D	-2.4422884846541826
T33P,E48G	-0.6964988447309596
I2L,T19I	-0.3182782395886621
I2S,P9T	-4.276445351820984
I31N,D34L	-4.115661774333999
K30T,A32S	-2.2762598861462435
A53G,D58H	-0.40697563208613136
E35A,S39C	-0.6896793019011805
A15P,V22A	-3.3776803317390147
G51A,L65F	0.0952009358672467
A32V	-0.3523996796049463
I57V	0.23713516603111004
I4N,L16F	-3.3485227363238916
S28T,G41R	-2.2033507433550463
I11V,Y17C	-1.148534597106511
I11T,G24C	-4.4915256265129315
A59G,L65F	-0.21685570929352563
P9H,A15P	-3.3184868076069716
K5G	-1.6975076441055421
D12Y,V22M	-2.019616824410101
L60V,P74L	-0.11117926143940758
K30R,A32G	-1.5045172164514888
E35V,G41A	-0.3619662989370566
Y71H,A73G	-0.2525118001637119
G51N,I70V	-0.05825262493887107
G62A,V72L	-0.5528322339356732
K54T,N61R	-0.3487543439476654
K30E,F42S	-5.536705442098036
L60S,N66I	-0.580347006816968
S39C,V45D	-5.544675551264268
D25G,N36T	-0.08230584157422569
V45F,E49G	-4.1493040060087765
D25V,G41A	-0.10742492515399849
G62A,L64M	-0.31630448540376915
L7V,T19L	-0.45216305117251654
S29R,F47I	-5.247119097367142
D25Y,F42I	-2.203519335188241
I4T,V22M	-1.0407207789868658
G51R,D58S	-0.09789393819098578
D34Y,F42C	-2.54617313966956
K14T,D18K	-0.5704287427117556
G51D,M63R	-0.46387148418689933
F44S,H46R	-5.320249940778957
I4F,H8N	-1.9139535464265232
I11N,G24R	-5.990837743045376
G37S,F47Y	-0.6535403499079553
K54E,V72I	0.10933505319589351
L16S,Y17C	-4.321174546253072
A53P,L64R	-1.9654367897973093
E50Q,K54T	-0.2965380031756213
N6S,Y17H	-0.26602290661855266
A52G,L60M	-0.7035489802722296
D25H,H46L	-1.8985205632678077
G41A,E48V	-0.17887004004934115
K14E,A15V	-1.9561224759916649
D58Y,M63K	-0.4079760559327006
I2M,F20C	-1.1742263815643699
F44L,H46N	-5.3149492088126244
D18V,F23C	-2.056723176825698
D12S,N13S	0.05731697378544519
E50A,A53D	-1.3137969071290923
F20C,V22E	-0.6920175065273143
A56S,D58V	-0.299014016828895
D34R,G43A	-0.40255738854870116
K54M,G67R	-0.22055162569028805
D12N,V22G	-0.9216499130776681
G62S,A73P	-3.9027924554005424
I26F,K30I	-4.706638171549686
S28C,F47I	-4.091874238018603
A56P,L65M	-3.600135188823147
P9T,T19S	0.05649982287830463
A59P,L65S	-4.15207379317229
M63V,Y71D	-2.3639495932671863
A59T,Y71F	-0.13186913389204835
D34S,E48D	-0.19000773605594654
I70M,V72L	-0.07191105786274991
L27S,I31N	-3.2666378445618345
A53S,L64R	-0.04282745883436198
D18V,F23I	-1.0747809613691481
D12Y,K14N	-2.8399734290108594
E50Q,A59G	-0.42135457912280705
M63K,I70M	-0.26701710020490677
K30N,E48S	-2.2399227662963
D12H,T19N	-1.5432308016769494
I11K	-3.0155756649148118
A52V,I70V	0.0020628376093062284
I11M,D12N	-0.9754099209767121
H46E,E49Q	-1.0810388460577487
K5R,K14Q	-0.9824789091150792
E55K,I70S	-2.2687617394285144
L27W,V45L	-2.31233607427309
L65V	0.2119860683704015
L60V,Y71F	0.01882965130760815
I11L,A15D	-1.0068400272669527
E55A,Y71D	-2.197448971363073
E50K,A56G	-1.151711872112606
S39F,F44S	-4.477900644587544
I4C	-0.6112907023223162
I11F,S21Y	-1.2354232048901488
P9T,S21F	-0.3910886783203402
L60F,V72I	-0.5101411411166145
H8P,V22M	0.05572572024677615
N36D,V45L	-1.5798514439408886
H8R,N13S	-0.28884459331088436
N1Y,L7F	-5.111956795253626
D18Y	-0.40958161968431095
S29G,K40N	-2.237036163830075
S29V,H46D	-3.169857172656549
A53S,G67D	-0.1562601790233096
A15D,S21T	-0.699555552880436
A15T,Y17F	0.13767319280189322
H8Q,T19I	-0.9450351019987749
H46F	-3.1221300400114385
D58E,M63L	0.1298704673642757
D10H,G24C	-3.1780770546682673
D25H,I31T	-0.5175995814603459
L64R,Y71F	-0.3588805766320777
K40Q,E49D	-0.6702944664017075
E50Y,A53P	-2.5768089092679953
A59S,N61S	-0.07596466549536345
D34V,G37E	-1.3694850876758766
D18H,S21Y	-0.44668821671345976
L65K	-0.9242269071901938
E35D,K40T	-2.7056929825788893
G67A,A73S	-0.4831786000384741
N1Y,S21Y	-4.333004800828805
K30M,H46L	-3.3337916654399606
D34V,K40T	-3.0261767935885056
D10H,K14N	-0.6622362599985159
L64M,G67C	-0.09608809576423198
G0A,L16W	-4.02364700173106
I2T,K14T	-2.0565095429842897
G51L,E69D	-0.4221801129519147
S29G,E49A	-0.4187132925418305
L65F,N66K	0.018053432414306195
S29C,F47I	-1.8956266888890938
L64S,G67D	-0.3448989279214031
D18E,G24R	-3.8849507914760535
L27W,E48K	-0.22280082541774499
A59V,Y71S	-1.051157702341973
I26V,E49K	-0.20180987918311083
H8L,L16V	-0.9894031043821558
G37R,E48L	-0.06245911820090739
D58Y,P74T	-0.24928615345676003
I57F,V72G	-3.175101556768129
N13K,D18G	-2.300192407610297
E50G,L65S	-0.7938139154467605
D25E,S28T	-2.365623200144146
L16V,F20Y	-2.918359222189061
A53S,I70F	-0.92137951196601
N66K,A73T	-0.3428717630842367
H8R,F20C	-0.6165954912424605
E69Q,P74T	-0.10535170816364813
N6S,I11T	-2.085787861654158
F3I,F23C	-4.227405316692522
S21V	-0.30709284533256664
N36I,F44I	-4.567313010687255
A53V,I70N	-4.1996106954391434
F3C,F23V	-5.303123715775075
N61D,N66K	-0.10663952326065453
E55Y,N61I	-1.53872074673459
G0C,N13H	-1.6638938160816577
I2F,D18H	-3.9170530952243388
K14Q	-0.7386815303243435
N1K,A15D	-3.508567883849768
E50G,A53V	-1.1638915423844685
K54T,N66M	-0.3335791989053457
L60V,M63T	-0.14959308534130927
K40T,F47V	-5.561884755039069
D34E,G43E	-4.85109817477359
I26N,F47Y	-4.465365266960591
N61I,Q68L	-0.9588478300415402
A52S,D58N	-0.06522443641985273
G62R,G67R	-0.41832442510888773
S28P,F47V	-6.197199635294285
F3Y,I11V	-0.3222911949214323
A52T,I70V	-0.0795413634379708
F3V,N13I	-4.370890362332792
F44Y,E49D	0.019807986269747314
E50V,A56T	-0.40340432897792367
I2S,H8Y	-5.203481021740655
D58V,L60S	-0.5508344069970927
E50G,L60W	-1.1319430060680413
A15T,S21Y	-0.1390119858355652
E69V,V72F	-2.6033255255648333
L7V,D12G	-0.9906997155267867
M63I,P74A	-0.16760610826016947
A32G,N36Y	-0.6674313759084629
I26M,N36K	-2.3602536392236546
I26M,F47S	-6.167874880805905
A32P,G41S	-0.5155587872260654
I4S,S21A	-3.56443205286813
N1S,S21T	-3.504083450441271
D25A,V45F	-2.906245686867402
I31F,F47L	-3.9002268175595827
A15C,V22A	-0.6101662399749136
E50S,E55V	-0.4249854343354258
D10H,F20S	-1.5626578529630901
K5E,I11L	-3.5829960177199602
N6D,L16M	-1.9673802097880861
S39T,K40R	-0.27722027127774984
N1K,P9H	-3.040410677507235
I4T,H8S	-1.2352557482083473
I31N,E49K	-2.1330317753825137
S29R,H46R	-4.7289678758401035
I2T,I4F	-2.69067889878582
A56V,N61T	-0.33203516025206437
E50Q,L64V	-0.158490799339881
E50G,Y71N	-1.4714358586493304
D34E,H46L	-2.137911313489968
K54E,A59L	-0.29156674918181386
I31N,D34E	-3.713353115789681
N61K,N66I	-0.2983796973600571
E50K,A59S	-0.2678314645258312
E55Q,M63L	-0.1201285930965957
G0A,P9L	-0.5143686053912002
E55K,A59V	-0.3217014925236962
E35D,G37E	-0.3258435813535875
N61D,P74L	-0.27097570917994007
K54M,A56S	-0.2294625201080282
D58A,L64F	-0.19801234738458628
L16W,F23Y	-4.756345345374484
N13F,D18V	-1.586766772237936
S29N,E35Q	-0.8376206783774337
G67C,I70T	-1.8245209430688953
K54Q,I57M	0.018048275268544682
K14M,S21T	-1.008360688626735
N13I,F20I	-2.0251786549830273
I26V,F47V	-3.431857935948182
D34A,E49G	-0.3965533319585198
I26F,G43R	-7.15400575561631
D25H,G37E	-0.3309487430061833
S28T,E48L	-2.3151057453194976
D25G,K30E	-3.539527382418655
L64P,E69D	-0.19137123345870777
G51C,K54T	-0.06975180521652466
H8D,D12V	-1.7528129872187148
I26L,E49V	-1.116947802570071
N6H,G24S	-2.532498847292179
I11S,K14M	-4.027736597146854
I57N,Q68H	-0.7580525416578923
I11T,Y17H	-1.1896482665284205
D25G,E49V	-0.07795702337923896
A59D,E69V	-0.47390555181086114
F3L,T19S	-3.0938442317869104
K5T,I11V	-4.15043106079138
A53S,I70V	-0.08895976770648242
F3Y,D10E	-0.2432269172585938
I2L,N13Y	-1.2251889787340473
I4N,S21Y	-4.201658061043866
A56S,N61K	-0.30938483771007097
K30N,G43A	-2.126077568418088
K40R,F44V	-4.135583243103863
S29C,N36A	-0.21444081107085164
I2V,K14E	-1.8002598716654687
H8L,F23Y	-1.0337813175001647
E55A,L65W	-0.543623317019605
L64E	-0.6244999977443679
A53D,G62S	-2.2722519808801342
F3Y,V22G	-0.780787678476076
I57N,E69V	-0.7207468332640767
N36Q,V45A	-0.6218341423988225
F3S,I11L	-3.9879385749103893
E55G,N66H	-0.5750046112120544
L27S,N36Y	-0.47491431803648804
A53V,K54T	-0.8496872323407761
F42V	-2.085209832274309
N13P,V22L	-0.5531088350953611
K30N,H46P	-5.884965458030884
F47V,E49D	-2.8975761838641603
E50K,V72I	-0.08849312871772916
N6S,H8Q	-0.9589095617157269
I57L,P74S	-0.26119602805538794
Q68L,V72T	-0.5627009110523566
H8P,D12V	-1.2709567174236591
L27K,G37A	-0.5680395492952428
I2F,N6S	-4.71433873513266
D25H,A32G	-0.5131427060764987
L7F,V22L	-0.6350664685533691
E50D,A56S	-0.42434942776156803
G37A,G41V	-4.111159105110716
K5R,P9V	-0.4435996235352436
K54R,N61I	-0.9435087480824484
S28A,S29I	-3.5667162112186994
N36T,K40M	-0.5874587459358636
N1H,S21Y	-4.195726022947128
D12H,F23I	-1.804736532496197
L64R,A73T	-0.4582284750868247
G43Q,F47L	-4.8620192828946625
I26N,S28F	-6.3874890765757675
I26L,N36Y	-1.1520803334753342
V45L,H46Y	-4.4194387970048
P9V	-0.09579443470106548
I26V,L27S	-0.7799758779636182
H8N,F20Y	-1.8767141921782058
D25A,S28T	-2.190288382123919
A53P,G62R	-2.295797307894519
K54M,N61H	0.015118861982571154
I57T,M63L	-0.15459687424987703
A32P,E49V	-0.32622344304770423
S28T,K38I	-2.4683444779091985
D25H,V45L	-1.4192040333680633
L64P,N66D	-0.142591111437804
G62S,Q68P	-2.6945207476177453
D58A,A73S	-0.3563106455580247
D25E,K40R	-0.007063996993240368
L27V,H46P	-5.774983775426531
I4N,F23V	-4.976098490534595
G0S,A15S	-0.5373429190376418
Y17N,F23V	-1.9924099507166977
K14N,G24C	-3.9325208951813235
E50A,N61S	-0.1552323127473223
M63V,L64V	-0.05373873398680218
A53S,P74A	-0.05386348040824179
N6T,K14N	-3.1425122528337033
L7M,I11T	-1.9844474569897121
N36Y,F47C	-2.990143708232668
G37V,S39C	-2.2191595852564956
A56V,M63K	-0.34316492712631486
S28F,V45G	-5.391668898539589
N36Y,K40T	-2.76739975188855
E69A,P74A	-0.0659696050133566
A52V,G67S	-0.04512632104557125
E35A,F42G	-3.181253495729381
A52V,M63V	0.05286064224371889
E55G,I70L	-0.1096062571268994
P9C	-0.6117610592780063
I11S,S21T	-3.3713532494295566
A15L	-0.3529731783605239
K30E,K40Q	-4.795346994299724
S29N,N36I	-1.5125806974894092
L27S,S29N	-1.4484736259934716
G41A,H46Y	-3.2318518655044968
D12Y,F23S	-4.857797066842634
N66A,Q68H	0.0865047650017288
I4F,N13Y	-3.134610431292937
E50D,G51V	-0.06051725207427987
A59G,G62D	-0.9922321621494138
D12G,L16S	-4.145786934194926
L7S,T19N	-4.470751388245223
L64P,N66I	-0.19861907971351125
S29G,G37A	-0.982786369287156
S29C,K38Y	-0.5450552578108248
P9L,D18E	0.09808942152334865
D12E,F20Y	-2.8732873395417924
F20I,V22M	-0.6641106737511814
S29C,A32V	-0.3349810940819065
L7W,N13T	-3.6345083490030947
I31L,F44S	-3.3315760012046005
I11V,D18V	-0.4371007138349998
K54M,G67S	-0.15436604558410622
A56S,G62A	-1.0262674560188125
D10E,V22M	-0.26274679472945145
F44L,F47I	-5.684821263705095
G51D,I70C	-0.3281835349786727
S29C,N36H	-0.11705708698495809
A52P,Y71S	-1.3151437676716935
K54M,P74R	-0.025280248542326026
H46L,F47I	-4.060765615786478
K54T,Q68A	0.003509988770664607
K5S,D18V	-1.6633510623903751
H8R,D12H	-1.1269592450014552
F3L,I4F	-4.690771947222609
K54Q,I70S	-2.2016300057869724
L7W,H8L	-4.443959183599402
G67S,V72F	-2.9212456821439283
I2T,N13Y	-2.1819955207172548
A53T,P74L	-1.0348967748341353
N13T,V22E	-0.18704362563965837
I4S,L7F	-4.772637183707927
N13Y,F23V	-3.2392026233430946
A56P,G67D	-3.6341986654047904
G67A	0.0934576043890349
I57F,Q68E	-0.9451689015286097
L60V,I70F	-0.5544943189844657
D25A,F47C	-2.244696217265108
N66K,E69A	-0.024714090003629147
D10G,I11S	-3.5074414676546684
D58A,A73G	0.14052821073177527
E48V,E49H	-0.19471073944673073
G0C,Y17H	-1.390658022137115
G0D,I2L	-2.2062821947463123
L16M,F23I	-1.5719887777036698
D12V,K14E	-3.1328722539013696
L27S,F47Y	-0.4468507108864996
F3L,L7W	-6.163801233276371
I31N,G43E	-6.317558062239527
S29T,E35G	-1.0034925528145058
M63Q,E69V	-0.2695343472269291
I57M,V72I	0.09433910405358106
F3V,Y17S	-4.413310864272011
K5E,G24R	-5.711948773213643
K5T,D12V	-4.867312686232152
E55K,E69V	-0.28900737358063705
V45G,E48V	-2.011344723943171
H8Q,D18E	-0.20514160449066576
D10A,T19P	-3.6533978274749717
S39T,H46L	-2.3287916565015636
S39C,V45G	-3.9905544312830457
L27M,F42Y	-0.2902888357759663
N36T,F47Y	-0.05973004192091047
K5M,F20V	-4.180889595746024
A52P,E55G	-0.4729173985113375
L65V,E69D	-0.1539626466673915
N36K,H46Y	-2.921769756825885
N1T,L7W	-6.740756077641798
N36K,F42V	-1.7070306636324426
K54T,A56S	-0.2564540292463196
H8N,A15S	0.0019897113953853025
I26T,G41D	-5.23799829406968
L7I,L16V	-0.8821844876844419
K30T,F47V	-4.545308313419832
S29T,G43R	-4.986424802004473
E50D	0.0031490008393563057
A52T,I70S	-2.8756433416277405
N36K,K38L	-0.051685437135609
G37E,G43R	-4.997510108199427
S28C,E48A	-1.2617825228543758
E50D,G67E	-0.23665548134278422
T33S,F47I	-2.5482462748567074
K54N,N61P	-1.1977229784319836
A32V,K40M	-0.7813709866855985
E55D,D58A	0.019264180442689086
H8D,T19A	0.027748329688723213
G67D,P74T	-0.09085268700833106
A53T,Q68P	-3.5238269208451345
E50T,M63R	-0.5776325312791917
D58G,E69Q	-0.04983843699959371
K30Q,K38Q	-2.177742736600668
P9R,F23C	-1.477880257026513
K54Q,I57N	-0.8591376431690589
A52P,I57N	-1.1870692821037498
K38Q,F44I	-4.282923561023478
N1T,N13I	-4.5153717020153845
I57L,V72A	-0.2337493485494022
T19I,S21F	-0.888177640709527
D18H,F23S	-3.2398091529863047
N66Y,E69G	-0.5468119138075436
I26M,S29R	-5.5863717374809365
K30R,H46P	-5.138986003149947
K5M,A15D	-4.083637703632381
A56G,Y71H	-1.5744193417950074
A32P,G41D	-3.032113995386467
G62D,Q68R	-0.35990195998248814
G43E,H46Y	-6.033191451215873
A53S,D58T	-0.12585339451771235
V45L,H46Q	-1.9000515058331904
I26V,K38N	-0.42866390018643324
D12N,Y17N	-0.28571540862652944
L7S,S21T	-3.3877928109778757
L27S,D34A	-0.5089694781066222
I2M,D18H	-0.7830068893909543
I31S,F42S	-5.067098291955688
S29T,H46D	-3.5451132462058537
A15G,S21F	-0.7340191690850365
E50Q,M63L	-0.17865017574734765
H8N,I11V	-0.41063376843901644
N1D,H8Q	-3.768013301474835
L27W,G37R	-0.8344048750792329
N13S,F20I	-0.21919328219508288
A15S,D18T	0.22908534570950279
L16W,S21P	-6.013634157501663
N36I,K38Q	-0.3269303372326593
K5R,T19A	-0.014834230266793064
G51H,K54Q	-0.24418837697530932
E50G,A53T	-1.3690544370997912
D25E,G43R	-4.207285494858925
N1Y,Y17H	-4.0571676868879285
G51C,E69D	-0.3475345817387092
I2V,I11F	-0.80685972304081
D25H,K30R	-0.6749237903997785
H8Y,S21P	-4.498006908128089
G41S,F44I	-4.509948656866449
E50S,D58E	-0.04809154956747855
K5Q,A15D	-3.752991675589894
D34H,K40R	0.07802899240543981
F3V,I11L	-4.280280219261318
D10V,D18R	-0.3291636015674159
K14N,G24D	-4.337617622854162
N36I,V45G	-3.4525172684741676
V45G,H46D	-4.447948117514726
T33N,G41D	-3.174162665652834
K5E,A15V	-3.266577016944267
I2M,K5T	-4.17451273220727
D10V,I11M	-1.0613279849977642
A53G,N61D	-0.338395366808216
I31V,D34V	-0.48241641626019777
D25Y,I31L	0.10688205240291593
G51D,N66S	0.02267464617022788
T33S,N36P	-1.2920758954592362
A52D,M63V	-0.07721176706430595
E55T,N61T	-0.2002029160626168
P9L,F20S	-1.65218134935748
F3S,N13H	-3.6597654210133523
G51S,L60W	-0.7219958259768204
A52D,G67C	-0.3245511652137868
H8Q,D18Y	-0.7126884411399133
S28C,A32S	-2.0233245254585777
E55D,Y71N	-1.0482980783706237
L27F,H46P	-5.557867700107195
A52T,P74T	-0.16791793330268642
K5T,A15D	-4.187024719426306
S29R,N36I	-3.4682695557727694
D25V,N36T	0.041197852418957695
L7V,H8R	-1.0548324549293282
D18H,F23I	-1.0625620503452118
A32S,V45A	-1.1551538017315817
K5Q,F23C	-4.765535421026991
G24F	-3.5565787636378463
N6H,L16W	-4.626872839514128
S29G,G43A	-0.3608032250548304
G51C,I70M	-0.09847710539826511
D10S,Y17H	-0.01903272808733903
A52G,L60S	-0.900214596220288
K30M,E35Q	-1.0647895457364074
E55A,D58V	-0.27401790742220483
G0A,I11C	-1.8123660144372062
I26T,T33S	-2.9939265925354333
G37A,H46R	-2.7479640569428874
N61Y,Q68D	-1.2731199750800202
D10G,S21F	-0.6942893150573922
G51R,I57V	-0.08716393026596433
E50G,A53H	-1.977081858356107
Y71C,P74A	-0.9146944170379131
A52P,L65V	-0.24850725504742943
A56V,I57N	-1.500130935853085
A52P,N66A	-0.22987159306516305
E50I	-0.2714340974696866
I2L,G24C	-2.9183163710542184
A53S,E69R	-0.11425426264530493
N6K,I11L	-0.9449697104459434
I31F,S39T	-3.4174413744542047
V45A,E49V	-0.6050536088230295
I57L,P74R	-0.10334048244594765
D34V,N36R	-0.5954725339110172
H8R,D10N	-0.6864235371766976
N61H,Y71D	-2.051523026529977
N13Y,D18Q	-1.0339765095317108
E50D,N66S	-0.2656465073490846
G51R,G62R	0.21289712102648992
I57V,Y71S	-1.0108895137766847
I2L,N6S	-0.29152660318828094
F42L,E49G	-3.4670030206758757
I57S,D58Y	-0.8068829646699336
I2L,H8D	-0.00665660106809755
L27F,V45A	-1.209802650172382
N1K,S21A	-3.1521872740037145
K54Q,Y71F	-0.259276425828283
N66T,I70V	-0.10944110622594705
S39P,G41C	-0.13602303247661932
G41V,F44L	-6.38458789385991
N61S,V72I	0.14066541132506802
D34Y,S39Y	-1.5684419669734813
A59G,V72A	-0.3659505839678139
I4L,D12E	-1.1433046923675068
S28F,A32S	-3.9531545447241068
N13D,S21P	-3.5092911742464565
L27M,I31S	-2.328657590230397
A53V,L64A	-1.0255054073077263
A56G,L64P	-1.0674550556548976
N1I,K5M	-6.092411586425886
K38R,K40M	-0.6385273584882318
A32V,E35D	-0.1386521602589452
E55A,G62C	-0.5189801364864822
A53S,K54M	-0.0713401463346234
K54Q,L60W	-0.7863028420921676
D25V,A32S	-0.2945103748339368
I4T,H8P	-1.145291975304018
L27S,T33N	-0.6686538802110629
N6I,T19I	-3.268598771385097
H8D,P9H	-0.005613313045231508
G51V,I70S	-2.3708179075886293
N66T,Q68H	-0.01425107323462515
L60V,V72I	0.19756786425326905
I31M,G43E	-4.841210771326257
D58G,N66I	-0.16931099948127876
E50D,K54H	-0.3578836284561142
N1H,I4N	-5.78588088734408
E50K,E69N	-0.3224394421321806
G37R,E48Q	-0.02141596849862601
I11V,S21P	-3.702930141937959
E55Y,D58E	-0.1711046878508496
F44I,F47S	-6.776897997081288
G51A,A52G	-0.19118504646021667
E50L,A53T	-1.3488460096117014
P9T,L16S	-3.4209140400091065
D18N,F20I	-0.46834122638003434
N61Y,N66T	-1.0317110328466137
K30Q,E35G	-1.8502374934496242
D25G,G37R	-0.09904931858872462
A59G,P74R	-0.16550195924567773
K14N,F20I	-1.9818620506413236
G62A,A73S	-0.9304814388660032
Y71F,V72G	-1.9826011384339683
H46C,F47L	-3.0060550249181355
N66Y,P74R	-0.26184900528426713
L7W,D12N	-4.454716166578371
I4N	-3.3952221422019693
E55Q,N66I	-0.24046143991505
Y17C,V22G	-1.4295069555859965
G67D,A73S	-0.3151606877326639
F3I,L16F	-2.4631476394778775
F42V,E48D	-2.1785083326964543
D12H,F20I	-1.8845712608793004
N6D,P9A	-1.0968719913280007
A52T,V72G	-2.4190704018830225
G62S,I70L	-0.13705624624223148
E50D,Q68G	-0.4595978626090159
I57M,E69G	-0.16927376331335386
D12E,K14R	-0.3668927392352114
G51W,L64P	-0.14130102237785463
E69D,Y71N	-1.3838199041913608
K30Q,V45I	-2.350735438053632
K40Q,G43V	-5.070017122439339
A52D,Y71S	-1.041122163627317
T33A,F44S	-4.028520724894071
A59S,I70S	-2.497529848617194
A53G,Y71N	-1.2238290695891374
A56T,L65M	-0.3795131465614636
H46P,E48G	-4.92905621794195
K5N,N13H	-2.6361040964659517
S29G,N36I	-0.9344591782794811
I4V,G24V	-4.069427234963439
V45F	-2.9999742108421934
M63V,N66R	-0.25037604486256715
E50V,E69Q	0.0023234165970709916
D12N,F20S	-1.7976180589180868
F20D	-4.114761343095028
G0S,N6D	-1.850975928977999
I26S,G41R	-4.689028526930919
F3C,F23I	-4.709887539348463
I26S,G41D	-6.177676405288573
M63L,N66I	-0.011980465525844149
D10N,Y17F	-0.3614458431210349
A56S,N61Y	-0.8734747833681042
G37A,H46Q	-0.9524515834858456
I4S,D10A	-3.5813178756480695
I57T,E69A	-0.06135501563230403
G51C,A59T	0.02237377980717311
N6Y,H8Q	-0.9991630776289451
A59V,N66K	-0.1026456484252404
K30D,N36K	-2.6773428923010405
V72I,P74R	0.23512333883901163
I57S,L64Q	-0.8388723925962335
I26S,K38Q	-4.512464856581923
K30R,K40R	-0.7509680117777251
K14R,L16W	-3.911638947761837
I26T,E49G	-3.1046317212755725
S28G	-2.220724179267363
N6K,T19I	-0.9029006664290762
I31L,S39Y	-1.0572192255359212
P9S,K14R	0.05898282687374573
E35Q,F42S	-2.395321597877845
L27M,H46R	-2.6013461737175625
L27W,E48D	-0.7709505529673091
I4V,N13H	-0.34594484599281816
K54S,N66K	-0.19418538134530605
L60F,L64R	-0.7226080599886202
I31F,E49Q	-2.25799110451055
I26F,G43W	-6.6894504084723
V22L,G24D	-3.033795587182353
E35A,K38H	-0.21426772821490236
K54R,L60F	-0.7217893713859116
I31L,F42L	-2.615357392288468
N6I,P9H	-3.396253602226964
I31V,F47S	-3.688615750141959
A56P,N66H	-3.797321661894269
L7W,K14N	-5.1510152845201524
S39P,V45I	-0.677597036653895
N36T,K40T	-2.678897220022022
I4S,I11T	-4.914787091042789
A53G,L65W	-0.6157215757860752
A53N,L65F	-1.5489633453684202
A52V,L65S	-0.5269336012426927
S28F,T33I	-3.6379462683868415
K40T,V45D	-6.059403384691833
H46N,E49D	-1.5737710260726612
M63R,P74S	-0.6307002513596033
G41R,H46Q	-0.4123326404229154
K5R,F20C	-0.488169394465969
A59G,N66Y	-0.5944347584315722
I31T,F42V	-3.354688880260108
A15D,F23L	-1.6487769254066866
I2F,K14Q	-4.547616177763403
I26V,K40Q	-1.1339122028799595
M63T,A73G	-0.26219912430249737
K54D,G67S	-0.2239572439818093
D12Y	-1.8796713898157775
A53T,K54T	-1.0264611927252965
A32T,F47S	-5.384135621909552
S28P,S29C	-3.88437803479484
N36A,E49K	0.03430380786447062
E69T	-0.06533871081189661
I4C,P9H	-0.927420287173749
S39P,E48Q	-0.12942026845172783
A15G,D18G	-0.5890778549002829
N61K,I70M	-0.08269521002424596
K54Q,L64R	-0.121244844121489
D25N,I31L	0.16702989383689942
I26M,A32S	-3.2360051572012893
F3C,K5E	-5.531049282332486
G51A,E69A	0.0792638236914815
V45G,E49K	-1.973048994026625
K38N,E48K	0.1342118691686961
K14Q,S21A	-0.7055383834691893
I2N,L16S	-5.331718522463524
A56T,A73P	-4.249470461890276
D25V,S39T	-0.09318715073379433
D58V,G67R	-0.23930516533124685
A56V,D58K	-0.3203629261008082
N1S,H8Y	-4.147279522582247
E55A,M63R	-0.651571954482911
E69A,V72G	-1.7502668343320564
I57M,E69L	-0.22839226743133045
F42C,G43W	-5.580970536177811
N6I,A15P	-5.466716230662946
G67R,Y71S	-1.4173209421976982
K5R,G24D	-3.587976088497345
K54M,N61Y	-0.49263715431548055
K54E,L65S	-0.5152061170359221
F3Y,I11T	-1.2271385728200301
L27W,A32D	-2.2097328943716588
I31F,F44Y	-2.8603651479934142
A52T,P74S	-0.1254277628409866
A59P,P74H	-3.862095098772037
I57V,I70S	-2.468582154295666
I26F,K30M	-4.8670128783449
L64R,I70L	0.09142996630686114
V45G,H46P	-5.551145558345011
I31V,G41C	0.10548726511037711
I57L,I70M	-0.2923484402039741
N61K,E69G	-0.10512616103879673
I11M,F23I	-1.82471452813103
I31F,K38N	-2.6019171492696795
L7F,S21F	-1.2970900473094418
F44L,E48G	-4.202332748297715
H46D,F47Y	-2.543859706559723
F3V,P9A	-3.9102355760093737
M63I,Q68R	0.15685894757752927
G51H,A53T	-1.187828056605423
A56V,D58H	-0.2241968747109211
A52P,L60F	-1.067285926365454
I2S,T19A	-2.7866674266890774
F20I,F23Y	-1.7942042919923096
I4F,A15P	-4.727187302352202
A53T,I70S	-3.8663615518499137
L7V,V22A	-0.46260026730778364
I11L,A15P	-3.4222098093058135
K38I,F44L	-4.309248383800374
A52G,M63K	-0.4548358401297297
D25V,N36H	0.033516265355828884
E69Q,Y71N	-1.049828879067089
L27S,D34H	-0.3340399912374665
N61Y,V72L	-0.43942900478763974
K14N,G24A	-3.335218941651312
A59P,E69D	-4.255917642819531
H8R,P9A	-0.4288475176029864
E50D,G62D	-0.7679965194402268
K54E,G67A	-0.33128987638160046
K14R,S21T	0.07420716134468877
D58A,Y71D	-2.0977067433054017
N1Y,I11F	-4.759553915596588
D12Y,D18N	-1.8956813668052583
G0A,D10Y	-0.6522037490766415
L60V,M63K	-0.10787439666571084
H8N,Y17C	-0.7336155225516108
K38I,E48Y	-0.671495904068906
F44V,E49K	-4.207121066622955
I4F,K14Q	-2.305085694010401
L27F,V45G	-3.390584142064209
D10A,Y17C	-0.7699022433659042
D58N,V72L	-0.03253825533092834
A56I,L64P	-1.4871781783554578
N13I,A15V	-0.9278312986327513
K5G,V22L	-1.3846626641519628
D10N,D12H	-0.6049536691648587
L60M,Q68R	-0.10788429513088563
E35G,N36D	0.2022662838838214
L27M,F44V	-4.36492588148473
N61I,Y71F	-1.4883991406643275
F42C,E49K	-2.0625005911973773
I31N	-2.78945379122745
D34H,V45G	-3.0187355652088916
I31N,F44L	-6.053548301435955
I4N,N13Y	-4.574752957290247
G51V,N61S	0.013274126050482234
I2M,V22L	-0.6896723831924687
D25H,E49D	0.06288564088260713
L60M,I70F	-0.980568191902312
N6T,T19N	-3.321567631642279
N1T,G24R	-6.881300630566399
I2S,K14T	-5.048182922859976
I4V,L16M	-0.29232736011267635
S39Y,G41C	-1.2518285078560951
N6H,V22M	-0.36050914229271624
I57L,N61S	-0.21248771158400442
S39P,H46L	-2.1778195449114532
E55K,Y71N	-1.3474220822671592
N1S,D12V	-4.583776574016402
D34A,S39A	-0.6964385113352646
I26N,E49G	-4.98514142273097
A56T,G62V	-3.172357718829992
L16V,F23Y	-1.5502717782329445
L27S,A32P	-0.8251186161590955
L7S,I11T	-4.566827282483998
P9H,F20S	-1.646092582946329
A59V,L64P	-0.001340392206960278
G51Y,E55V	-0.45289302613959287
F3I,A15G	-2.971156662171634
K30M,F42C	-3.9537500456923143
A52T,M63T	-0.3156978126165507
F20V,F23S	-3.886874015228986
F3S,N13S	-3.2441576404499246
A15T,T19A	0.45277762690422607
L7M,F23I	-1.7270606634409331
D25E,K38R	-0.08032297516476958
A52P,L64Q	-0.32460364646199014
E50G,G62S	-0.5456808656200819
E48V,E49G	-0.2759666121356099
V45D,E48K	-4.172020713299217
T19A,F23Y	-0.3917867069809835
K54T,N66T	-0.21198491206156683
F42V,E48A	-1.6005247532410967
K54Q,A59V	-0.014766383516018139
A59G,Y71C	-0.8164067408156859
I2N,N13H	-3.025699265846926
P9T,G24R	-3.886910259975769
A53G,Y71F	-0.3399018172328719
N66H,I70L	-0.11566997237176203
D58G,P74A	-0.08400634990676861
E35D,K40N	-1.4522170426726004
A53V,Y71C	-1.4997582788804573
K54R,E69Q	0.011798331006884287
D58H,L64M	-0.18632541466730035
G0V,F3V	-5.144984691457396
N13Y,F20C	-1.235903015617821
D12Y,V22L	-1.7343286399249003
E55Q,Q68H	0.03475868981473376
N1H,N13H	-3.9613655484888355
G41C,H46Q	-0.4714533913453713
G0C,D18A	-1.406591268678627
F23S,G24D	-5.56019347756441
G51R,G67R	-0.08325024236963063
T33N,E49Q	-0.17115909630727583
I4N,H8Q	-4.13549061953819
G51V,L65S	-0.2774635820798238
D10A,G24A	-2.146618260954173
D58G,E69A	-0.048699333431898056
G0R,D12Y	-3.4502475232732883
A53S,Y71H	-0.5644282375786163
N1D,F20Y	-5.010512967679135
T19S,F20C	0.13464451160292323
D58Q,Q68L	0.038722792127509426
G62R,Q68H	0.29825315458151164
A56S,L60V	-0.159688785914381
D25E,K30Q	-1.9647360036803536
E55K,D58Y	-0.46509058235566725
I11N,K14M	-4.1201678134391235
D58Y	-0.18127471362997294
N1K,N6T	-4.4079532843258775
G0V,T19A	-2.1036510690912342
E55D,I57V	0.07858639713090074
S39F,H46R	-3.3281264400401747
S21T,G24D	-3.6042988173088375
D18A,G24R	-3.9268499825708436
I26L,K40Q	-2.122275570963661
A59V,V72A	-0.03912767121396798
N1H,D10E	-4.199223890239129
A53S,N66T	-0.37725443131563474
L7M,T19A	-0.027553671551545686
I11L,F20I	-1.1536668966808765
G51R,L65F	0.04291831002908365
L7F,Y17S	-1.1812888426298302
N1D,D12H	-3.4484847131461946
L7M,V22M	-0.28586406536466014
F44C,V45A	-4.0469030769518195
S28F,E48G	-3.583810619624726
I11F,N13H	-1.009530572301446
D12H,F20L	-0.2737961691974079
L64M,L65F	0.1567223709972287
S29C,K30E	-3.4095792597371637
A52T,A56D	-3.785418268100752
S29G,K30E	-3.780685533283531
K30M,E48Q	-1.0737963868697427
K14R,Y17F	0.014144886110587604
D58H,E69D	-0.4214727151076858
D58N,L65M	-0.1428241197963001
I4V,D10Y	-0.3296509724683963
A52S,Q68E	0.004068351440917113
I31N,H46R	-4.600257198459671
I2L,I4N	-3.0515395876500864
A52T,N66H	-0.3424033947697749
I11S,D12G	-3.8022926866617914
S29D,E48A	-1.2247536948424074
L64M,N66K	-0.05955936107065918
N61S,N66Y	-0.37088464091177076
A52P,D58G	-0.2821355929185108
K54H,A59T	-0.15481710476145405
D58G,N61H	0.0026488612264826614
G37R,V45G	-3.7617850525852488
K54Q,N66L	-0.3097231751469426
F3Y,N13Y	-1.2999575198323448
N61S,P74R	0.17877099257432044
F20L,G24V	-4.118140346766975
G51A,P74A	-0.08598971194978161
Q68E,E69V	-0.05333947275412536
G41V,F44C	-6.45390383797443
K5R,L16M	-0.4914537022030347
K54Q,N66Y	-0.3223213110878694
N1S,K14E	-4.663827629412547
I11M,G24C	-3.879312465568617
I70S,P74R	-2.5247490000465826
E50D,I70V	-0.0428211989496152
M63I,Q68H	0.019852143416762988
N36S,E48K	0.13683453565404205
G51C,Q68L	0.11526734784136855
A59G,N61T	-0.37345273561881254
E55G,A56G	-1.2140393580448747
S29R,K40R	-2.7434362476085625
K38I,E49G	-0.3629991817837402
K30E,I31F	-5.31776045053404
D10Y,I11N	-3.596644872876622
L65W,A73G	-0.2559031523621819
A52P,D58N	-0.33520524146161923
S28F,K40E	-4.583849802779142
N13T,F20L	0.4465690386093051
I57R,E69L	-0.7819265792887752
A15P,D18A	-3.0246567968298064
I4T,N6T	-4.1034167298434285
N61I,P74A	-1.2284997932770167
F3C,N13D	-3.820295247421341
G0A,I11L	-1.2690416387257424
N36C,K40N	-1.6494631757181317
G51E,G67R	-0.04111101772718829
A15N	-0.3980929333212356
D10A,K14N	-0.9356750190435834
G41V,H46R	-5.132840768049494
K54D,A59D	-0.6480676606791085
A52T,P74L	-0.1926008064594796
K40N,E48A	-1.2146145729040458
Y17D,G24V	-4.792890122633382
K14E,D18E	-1.617336198256146
I4L,F23V	-2.558640107044149
P9A,D10H	0.18168930909450393
L64R,V72F	-2.793232671119915
A53T,A59G	-1.2247015851260523
N61K,G67C	-0.7168757057774611
E55Q,N61C	-0.08786922981595352
H8G,D18E	-0.014705729705413291
K30Y	-2.745938130121391
D58N,A59T	-0.07931781386187103
N6I	-2.7107638350072643
I70F,A73V	-0.9689547842912916
H8P	0.0855792610402006
N6D,F23Y	-2.0325242188765955
S28P,F42L	-6.050683956951191
I70V,P74T	-0.022480518471162492
E35A,F44S	-3.763213933554531
K38E,K40M	-0.9185695814847542
A53D,G62A	-2.6173370077490485
D25A,G37S	-0.2458595203372988
S29D,E49D	-1.3539590854741037
N36K,S39C	-0.7024158534883232
F23A	-1.1507216477827678
K30R,G41S	-0.9300759853568585
S29R,S39T	-3.7929065789419947
D34V	-0.3004759107035806
E55V,I70T	-0.7793340186716515
G62D,I70S	-3.7781912328169067
L16V,V22G	-1.4236250753820465
K54T,N61I	-1.0888307798935322
N6S,D10N	-0.6713072515600484
F23V,G24A	-4.2746137156025314
S29V,A32G	-1.2282133594020426
N36D,E49Q	0.013933455477392494
K54H,D58H	-0.3916345182066875
N13T,A15G	-0.17849848591654763
N1S,P9R	-3.232145500170503
A32P,G43E	-4.973995251736634
V22D,F23Y	-1.3115963221897804
A52V,N66S	-0.06070994341433036
G37C,E48Q	-0.15689401236393374
N1I,D10E	-4.182723871843714
F3V,P9L	-3.597859839053178
N6H,S21P	-3.6786581165200065
D18H,F20L	0.3443554588782466
L65W,I70N	-3.766179437055221
G67C,E69A	-0.04887244064020735
G62C,I70V	-0.341993620923667
I26V,F44I	-4.377474542302089
I31V,D34Y	-0.04142226355589851
N13H,Y17Q	-0.5088272005077875
E35K,N36D	0.21211423459875772
S39P,K40M	-0.8564928969940132
K30N,S39T	-2.8633838221369463
D12E,V22L	-0.5684278046764915
I26L,T33M	-1.146038887686539
N13K,G24V	-5.975832183851408
N61Y,M63K	-0.536172693948702
A56S,A59P	-4.225967924002335
G41R,H46P	-4.482950740537142
L7W,Y17D	-5.194940488087324
G51S,P74T	-0.1564877336103385
I2S,D18A	-3.5777358812343043
I57L,Y71H	-0.7813963701006644
K5M,F20L	-3.382605761815274
I2N,F20Y	-4.005208123488184
D58V,N61S	-0.0774878735095837
E55V,N66A	-0.24113943635449958
L64V,P74R	0.04034585075907348
G0N	-1.1726464420073959
E55Y,G62V	-2.541562910280943
E50A,L60M	-0.46242280258157487
D12Y,K14T	-2.9959920392103623
G62C,M63V	-0.41305163303320086
L60M,L64Q	-0.515083679192051
G24W	-3.3359883908416164
L64P,Q68P	-2.096698052425183
K38Q,G43V	-4.552598382120807
D12N,Y17C	-1.0006698740046773
A52V,E55H	-0.19096559664154358
A59P,L64M	-3.699018703323054
E69V,V72I	0.17338306119959404
D25E,N36T	-0.029776602848581066
H8Y,D12H	-1.6151872016062494
A52D,K54M	-0.04800968960889686
D25V,F42Y	-0.24066839643166427
Q68E,I70M	-0.27785424949233095
E35D,G41D	-2.2038355950848296
G0S,T19S	-0.5653988652236173
N66Q,Q68L	0.07683252396167865
G37R,F47S	-4.779442395437517
G67V,Y71H	-2.26648183574101
S29I,K30T	-3.0551184392415847
F42C,F47V	-5.496810403533081
P9T,K14E	-1.5197171453883445
I26N,S29C	-3.8913535753856934
G62S,G67C	-0.9491923084658394
A53F,K54E	-1.1117260624586855
L27Y,N36H	-0.2684942983545827
A32P,K40R	-0.3544679767357801
V45G,E48D	-2.70709861971563
A53D,G67V	-3.3673906984192024
G51C,L60W	-0.9140635350746829
K14M,V22E	-1.258113012054971
D25Y,H46R	-2.6985386312666377
D25G,E49K	0.07201836117292866
D12E,V22I	-0.497795320022547
M63V,E69G	-0.12334634253269414
E48G,E49D	-0.030204948266932888
G67D,Q68E	-0.134215183636799
K54E,L64R	-0.12663643705422173
K5N,I11L	-3.2521575830648697
D10Y,F23Y	-0.9027546685778294
N6S,A15V	-0.5752200244945118
E50Q,A52S	-0.12090803644327297
Y17H,F23Y	-0.6571086906911974
G0S,Y17D	-1.8500512972904657
D12Y,D18A	-2.0360676346388447
N36H,G41D	-2.2867931644604353
L60M,M63V	-0.5103331549560775
S39F,G41V	-4.278481614422899
T33A,V45F	-4.0034611888034
D58E,N66I	0.014077065038416353
I57M,N61K	-0.12258035917929982
D25N,G41V	-2.7760312267404856
I57F,D58Y	-0.7614668452964296
H8Q,F20I	-1.7313731953701856
M63I,E69V	-0.15786096566041413
K5M,F23Y	-3.9776433247254075
Y17D,F20L	-1.3214644106677977
G51N,Q68H	-0.025166230156326623
S29R,D34Y	-3.330769220682987
K5N,D10G	-2.938480077282749
S28C,G43R	-5.44134573145818
E55Y,M63V	-0.3415761562679937
S29N,K38I	-1.2604905896613972
D12V,A15G	-1.6183561686838641
N1Y,Y17C	-4.7770869475638875
K54N,A59T	-0.05600868389404165
S28P,E49D	-3.899504299361024
D12Y,N13T	-1.683472973789358
P9S,V22G	-0.8000563651179463
N6H,H8D	-0.39972850231836643
G51D,N61I	-1.1339059234519042
A53D,G67C	-2.217277010060826
N6T,P9L	-2.05503536384597
K38I,F47S	-4.481442591111984
A59V,G67A	-0.26076514175204096
E35G,K40N	-1.3423104498811846
I57L,L60F	-0.8647829581837796
K54Q,D58V	-0.06856422287475492
T33I,E49G	-0.356454767832324
K54W,E55K	-0.3494011797012389
I2T,D10N	-0.9481677901659604
A52I,A59V	-0.1696893938324906
D34E,E49G	-0.39256620102064127
K14N,G24S	-2.940378731044968
H8S,D18E	0.10043506169544035
G51V,L65I	-0.08075070662707212
N61Y,I70M	-0.6986646049961746
A56V,A73G	0.14300408026637806
G37R,V45I	-0.7607863075095256
Y17S,F20I	-1.1621777419662311
I4L,N13S	-0.09240297701191331
L60M,Q68L	-0.2530596365429305
I26V,E35P	-0.38882335661428113
N1S,I4L	-3.664040032328396
T33P,E48V	-0.5480175420191322
T19I,F20V	-0.7359557771928532
G41A,F47V	-4.311503368853848
I11M,A15V	-0.9009104740784533
L7S,P9H	-3.19990890236771
I2L,F3C	-3.1557442071275954
I26T,T33C	-2.9915465534564847
H8D,I11L	-0.5615427898713294
L27F,N36S	-0.5287632988155211
L16S,T19I	-3.448567280327349
N36D,H46D	-2.658623533215692
I26L,V45G	-4.038425768988288
A59G,G62R	-0.11492516169661657
I26T,K40R	-2.3938420547371084
G51A,K54Q	0.056773711932528156
H8P,S21A	0.09243124713243123
N6K,T19S	-0.4272959390851959
I26V,G37R	-0.7255758806981121
F3L,F20V	-3.7835029931133195
L27S,K30E	-4.029312401238128
F42C,E48K	-1.984612252434701
A56G,A59D	-2.101425254992688
N1H,F20I	-4.403506340870045
N6S,D18G	-0.7318034949785772
G0R,K14T	-2.9702311704814695
I31L,E48V	0.057959119516969
G37E,E49D	-0.2786854652002737
E55K,L65C	-0.3144947599061164
K40T,F44Y	-2.8364337057371554
E35K,E49K	0.18016227298708676
K30R,G37A	-0.7933509627733505
I26L,G37R	-1.690055671661885
A53V,A56G	-2.085843007483936
G51V,N66S	-0.10904743211128577
E50V,V72D	-2.0391727671995494
K40E,H46Q	-2.19635215943417
E35Q,H46D	-2.457498005685098
H8N,D10H	0.11851779157460214
A53G,M63T	-0.4523021716633773
I57L,P74L	-0.41827347964330774
K38T,G43A	-0.1559873793366636
K38I,E48D	-0.33721123329453073
A32S,H46L	-2.5357478758875702
G41C,E48R	0.23390730511844976
S28A,F47V	-5.283576875894795
N36H,V45A	-0.42333980286061706
N6I,A15T	-2.6092118312717414
D34N,F42Y	-0.3814649845269201
A32G,F42V	-2.755849399062912
P9S,V22L	-0.036964420207189354
K14Q,D18G	-0.8341475490267449
K5T,H8N	-3.751349625455928
D25A	-0.020033951155301065
A15P,V22E	-3.1874614138015893
K5T,A15V	-3.9294022688841723
D12H,L16S	-3.9013839735790925
I26F,V45F	-6.5200066528976865
A53V,I57M	-1.0179572327093798
G0C,K14E	-3.252041030903385
E35G,K40T	-2.5372256443491157
S28T,G37A	-2.7015467980323935
S28L	-3.1616697263635816
D12Y,K14R	-1.742946573864249
N6S,K14D	-2.235671901769437
A56G,D58Y	-1.13089428075621
K40M,E49K	-0.369378125966812
K14R,S21R	0.0358130224668293
H8C,F23L	-1.7075219988835624
A53N	-1.7898598268695034
I26N,G43R	-7.004003885888597
H46R,E49K	-2.4291881089317906
D58N,M63V	-0.2699873912914557
L65M,P74L	-0.22486557797081785
K54E,G67V	-1.3319576406515181
S29T,S39C	-1.8819608922779998
K54E,N61I	-1.079980911170943
I57V,L65W	-0.4602746653181715
A53T,K54R	-0.9436259660346482
N6H,T19A	-0.09495761403708991
L64V,N66I	-0.05258119445326917
S28C,S39C	-2.404026881248334
D58E,Q68R	0.4083518701523968
F44Y,V45N	-3.266418109262272
L7V,P9T	-0.21928004293805617
V45A,H46F	-3.4396105703960553
V22A,F23Y	-0.8883461158806536
L16V,F23I	-2.0537037065522905
N1D,N6Y	-3.7654649815595302
I31V,V45I	-0.3685128743245959
E55V,G67C	-0.3076403019801938
D25G,S28C	-1.327595551320026
S29N,G41S	-1.4808091026523504
D34G,E49D	0.017697285762417005
A59T,L65Y	-0.491699348820721
G62A,M63V	-0.41967025305661376
A53P,L60V	-1.803750702480304
D58H,G62V	-2.268713668304319
I4L,Y17C	-1.0944652641246453
M63V,P74L	-0.3503519307792431
E35V,S39F	-0.5304486533989191
E50A,Q68K	0.06489401823280046
K30N,F44V	-5.708359731155333
K54Q,G62A	-0.4010504433974448
I26M,G41A	-3.4821873583216845
I2V,N6Y	-0.5134834518217115
A56G,D58V	-1.0493958164015116
K30N,K38E	-2.788697430952469
D10A,I11S	-3.2080712720150193
N6T,S21C	-2.130533023078433
K30T,K38Q	-1.8800531145972226
N13S,G24C	-2.75754816458643
P9L,G24D	-3.155602328390711
L7M,V22E	-0.8014786284641151
I2V,K14N	-0.9731963727172634
N66D,P74T	-0.22867450696304814
E50G,D58N	-0.31159569224555295
N6T,N13H	-2.46454165408701
K54T,A73P	-4.023239161188634
K30Q,T33N	-2.333764550848162
G0C,F23C	-2.8764850591000366
D12H,F23Y	-1.1556730906982269
N61Y,Y71N	-1.6967313529201566
A15V,F20I	-0.8028863086114785
A52G,G62S	-0.5749271275371173
G62S,L64P	-0.2123512361595041
M63T,Y71C	-0.9264825417740866
N1K,P9R	-2.875236198035777
N1I,N6Y	-4.404366353248967
E55Q,N61D	-0.1067589031163313
N6I,D12A	-4.631964911590333
E55K,N61H	-0.2287808866691288
S29G,I31F	-3.182621596808375
G51C,K54R	-0.029709957614859596
A53V,G62A	-1.7636205759030776
A53S,E69K	0.18337984969646268
H46R,E49G	-2.7620463851243655
N1I,P9H	-3.826260630878548
G51D,A59I	-0.06526035620003989
A59T,L64P	-0.017879783829235205
E50A,P74T	-0.2651548445075379
D58E,N61I	-0.7396347438188995
K30M,V45L	-2.953596910210418
D25G,E35D	-0.0877931900597893
M63L,G67D	0.0009681660229472885
L27V,E48G	-1.2162889171544364
I57L,N66K	-0.23582274532993003
S29I,F44V	-5.3368320655152495
A32S,H46Q	-1.0793932117840208
K30M,F47Y	-1.5628170438114108
L60V,Y71H	-0.28905343672498196
D25T,K30T	-1.4540960226537274
I26V,H46D	-2.8502160116328916
G62S,M63I	-0.24338207021502206
L60A,G67D	-0.34245388630267937
A59T,E69K	0.1929656088277756
G41D,E49V	-2.3160243885678566
G62F,E69V	-0.7130294728908395
K5N,N6I	-5.0788590126291595
S28T,S29I	-3.884506475310508
L27F,S39C	-1.3231022036748175
K54N,L60Y	-1.1632854377529909
N36S,V45L	-1.586391106601054
S29I,K40T	-4.147271176897823
P9H,K14E	-1.4133430412416697
D25S,D34A	-0.06401333730410502
K14A,F23L	-1.9619472985890516
H8R,N13V	-1.0207838272348742
G51A,M63K	-0.30098905505433293
E50I,D58N	-0.27407670387340755
G43V,E48G	-4.6419738766216865
I2T,D12E	-1.8194010259614926
G51S,E55D	0.08717822771690953
P9A,G24C	-2.8184247152986637
G0D,N13Y	-3.4571473122798837
I26F,V45D	-6.890736037217605
P9H,N13S	0.06836349887724086
A32P,T33I	-0.45671997184682295
E50N,M63R	-0.6397466071987671
A15V,D18E	-0.0634804559815885
G0C,P9L	-1.3883800857240292
N1D,G24R	-6.232198073683948
I4N,F23L	-4.513565180260221
S28P,E48Q	-3.898743497968053
D18K,V22M	0.1341542672204798
A56D,I57L	-3.74176084975841
A52V,E69D	-0.179050467908717
T33K,F44C	-3.7333225918963864
G51D,N66H	-0.1278817801081022
D12V,F23L	-3.164710209508368
S39H	-0.43536021870345865
D58H,N66D	-0.2551026667745847
I26L,V45L	-2.971055779249977
A56V,M63I	-0.10742791324704631
K54M,I57C	-0.1315107240586191
I26F,A32T	-4.946717263987766
A59T,G62D	-0.7030015563804788
E55Q,P74A	-0.14411522048985798
E50K,L65F	-0.11331050427594158
E35A,E48Q	0.146757972546784
K54V,N61H	0.04171517266805819
S39C,F47S	-4.921517754748596
L60F,V72F	-3.2474202546078916
T19P,S21F	-4.13763540718382
A15V,Y17H	-0.11140373876032206
D58G,A59G	-0.3246869346563749
N1S,Y17N	-3.500069031493102
L7W,G24D	-6.285748259054145
N61H,Q68L	0.1641927501977143
H8L,S21P	-3.916533914093659
D58H	-0.1444358825331017
I4V,G24C	-3.054130547997102
D34Y,E35K	0.042173531607351794
L7T	-2.41863213903189
K54R,D58A	-0.04373778889829344
L65F,Q68R	0.33368494449320035
F42I,F47Y	-1.9994468925242233
D25H,A32P	-0.33393004066727106
A52Y,A53S	-0.3500234018028167
T33S,E35Q	0.032134460915112434
I4V,D18A	-0.183327035626489
L27S,V45G	-2.8021351653774924
V72A	0.11185158032488021
D12G,T19A	-0.2713568709692692
I4L,Y17H	-0.14108049354281066
S39T,K40M	-1.0244556512526124
D10G,Y17F	-0.44057060316759805
I26M,F42L	-5.3384749872684605
A59G,G67A	-0.4666269334537052
L16S,D18A	-3.139773930073799
A15T,L16V	-0.3697130886764568
D58A,I70T	-0.595487377841474
V45S,E48Q	-3.0754267778756343
A56G,G67V	-3.2814485913768117
E55G,A56S	-0.4745789904169821
S39P,F44S	-4.082316804171308
I11N,N13D	-3.1009503422348024
H8M	-0.5090152014033974
N66D,P74H	-0.18362002240982356
N1D,Y17F	-3.346823966084703
G0S,A15D	-1.2966416077523188
N13K,K14T	-2.8012115252916585
K38Q,G41T	-1.021208723554772
A56G,I57F	-2.3339099997153614
G51S,A56S	-0.21063341838097258
K54R,P74A	-0.05854918975843884
I70L,P74S	0.05868180298396705
L7V,N13S	0.0237927754054727
D58K,Q68R	0.10146558401738408
I57M,G67V	-1.488716466193384
E50G,L64R	-0.3564726319096572
I4S,F20C	-3.885170645405114
K5M,G24S	-4.640610935665624
M63I,L64I	-0.06896283567297465
I31S,G37V	-3.733413869669433
I26T,H46Q	-2.6954880253019913
K14N,F20S	-2.7688222459697087
I4N,N13T	-3.0394353675327586
L7V,K14R	0.002214868650170107
S29I,E49G	-1.8864498667216116
N6M,V22L	-2.0327388017186245
A56S,M63R	-0.5850864413700742
L27M,N36H	-0.0970057755650475
N13D,A15P	-3.053174707507814
D25Y,K30N	-2.2426781479853672
E35V,F44V	-4.585226135097324
L16F,Y17H	0.1383780226492336
S29G,F47Y	-0.6365737574208867
K40E,E49Y	-1.6363528687976054
T33A,S39P	-0.4601872292873572
D10E,D12A	-1.2334886198912343
E50K,A52D	-0.1638491072503217
E50N,G51V	-0.1339399309715686
E50D,L65S	-0.508261981773265
S39C,G41C	-0.7839355606015705
N6D,T19I	-1.783258290606422
P9L,N13G	-0.12331524301985697
N6I,A15V	-3.1339980699848344
N36T,F44I	-4.480626859124057
D34Y,S39A	-0.5084181415303015
N1H,D10H	-3.5038919126073607
K40M,F42I	-3.145056806534971
A53P,Y71D	-4.168182205223793
N36T,G43W	-4.3355166403402
G62R,I70S	-2.9317848831080213
K5E,N13D	-3.315617928792105
H8Y,S21T	-1.1318446808475504
G0D,K14R	-2.2566103102993407
K38R,G43W	-4.13613596681585
I2N,T19A	-1.6515358850479938
I26S,I31N	-6.179019390008784
E55V,M63V	-0.26426803114589725
L64T	-0.08388896972646043
G51V,A59S	-0.108082089586305
G62C,E69K	-0.17761404943683606
D58E,A59D	-0.30800431128458083
N36D,G43V	-4.550681193200614
I26V,F47S	-4.5426240296856735
I57S,L65W	-1.122382485452035
F3I,F20V	-3.245466784816944
G43A,E48A	0.06093212157182677
D10G,D12E	-0.9129967428081063
K5T,K14Q	-4.436452083618053
Y17F,G24R	-3.782253957308055
D58G,N61K	-0.01737615521951069
K30E,T33N	-4.057424874459372
S28F,A32D	-4.353209434008129
N66H,A73T	-0.5137195670789589
I26S,S39F	-4.937533313513961
A15S,F23L	-0.8339813033572423
K5M,N13I	-4.201001155595184
A53P,A59G	-2.2981648158919485
K54N,V72F	-2.638660991174099
E35D,E48H	-0.2563927262279628
H8L,D12N	-0.4258016125022467
K54G,N66H	-0.6802572731032637
G0S,D12A	-1.7454263067934113
E35G,K40M	-0.5600454907355009
S28A,E48K	-1.8791935275175717
G51V,Q68P	-1.8997405568827288
E35K,V45F	-3.7782970077303792
L65M,Y71N	-1.0191235648695058
K30R	-0.8553548748900424
I31V,K40R	0.07693997799922223
I4F,F23L	-3.305154978405125
E55D,G62A	-0.2820593803574687
K40R,G41A	-0.16127719495182105
N6H,K14I	-1.291804333622597
K14R,D18E	0.297371407679252
G51S,D58V	-0.08265128295938903
I57L,L65T	-1.6989659278316926
I57K,L65S	-1.5880455565212142
S39P,F47S	-4.584499672230052
S29R,F44V	-6.178351747226538
D34G,E35L	0.0014608889268932848
I31M,F44L	-4.169991932438893
F44V,E49D	-4.150058989910747
D25E,I26S	-3.7684918885115914
F20V,S21Y	-1.3041535019182788
H8D,D18G	-0.35014017320678037
A53G,E55L	-0.3703764487576005
A56V,I70S	-2.797971018475712
H8D,A15V	-0.24320866421829124
F42C,F44C	-5.499033289383734
E35A,N36T	0.35425893976800477
N36H,F44Y	-0.13053805464697138
T33S,F44I	-4.389762952734069
D10Y,A15F	-0.5277691331355201
Q68E,I70V	-0.07428859812058614
G62V,N66T	-2.5562233961508602
N36H,E49D	0.08209764283579551
I11L,Y17H	-0.3107377932171219
N61H,N66D	-0.07625949911879044
H8P,D10Y	0.0678431449010293
N1H,A15D	-4.15415852281911
Q68K,P74R	0.20316372479569605
I57V,P74H	-0.12496446054610856
G51W,V72I	-0.08395040240409248
E35V,G41C	0.18438114789386886
D12Q,V22L	-0.5914302637515223
A15D,F20I	-1.5237461883704808
G51R,A53G	-0.2395127416590792
K5Q,D12V	-4.5054386682332925
N6T,F23S	-4.996689815039225
I57S,N66D	-0.680569065092295
H8Q,N13D	-0.8496430935636395
A32G,G43R	-5.2342635424943
F47C,E49A	-2.8305950757084237
L7S,P9S	-3.1386577403526497
D58Y,I70N	-3.579317600119436
I11F,G24R	-4.75446376979548
E35G,G41S	-0.16648754081708106
L64S,E69D	-0.5516290003462103
D12E,F23Y	-1.4248801577520382
M63T,G67A	-0.4291547689865067
N6P,S21Y	-2.0712842780123992
P74Q	-0.6024831756119186
L64R,Y71N	-1.2323285257432963
G51A,M63I	-0.08139986471803012
A52S,I57T	-0.14678385321123638
H8N,V22G	-0.869736710787725
L60S,M63K	-0.7304904344943794
F42I,E48Q	-2.00064910840523
I2L,H8N	0.024446886456250552
K5E,D10V	-3.5074827386609195
N61R,Y71S	-1.31711581465256
D18G,G24C	-3.6256527799856006
S29G,H46R	-2.9441582539024713
H8R,I11N	-3.93244199671555
S29R,E35V	-3.0776566571622257
N61Y,A73G	-0.10710862884795422
G0S,N13Y	-1.706784071066978
K38N,S39A	-0.4820548065415449
A32T,F44C	-4.628700894105023
K30Q,E49T	-1.7884646355415181
D25G,E48T	-0.09347325550993095
N13H,K14R	-0.19600553886342933
S29G,F42C	-3.23092211573501
D34A,F47S	-4.730643952742706
M63R,L65C	-0.6268540621682088
K14Y,F23V	-3.007753504426844
A59P,Y71H	-4.376545195158981
L27S,S39A	-0.7940762389531367
N6K,V22E	-0.5739405218173704
D25E,F44V	-4.370589701334087
A59G,I70N	-3.8856842361313175
D25N,K30R	-0.616744216640722
A59D,Y71F	-0.7959386968412694
E50V,I57V	-0.08523956103610446
K5N,D18G	-2.781928477383655
A53S,A73S	-0.3386272567376031
G41S,G43V	-4.594293713092199
A53V,N66D	-0.9176011460654656
F3S,P9T	-3.595357563726011
I26V,I31N	-3.319993293230825
D18V,G24A	-2.4527933379809763
N66K,P74T	-0.18654516686260306
A59S,Q68R	0.2103040888980826
N13S,L16S	-2.8579495763410065
E55K,I70V	-0.16614431812406788
E55A,A73V	-0.49203120843211123
A52G,A53D	-1.679845195593901
E50A,N66S	-0.2744413347884291
N6T,L7M	-3.162307509091521
F23Y,G24S	-2.842891756048311
I4M,D12Y	-3.680255304248906
M63S,Q68H	-0.23605001636824366
I26M,I31F	-5.43746787777293
K40M,G43W	-4.47664289674326
N36K,E48V	-0.0163987687869281
I4T,Y17C	-2.2315673326911822
G43V,F47C	-6.358127821224194
A53H	-1.2006987246394953
D25Y,F47L	-0.8946588528320645
A56P,N61I	-4.645085429550177
I26F,F42V	-5.396355049033133
F42I,V45F	-5.407849268691059
D12G,V22A	-0.8366235621890885
K54P,D58E	-0.28286263818799184
I57M,N66D	-0.13233875717355534
N61K,N66D	-0.045819673120865934
N66I,E69D	-0.48696915142300595
T19S,F20I	-0.5033705269560431
N6Y,D12H	-1.5196313216819608
G67D,E69L	-0.17261728619119954
K30E,D34H	-3.4280247082456494
H8L,N13D	-0.6496806545668409
K5E,I11V	-3.5799079850273343
S28T,V45G	-4.785620778991845
L27S,K30T	-2.2007235565110093
K5M,L16S	-5.886023847579135
I11F,Y17N	-0.8450914269847438
E35A,N36I	0.023405618202878228
S28T,K30N	-4.457069175955913
I11T,Y17S	-1.956010797549392
K54N,D58H	-0.28847708119998416
G67C,Q68R	0.07509082429500455
A32G,G37V	-2.3703397846770686
K54E,P74A	-0.14245276876776278
E50V,A56V	-0.1096635400783616
I31M	-0.07306393884266227
N61D,A73T	-0.4777313794697862
N61Y,N66K	-0.3128922185028456
D58Y,Q68H	-0.0013686745108322587
A59T,A73T	-0.36430113794088975
L27M,I31T	-0.858652051448114
F23I,G24R	-4.922840434911226
D12H,K14T	-1.4450281071463338
D25N,S29G	-0.3636680299207803
L64Q,P74R	-0.18244042120098636
Y17D,F20S	-3.149432386231023
I4S,D10G	-4.130014715299636
N61I,V72G	-3.450323809730728
E50D,G67V	-1.2975130233353018
K14Q,V22L	-0.5650317826580629
E69K,I70V	0.251697110849801
D10N,I11S	-3.2984950998824187
G0R,H8Q	-2.2362776012790726
A59S,L65V	-0.03979171710205706
L16V,S21C	-0.8529936087912964
I26F,D34H	-4.224430059150682
K54E,A59S	-0.07624618420433646
G62R,G67D	0.10577555343918155
P9S,S21P	-3.7818801857533426
K40E,E49G	-1.7148021907474529
F3L,K14N	-4.21135508611593
M63L,L65S	-0.22852910617144973
N13L,T19A	-0.5096742604341464
D25A,K30E	-3.5319542309934033
A53D,Y71F	-1.6495569576397922
L7W,F23S	-6.187141647293865
V45G,E48K	-1.5909906039430561
K30N,E49V	-2.240689252599006
F20I,G24C	-4.029416388502575
I57V,Y71N	-1.0482907466985454
L7W,S21F	-4.642068195272051
K54E,I57L	-0.12869752948834756
A53D,D58E	-0.9317379547773077
K30N,T33S	-2.4265245793012937
E50G	-0.2734483153221337
I4N,H8D	-3.749530027842371
T19G,F20L	-1.27733186388924
G62V,G67C	-2.8500313254660585
G0V,I4L	-2.710157036229702
L27F,A32S	-0.8820435638102586
N13D,V22M	-0.3635130029926994
I26S,H46Y	-5.622281650040424
D12G,V22L	-0.5047364911539991
L60M,M63T	-0.5803032313033059
V72A,A73P	-3.912931418121195
T33P,E49K	-0.3792008115987436
A56V,I57L	-0.38951720916090615
G0C,G24D	-4.42132193803428
G37E,G41A	-1.510875644206414
K30Q,G41N	-2.4039566990185364
K5Q,D10G	-3.403890354337112
I26S,I31S	-5.95346214349677
T33A,F47I	-2.6323258845683886
M63R,Q68L	-0.30004567070357907
H8D,L16F	-0.10759082477436882
D25H,E35V	0.00745877027237439
K30R,K38Q	-0.7963277102776074
D34H,H46R	-2.5499583998774487
E50H,G51R	-0.24280712697074314
N1S,D18V	-3.4283904540024457
E69Q,I70N	-3.2710607050953864
H8D,F23S	-3.3906452876657243
L64R,N66K	-0.22392578465160234
N61K,Q68H	0.1264104603964012
I2N,I11S	-5.354001869469322
G43E,E48K	-4.147018839207542
N1S,I11S	-5.782065321241088
D10A,F23Y	-0.7116370992605162
N13K,V22A	-2.053868150236659
L7V,T19A	0.04497554289082161
L60F,E69V	-0.7191077204248586
P9T,G24C	-2.8510925061044947
E55K,L64H	-0.2525901830195143
D25G,F42Y	-0.2648802666708627
G0S,D10Y	-0.6620633265979314
E55G,V72L	-0.18087135279959074
A53R,Q68R	-0.49156815512781027
E50Q,E55Q	-0.2608729767307025
N66D,V72M	-1.1644084858385153
N1K,N13I	-3.637484346473144
D10N,F20I	-0.9898177311910829
K30N,N36I	-2.529158742811721
H8L,V22G	-0.9362742329897045
S28C,T33A	-1.5117736001178192
G62R	0.21265281925915214
N13Y,Y17F	-1.1494364000473238
A52S,P74T	-0.08334187051636704
D10E,D18Y	-0.5707136942001104
F3L,I11F	-3.914448982262559
V22M,G24V	-3.7198603743469807
S29I,S39P	-1.9826807786111995
L27V,S39Y	-1.7953051488845646
E55D,A73V	-0.22858569999519487
S39T,K40E	-2.18579504318677
A15D,D18E	-0.4946676095352778
S39F,K40M	-1.4113628181348572
G51D,N61S	0.05520204017169278
A52D,E55Q	-0.07971095910353912
D25N,G37R	0.0024650758460680045
N61Y,E69Q	-0.12955013167677423
G37A,S39F	-1.4847081866901022
S29T,N36D	-1.064259915502828
I57F,P74H	-0.8750834985762426
E35A,K38Q	0.06510970578417039
G51S,D58N	-0.0844227125006503
E55V,L60A	-0.4929705720585574
F42S,G43E	-6.150118587118826
F42V,F47N	-5.47585543621257
K54Q,A73T	-0.2824940463102879
G67S,Y71C	-0.9971265937283296
E35K,F47S	-4.119388213206313
D34E,N36K	0.030794526874116337
D25N,A32P	-0.31550368723977246
S28F,K40Q	-4.200296903854352
K5M,L7V	-3.9470448236195033
D25V,D34F	-0.49859994712795835
I26T,K40M	-3.5989939890203235
K30S,H46Q	-2.1219798583462257
A53D,D58Y	-1.345232509728905
S28A,H46Y	-4.615627022501611
T33A,D34N	-0.17402937875298763
L7V,L16F	-0.2503446164289449
K38I,H46N	-1.9086346732443946
E55T,D58E	-0.12553947453020325
N1H,A15T	-3.652986630484578
I4T,D18S	-1.0295821787083206
A59N,G62A	-0.7408116531516702
I2M,G24V	-4.726952501652173
D12Y,Y17S	-2.61748547672207
L60M,N66K	-0.41861464857970704
L27V,E49V	-1.1471910798793787
A53S,Q68P	-2.4823135955166973
A52I,N66K	-0.13945986904838004
L27M,N36K	-0.050656556874939945
G62S,L65W	-0.7733219556469737
S29G,N36H	-0.4687477863796381
G51A,A59S	-0.026934058634489506
K40M,F44Y	-1.0376957354825023
L7F,G24C	-3.9161958835426476
N6I,L7S	-5.538489252522709
G51C,E55A	-0.1835701229271516
I31N,G41D	-5.31959672645835
A53T,N66S	-1.0979558791014372
A53G,P74S	-0.35249583655070216
A53S,I57S	-0.8082624649571518
E55G,A59T	-0.23267505345402117
N13H,G24A	-2.5405277094025234
A56P,D58Y	-3.8033273482973695
I11L,D18E	-0.2883258149327851
N13Y,Y17N	-1.1498479526194836
A52S,Q68L	0.20153281000432352
I26T,S29N	-3.898709829349742
N13T,K14E	-1.6983740393410809
V22A,G24V	-4.116156639992091
D18N,F20L	0.10152938408165965
E50G,D58E	-0.04122065113717208
K30M,T33I	-1.4012443376765402
M63L,N66Y	-0.4175496906405989
L27F,F44Y	-0.7435391748003122
D12K	-0.9882851443927778
D10G,F20V	-0.8927064435295585
A59V,N61D	-0.1413940258230571
L27V,D34N	-1.1982270033620561
G0D,S21C	-2.6114706172336146
E50D,N61T	-0.3101780686043414
E50Q,E69D	-0.43893409823896956
Y17D,S21A	-1.2077396116610086
D25G,G41R	0.06070473101668894
I26M,E49A	-2.449060315397924
H8K,N13H	-0.6730560411588982
K54N,Q68T	-0.12224601356312
A52T,E55D	0.09688353774702602
D25Y,F42V	-1.9180659411267917
N13S,Y17D	-0.8748447398670963
F20C,V22M	0.025505398336499244
F44I,H46Y	-5.871929482788996
G41A,H46Q	-1.0677939167157846
A53S,L60C	-0.38865728875933064
D18A,S21T	-0.16588992606871714
D34N,F42I	-2.2795982717109564
L65F,N66I	-0.04453837431227864
K5E,N6H	-3.3688657284223824
I11S,F20C	-3.509270637829265
S28T,V45I	-2.688914411657055
G51R,L60W	-0.7168041456735375
D34G,K40N	-1.5627193458498256
G41C,H46N	-1.5995138135628848
N6H,I11S	-3.633465562630398
A52V,L60S	-0.45545039258899417
E55G,G62L	-1.1183096657483818
A53V,A59V	-0.9317588869322204
A59D,V72A	-1.0365660900146492
L27M,D34N	-0.0647756366553092
S39F,E49Q	-0.3501178214218326
S29R,G43S	-4.603819009909957
V45D,E48A	-4.097922330152678
E55V,D58H	-0.44300236038958857
G37V,G43W	-5.0814476087627725
Q68L,V72F	-2.5665364073360895
K30M,H46P	-5.370580336647129
I4V,F23S	-3.0423538385628426
S39A,G43A	-0.5036211594129946
I4T,D12H	-2.2776024087063282
E50D,A53P	-2.115115386708177
L64V,Q68K	0.18916863462977146
N1H,K14Q	-4.275537099561708
E50K,G62D	-0.8427544736513093
D58N,G67V	-1.1329755196551268
D58G,Q68H	0.09532086521900354
D12N,L16W	-4.20370187497532
A53T,A59P	-4.752712367552876
L7F,T19N	-1.7889744823564278
G51A,I57F	-0.5994621345463902
D18E,F20C	-0.06810690146626322
I31L,F47L	-0.5901408676891043
I31L,T33A	0.023495864537804223
N6I,V22G	-3.6046217855034604
D34H,E49A	0.09719523185559242
H8C,I11M	-1.1475669845962297
I2L,F20I	-0.6216035523550943
K40R,H46Y	-2.9482737866955118
I31L,F44I	-3.63504785723214
H8Y,V22L	-0.8692342994087847
N1T,I11L	-4.187185439339613
E55D,V72G	-1.8750532256151593
M63L,Q68E	0.007178029544782569
G51C,M63L	-0.02193941419389183
L27M,I31N	-3.0553145013206273
S28T,N36D	-2.354114897875692
I4V,I11V	-0.5003732169858708
Q68K,A73D	-2.0964560840626225
I4V,S21Y	-0.5139359913684098
S29N,F42S	-3.842560152758623
N6Y,G24D	-3.9562429719839165
D58Y,L60W	-0.8936091296659989
N61H,I70F	-0.5760110920804401
A56V,A73S	-0.39154945154823284
H8P,D18H	0.1475379729597113
A56P,Y71S	-4.237294854506864
T33S,D34Y	-0.12555779499555592
E69D,V72D	-2.6597246994193267
N66Y,A73G	-0.16060668547099183
N6K,G24S	-2.7242860845543673
D18E,S21C	-0.04934223094376883
K38N,F42H	-1.0840518514573785
D34E,E49A	-0.07949451133265963
E50K,A53P	-2.1753778537770203
N1Y,D18E	-3.995245315521511
A59T,M63T	-0.2110237256422038
I57V,A73T	-0.26306340050396926
F3Y,F23Y	-0.6101551092496087
K54E,E55D	0.09965835233899263
G51R,G62C	-0.37613158614390624
D34H,K40N	-1.3783942783862395
D58V,Y71C	-0.7412581319257017
L64V,E69K	0.203086753429137
Y17S,T19R	-1.041132486907173
S28P,F42S	-5.859255129611201
F3S,T19A	-3.1321708143962
N6K,S21V	-0.5302397115943094
K30M,H46R	-3.7676536979667787
N13T,D18V	0.04964363613454875
K5N,A15G	-3.0781125653988166
D10G,N13I	-0.9425885237108285
A53G,G67A	-0.6622081103811046
K38R,F44Y	-0.04224060009244865
G0V	-2.323017243353735
E50K,A59D	-0.7104350585395054
G62D,L65S	-1.4905689946106384
E50G,N61S	-0.31237904168393815
G51A,D58G	0.01152776181196044
I26L,S39T	-1.7383355873690898
F20S,S21C	-1.8062290896264968
E50L,E55A	-0.38144774094206274
N6D,F23C	-3.3447560750403618
E69L	-0.28712300429205173
D10V,F23Y	-1.1289036819120553
N1H,F23I	-4.892235169436107
L64R,V72A	-0.04681115115750099
D25H,N36K	0.0128420302622459
L16F,G24S	-2.2266763142706827
L16W,F20V	-4.155721593660331
E55K,L60W	-0.8630823902094911
T33A,E49D	-0.01844059741835805
L64Q,I70N	-3.8831566188125546
G43W,E48K	-3.999979616241402
E55K,A73G	-0.05815540537373334
M63V,I70L	0.07474718856752995
N1I,D18Y	-4.3243079941712566
S29G,F47S	-4.766812797038995
H8R,V22L	-0.2931461322945974
G0R,S21C	-2.0404409820114644
N66S,E69D	-0.30313783196211297
H8Q,D18V	-0.4270763568862553
H8P,G24S	-1.6544870799559785
I57H,Q68L	-0.6334242643132835
S28T,K30M	-3.6793749899265977
D34A,G43A	-0.1742686786346293
G41D	-1.956383737695404
I26N,G41C	-4.515535389715956
G43E,H46N	-5.401246332810108
G0V,D18N	-2.281932432126771
D58E,N66F	-0.1363772774098556
K40M,H46P	-5.298417118982965
A52P,Y71N	-1.371183396187854
M63V,N66I	-0.1051672709547422
N61I,E69G	-1.7732041694582397
G62R,N66K	0.18855937793754912
T33C	0.02788797106226648
K30N,K38L	-2.6079882653925677
Q68C	-0.12174685255867901
A59P,I70V	-4.010623101042655
E55V,V72G	-2.115351815509217
K38N,E49V	-0.07720377548245809
K14E,V22G	-2.2363815474560793
N6F,P9A	-0.6217919881230516
D58N,Y71C	-0.7625086215409075
D18G,T19N	-1.2703822415084738
A56T,L60I	-0.5567146044587967
L65F,I70T	-0.5374011659400143
A52D,A59P	-3.7342648143211834
N6H,V22A	-0.5341162107998086
K38I,E48Q	-0.09358629354323053
D25V,E49K	0.17179905866492742
E55S	-0.15078529772367052
N1K,K14T	-4.21685946266374
V22L,F23I	-0.6703169705393417
D58L,N61H	0.05956173894200727
K38Q,K40T	-2.7547293026170108
E50K,N61V	-0.8740973482228804
S29M,F47I	-4.1783361833326245
K30T,G41C	-1.451946827351103
N6S,N13Y	-1.7876462880474855
E50K,N66I	-0.4237069987059944
I26L,S39A	-1.7515241916363264
G51D,K54N	-0.02827128167054095
K5N,Y17N	-2.841087368343675
A56V,M63R	-0.49206748025208163
S29G,H46N	-2.1938855017454495
T19S,F20L	0.25397299594198885
N13I,F23I	-2.011274049770158
S29T,S39P	-1.2266474271410452
I11M	-0.6437836448234934
I26T,S29C	-2.1826609998860116
A59V,E69S	-0.11953380349364102
F3L,K5N	-5.034015832400819
L65M,N66S	-0.10787162804978838
E35G,F44W	-2.2530855953263194
I2M,G24D	-4.310009757146723
D18Y,F20C	-0.3041611853318189
I11L,D12A	-1.6856254453598005
V22L	0.1086608057666804
E55L,A59T	-0.21250077882933327
S28T,F42Y	-2.3702650529042604
I4F,A15G	-2.0337027240717207
I26L,D34H	-1.160452885517489
G51D,L64P	-0.031203021139992855
G51I,I57S	-0.5951041002634025
K5M,D10H	-3.52596884401852
S28A,F47C	-5.094001046051521
N36K,F47V	-2.9563139927588526
N13H,L16S	-3.7109412175608445
K30R,F42L	-3.7758410860467677
I57V,I70F	-0.6774790803119755
A52V,L65H	-1.0699075588253522
K30R,G43R	-5.015119545998957
E50A,I57M	-0.23812306948840595
N36G	0.24190493411799824
I4N,F20I	-3.69799865361545
I57L,E69K	0.025156394568547905
E55K,E69D	-0.40168659461277845
D58V,N66I	-0.21406153904129255
L27V,S28F	-4.584596316073713
I57N,L65W	-1.4809155237839753
I4S,F20L	-3.343365423325718
A59D,L65W	-1.1529412755284714
V45G,E48A	-1.7950462598335288
N36H,G37D	-0.42156663593444577
A59V,N66I	-0.009477979788228535
L60S,G62C	-0.8773733141298858
I70N,V72D	-5.064071942381708
N6I,D12H	-3.846896357295196
N6I,N13S	-2.611084610233955
G51V,L64M	0.05367875963302047
N13T,K14Q	-0.5983040109065887
E50I,D58Y	-0.3974191882436094
D25E,F42C	-2.386433662237167
E55A,N66R	-0.3027873083778456
K40E,H46Y	-4.3140395566624115
K54T,D58Y	-0.27238493088325005
D25E,I31L	0.06532996884584358
D58H,N61H	-0.13043440429732933
I2M	-0.6570596318562262
A59T,N66D	0.00021688968994838104
I31T,S39P	-1.1842284673706054
E35Q,S39F	-0.4980433176194036
S28A,E48G	-2.135668249044671
G51F	-0.03565530453920131
A53T,Q68Y	-1.2349440851151563
S29R,N36Y	-3.043718301525896
K38E,K40N	-1.7388120966660472
G41D,E49K	-1.7146496033360623
H8Q,D18S	-0.4892790153810758
L60F,N66S	-0.874821056144555
A53G,E55D	-0.030532092108680884
L7V,L16M	-0.6566876327221955
K30T,V45L	-3.320365336824807
S29T,N36H	-1.057459468821919
E55S,I57M	-0.18474334708788143
T19I,G24D	-3.5641871707857176
N6Y,L7M	-1.301605018259978
K38Q,V45A	-0.6409108047100741
I2M,D10A	-0.9013047847574225
D58A,L64M	-0.031256192166783825
D25E,N36I	-0.32368312411681194
I26V,N36K	-0.29362579125080435
H8Y,K14N	-1.9009125445082313
I11V,N13D	-0.6130767046730516
G0S,F23C	-2.633598983495821
E35D,N36H	0.18915557722854556
N66D,A73G	0.092842814576761
I11T,D18E	-1.2530466827068405
E50K,I57M	-0.3471814995367205
K14T,D18H	-0.8793444877442338
K5T,D18A	-3.397789109078636
Y17S,T19I	-0.9839062528054164
K30Q,F47I	-4.155229582418654
K30Q,I31M	-2.365054452944193
L60W,I70S	-3.0243152649933673
F44I,E49Q	-4.219337003612639
I26S,S28F	-6.360396259582865
G51D,D58Y	-0.04338805352394251
D25Y,K38I	-0.28414217171547684
I4M,D10N	-0.7865073917699553
L7S,L16V	-4.080757928676486
G51N,A56S	-0.35982749925353613
D12E,F23S	-3.953076446914679
D58Y,Q68E	-0.20489265232286957
K40E,F44V	-5.213775525886627
L7M,N13Y	-1.7274426651672914
A56T,G62D	-1.486436677404519
L65S,V72D	-2.860759161854468
A56D,Q68R	-3.3343016856198266
G62S,I70S	-3.33290616925611
A59S,Y71S	-1.0884422613481028
K14E,A15D	-2.1828966031898553
A15P,F23C	-4.828502689791307
A53T,K54M	-1.0889031801022546
D58H,A59G	-0.42735440703161987
V72D	-2.2114043871466786
D10V,D18H	-0.4266779078473127
E55V,L64V	-0.12149744940438209
K5E,D12E	-3.9716768074732576
A56P,Q68L	-3.2935920377505434
N61Y,Q68P	-3.1003807306400395
E35V,V45A	-0.5431633221320533
L64R,L65S	-0.3141664058803928
E55K,D58F	-0.34787961209762897
K5Q,A15T	-2.5551714166419206
G67A,Y71F	-0.6620249997370742
I31F,E49G	-3.027105777934997
I11V,S21Y	-0.769458019963182
L64R,I70S	-2.482159842654537
A56V,L64V	-0.020563570704079836
L64M,G67A	-0.1138275508253636
L7F,F20V	-1.532730393929529
E50V,A59T	0.030836700368509436
L64Q,N66I	-0.24254351911816402
K30Q,D34N	-1.9513147876479167
A53D,Q68H	-1.1129724133792798
N36T,G37D	-0.4267373680619641
S29R,E49G	-3.2012639218119174
G51D,I57N	-1.0549942110276473
F23D	-2.9891956002878115
K54T,I70F	-0.7097106974100668
N61K,P74L	-0.15886707116181595
S28C,N36T	-1.3651953260705685
I2N,K14T	-3.7681737539235898
T33P,K40N	-2.3740847533038187
A52P,K54T	-0.19239579455401462
S39Y,F44W	-2.817918176365413
T33I,N36Y	-0.2342403120664416
I4L,I11C	-1.5701505226261396
K14E,L16S	-4.885791705356983
S29G,F47C	-3.6227344766700034
K40T,E48G	-2.676986397537004
M63R,L65S	-0.7328278355396844
D12A,V22E	-1.365064721204318
K54E,D58E	0.08588359598204756
I57V,Y71H	-0.606238716188836
E55D,L65V	0.11971200987340908
K5N,F20C	-2.840747187168577
N13A,Y17N	-0.3685794728185372
S39P,G41A	-0.6827892673925942
A15V,D18Y	-0.5111258191470223
H8Q,G24R	-4.652213932948484
E55K,E69Q	-0.2257345172799307
E50D,Q68D	-0.5542943391155616
N36I,G43V	-5.005013876467301
A53P,M63V	-2.0235517734379362
A56V,Q68L	-0.01527604760470037
K5Q,D10N	-3.1394822561265574
L16F,T19A	0.2044355933751582
F3S,H8L	-3.6680534821124944
P9H,S21Y	-0.49687647375472827
K5R,Y17H	-0.16195798046329996
D34Y,H46L	-2.0630294711146773
I31R,T33N	-3.5007342630698908
A32P,V45A	-1.2723349991765285
A32G,E48Q	-0.45092512223326797
N61D,E69K	0.1549408215928885
E50Q,A59D	-0.7278183571743331
D25G,N36D	-0.1406660448194082
N66H,A73G	-0.09966895099034322
G0A,T19I	-1.170703645016459
T19I,F20L	-0.34136627312541046
K30E,N36Y	-3.7903039908073257
I31F,D34S	-3.352982730068006
D34Y,N36V	-0.32237868462317126
E50G,N66K	-0.2826470669254654
I31L,K38R	0.1329123381597635
T19P,F20V	-4.298557228916216
E55A,Q68N	-0.09791815680479718
L7M,L16M	-1.1111802588073567
E55V,L60S	-0.5968217369710722
E35V,E49K	0.20317407045631283
K54N,V72D	-2.0605521582064212
K14Q,Y17S	-1.2772862199503439
F3Y,D18A	-0.09497603518914804
G51A,N61I	-0.9303535735900385
H8Q,S21A	-0.47574426587882135
N6S,H8Y	-1.9110886859326217
D34N,N36I	-0.29570710042172044
A52P,N66I	-0.29703238862755865
S28P,V45L	-5.549307376152521
G51A,Q68D	-0.2219868383195371
N36S,F42S	-2.677600532862421
S28C,T33I	-1.468955443222606
I4S,D18H	-3.8293874500143517
I2N,L7F	-3.8855298457046192
A56F	-2.1079442095794674
G51C,G67D	-0.018501203204024652
K5E,N6Y	-3.735282068060883
E69G,Y71F	-0.4238285000323368
L7V,D10E	-0.546154327629091
D10N,A15C	-0.5680096576354989
E50A,G51V	-0.04864464427988002
S28Y,I31V	-3.1242168354234945
I4N,T19A	-2.76637906166915
L27S,K30M	-1.9143492944115974
D10E,Y17C	-0.9628867878497284
K5R,I11F	-1.0526919581512053
D12V,D18H	-1.8767812204597891
T33I,D34Y	-0.1544519320683402
A52P,A73S	-0.6779894104725923
D34G,F44Y	-0.1254927953808381
E55K,P74S	-0.4099402356149666
I4M,K14N	-1.8953096788354657
G0R,D18H	-1.8042974271022927
D25V,V45F	-3.228967651140662
A59T,G67S	-0.04526979930247525
N6D,Y17C	-2.3822706868450854
I31T,H46L	-2.869423700926048
G51A,K54T	0.006439613387080136
D34A,V45G	-3.3210526256443416
E55V,N61H	-0.09826567015629586
H8R,Y17N	-0.6884830941565243
K40N,G41R	-1.2274256607709595
A53S,I57T	-0.3650059884659378
G51C,A59G	-0.2863010731186858
K40Y,G43A	-1.6582330014626656
N1T,A15P	-5.824953449549286
K38E,E48D	-0.44657845611563934
K54N,E55T	-0.3313790358385074
A59V,E69K	0.12979422538635924
N6K,G24V	-4.7266351943731735
G51S,L60S	-0.44940212338736757
K38I,S39C	-0.8709472937096628
H8Y,Y17D	-2.433935454967033
A59G,N61S	-0.31644312591800705
I31N,D34Y	-3.538779160961866
A32V,F47I	-2.349841891386151
L27S,F44I	-4.732590848955181
N1Y,N13D	-4.305218466333393
I31M,K40N	-2.039119613664789
A56S,G62R	-0.3300247600773199
N66I,Q68K	0.07299617875293192
E35Q,F42C	-2.206099320774039
L64M,Y71F	-0.31205498039299784
D10A,S21A	-0.20554201569441646
F20I	-0.46331279183923646
E50N,K54T	-0.26905608491399347
Q68I,E69D	-0.3887349309979479
I2N,D18G	-3.0525000723688853
N13I,T19P	-4.211089593663636
K5E,G24A	-4.716981236062569
N61T,L65S	-0.7037241654805916
I26T,G41C	-2.9191204738109207
G37V,K40M	-1.5709320236899131
I26S,E35V	-4.34609542966844
G37E,F44V	-5.021528844624703
S39F,E49D	-0.4022351112979563
N36T,F47C	-2.878594340233435
A56G,Y71D	-3.3240126787943574
M63R,L64P	-0.5882035915251131
K54S,E69D	-0.3058892323881425
E35V,S39P	-0.23373973154552888
D12H,S21A	-0.3609272414467987
K5E,T19N	-3.8759281727620944
P9T,V22W	-1.3555641040943756
K54Q,I57L	-0.09943771053501636
I4S,Y17D	-4.886371657399787
A56V,L64Q	-0.22137086237309286
K5T,F20S	-4.645089605831876
Y71D,A73T	-2.2789938992821575
K54R,N66T	-0.14672422220311798
N1S,L16S	-5.644309229440191
D34H,F42S	-2.70813312722931
F3I,D12A	-3.9369972340344725
H8D,K14Q	-0.8075803909784787
E35V,G41V	-3.383337999137681
L60S,I70V	-0.4804006063407121
D10Y,V22M	-0.24959148611627083
D58Y,L64F	-0.32328035268743327
N6T,K14R	-1.688671843570561
T33I,V45D	-4.574133842573447
P9R,D12Y	-1.8607842895183015
D25A,A32G	-0.41968433245345865
I57T,E69Y	-0.2207026231120991
H8Q,Y17C	-1.1829969818301043
G62D,I70N	-4.197576929513109
G51D,G62D	-0.5753810406455275
L65F,Q68L	0.20281978122037386
G62A,M63R	-0.8254368320409462
N6L,N13S	-0.9761452818168982
E35K,K38I	0.00992615323749834
L65M,V72A	-0.036320548914342124
I4T,F23S	-4.477836779408294
A52T,N61D	-0.12005785167862185
S28P,K30E	-6.411769388694016
I31L,V45D	-4.12698240947398
G51A,L65V	0.06898901001187302
T33I,H46P	-5.098189645443986
I26M,S39Y	-3.901139473892498
D34Y,F44L	-4.045920210970259
E50K,A56P	-3.8669480179473834
S28P,T33I	-4.120811410142487
I31S,S39P	-2.7772819761438394
Y17H,D18V	0.07253237094366474
L64I,N66S	-0.04127442298075173
E35K,K40T	-2.50487950092242
N6Y,L16F	-0.6919322728797284
L27W,N36D	-0.5834307875172875
A32T,T33P	-1.9614669419030408
N61Y,V72F	-3.219398497142344
L65Q,N66H	-1.631878575356473
L7M,P9T	-0.4052633408459106
K40E,G41R	-1.6580277827319718
S29T,T33P	-1.889876158174697
I11V,T19N	-1.2401519020790264
K5N,F23I	-3.689103572016661
Q68K,V72F	-2.334818827863668
L7I,D18Y	-0.3757439931722314
D10E,D18G	-0.5366064005510904
L27F,V45F	-4.279453298722972
L60S,Q68P	-2.7333121836887235
V22L,F23C	-1.5403035375849012
D58K,L60M	-0.5797812200922522
A52G,E69D	-0.38818565953733913
D58H,G67S	-0.200527115228825
A56D,E69G	-4.037622758978882
G0R,N6T	-3.536397766670041
F20S,F23Y	-2.445300300204721
I31N,G43A	-3.4225470669338494
N36H,G37V	-0.6377148756427113
D34N,G43R	-5.017414720281082
I2F,I4M	-4.857149972565953
I2M,F20S	-2.70931818020691
F3L,D10Y	-3.258934059468734
N61K,A73S	-0.3542371312499082
I26L,F44V	-5.301299341607926
Y17F,F23Y	-0.736324198606405
I11N,A15P	-5.273470020360882
G62D,P74A	-0.6335424369056484
G37R,E49Q	0.05430250885360107
F44Y,V45A	-0.9735793101037562
N36H,G43E	-4.544628812649202
K30T,F47S	-5.2434446240664245
D10Y,Y17S	-0.7423563817139854
G51C,Q68I	-0.15369345896866074
N6Y,N13E	-1.5628373702790526
K38I,V45G	-2.293985651680912
D25H,I26V	-0.32880304935449917
I2L,K5Q	-2.728308196187535
F3S,D10H	-3.321227763580813
G0S,F3V	-3.651406148995541
I31V,F47C	-2.357281722725726
G41C,H46Y	-2.8423740301331004
I4M,N13Y	-2.0978029242255873
S28C,A32T	-2.63421502672362
L27S,F44C	-3.928078423122386
I57M,A59D	-0.7625617774613608
E50K,D58T	-0.3015805595036148
N66H,V72L	-0.16415200241203384
N1H,D12V	-5.126125534557573
D12G,F23V	-2.486571553102136
G0D,G24S	-4.163768496203536
G51C,G62A	-0.5764157579535847
E50K,G67S	-0.22936209498775947
A32P,E35Q	-0.275490388298232
T33P,E49G	-0.957496531095051
I2M,I4F	-3.0043868915401406
I2L,N6F	-0.41535307495693574
N66S,Q68K	0.08977654202183544
E50K,N66T	-0.43457334025423183
H8Y,D10V	-1.2832765979285443
L65Y,Q68R	-0.23894680916021843
Q68K,Y71C	-0.3399743141072118
D58Y,N61S	-0.19553583328241597
L60S,G62A	-1.1271220236365798
A32P,V45L	-2.127999280537585
I4T,V22G	-1.9039284612874101
K38E,G41C	-0.09845935709437123
G24L	-3.4938036994083967
I26V,E49A	-0.35292080277871735
S29I,K38R	-1.648421971211333
I2L,D10Y	-0.17693201709010034
I2V,Y17H	0.09620248893715197
G62A,L64R	-0.4273023463595277
K14E,Y17H	-1.5561023670253382
I57L,A59D	-0.851109366625011
K30M,K40T	-4.2561711738622074
K30N,I31T	-3.3779733316958405
N36Y,S39P	-0.35074157798413985
N1T,L16S	-5.9735845790924325
L60M,P74A	-0.5246770688437324
E50V,Q68K	0.1561771932491158
E50D,L64G	-0.5475401736533558
S39F,E48Q	-0.3611379028069659
D18H,F20V	-0.3752606635530259
E50K,I70V	-0.18705772101260035
Y17C,D18I	-0.9742788482469669
H8R,F23L	-1.9538919580694747
K40E,V45D	-5.530779168498336
N61L,Q68H	-1.3996170927341065
Q68P,Y71F	-2.538354684733026
N36S,G37A	-0.05699994894686844
N61H,P74R	0.1989123744395042
I11F,L16M	-1.1628402556951258
L7M,S21T	-0.4780595134603956
A32S,D34N	-0.46741863826755914
F23I,G24A	-3.549389318824146
D10Q,I11L	-0.6306264014696226
A59D,G67C	-1.3587168343598401
G41S,H46P	-4.532981773930951
I57M,Y71N	-1.1837736628668376
S29I,F42L	-4.624817733773311
I26L,K38R	-1.092870004559301
L16F	0.09116793174599064
G37R	0.16491416221520122
I11S,K14T	-4.224737234208269
G0D,D12Y	-4.204203114010143
F3I,K14T	-3.893433058217261
N1K,I2F	-6.531980056921336
E50K,L64R	-0.3306233544693248
G67L	-0.7005510554409298
P9L,N13T	0.06737144016254748
A59P,N61K	-3.9529772435365436
I31F,F44V	-6.256695977560259
I57S,N61I	-2.367738589579125
L7V,V22T	-0.3378633476147602
D12A,F20C	-1.228233051894881
S29N,V45I	-1.3910316416267872
I31V,V45A	-0.42783677426152117
D25G,L27V	-1.1794495866130645
G51D,A52P	-0.12011193090054716
G62R,E69A	0.23585637162191395
K54M,Q68L	0.062369875762294885
G51A,G62C	-0.3573569694810838
V22A,F23V	-1.9672800128506667
G51V,G67N	0.11664793001276738
I4V,N6I	-3.0086335105443096
E50K,I70R	-3.5255445175197675
D12V,K14M	-2.548084141560232
D58H,Q68H	-0.054299611990742624
D12Y,D18H	-2.366361246174701
F42V,E48V	-1.8186347226869162
G62S,E69D	-0.5108013208584322
N6H,D18F	-0.3425897699000803
D18E,G24D	-2.972501237115571
I31S,D34G	-3.022679469859195
N6I,P9R	-3.260135608413071
N1Y,F23I	-4.980714375686508
G41S,F42L	-3.5088469926885053
A53G,L60S	-0.6928566418391771
L27W,K40N	-2.167685906219377
I2N,K14E	-4.185818092873336
D18N,V22E	-0.17595550728642084
E35G,V45A	-0.6252685244595475
K14R,Y17S	-0.4538017099819835
G37V,F47V	-4.77081556019424
H8R,D18A	-0.4713707189633906
K5N,I11M	-3.469176654756955
G37E,S39Y	-1.8988303017098211
A56P,G67R	-3.973722453284788
D25A,H46P	-4.797044025556237
N61K,G67D	-0.10332940016273165
K54E,I70S	-2.6351752928619887
Y71N,V72F	-3.8131263852907353
S21F,G24V	-4.4387163241751235
S29R,F47L	-4.091591450016624
G41V,G43R	-6.779078589477337
A32T,K40T	-3.547148070875787
I26N,G41S	-4.971703764931297
I57F,N66T	-1.1578908392707892
S29I,G43A	-1.521519411386021
E55K,N66T	-0.35815910462422523
I4D	-3.9886147483220675
Y17Q	-0.5284976032187667
N61I,L65W	-1.8131015253371772
I31T,G43E	-5.324399874853345
L60M,Y71H	-0.8300817484088824
A53V,G67V	-2.634434759751926
D34E,G43A	-0.3502891224040966
F3S,I4N	-5.689612510889402
K14T,S21P	-4.7465138354102026
I26N,G43W	-6.751044499761164
D58G,L64P	-0.18423816808533966
A53D,Q68L	-1.056590571507271
D58G,P74H	-0.13197788190573345
A59T,M63R	-0.46298371198059085
A32G,D34N	-0.7178551854347075
A53S,L65W	-0.42175072426144067
G0A,T19P	-3.875342007211507
I57T,D58Y	-0.3968498903704511
D10A,L16S	-3.2840655569247756
P9S,T19F	-0.7725082829106747
E55Q,A73S	-0.45947397313305327
E50G,E55N	-0.3958578613284673
A52V,E55N	-0.15184182223248974
A32I	-0.33968531545323016
I70S,A73P	-5.6545833962296275
L27M,S39C	-0.8017255311770835
G37K,E49A	-0.20308740676958378
S28Y,A32T	-4.561994395696218
E35D,E49K	0.20096064643238898
I4V,D10A	-0.26737471198784385
E35R,F47L	-1.4097107116219991
K5V	-2.455712070430039
I4F,Y17S	-2.228548240892799
I31L,S39A	-0.19838129433811091
L7M,D12N	-0.6506507652846216
E50G,N61H	-0.24540065586280463
N6K,Y17N	-0.42125901438694735
S39Y,G41V	-4.629257776503274
D10A,N13H	-0.3961241883762881
Y17C,D18N	-0.6586007000644778
I57S,N66H	-0.8387222491201138
Q68L,A73S	-0.2706014383588496
L27M,G43R	-4.544064035106128
D25V,K38Q	-0.04306293554253836
I26T,G37V	-4.3121750873561275
S28P,E48K	-3.536130549790955
A52P,G67D	-0.2841588345607502
L64P,L65S	-0.4499675640095412
N61K,V72D	-2.0220430650359775
I26V,K40R	-0.2959774139126216
G51R,A52V	0.03234002557390456
Y17D,G24R	-4.818040302616243
A53S,G67C	-0.48795966735299595
K14N,D18C	-1.6110992173179444
M63L,P74G	-0.22072298251227876
E69A,A73G	0.20679804021574183
G0A,D18E	-0.5451368564081136
S29C,K30R	-0.6151608792885986
E55V,I57F	-0.8483727235459939
E50K,L65M	-0.27098312555010995
A52T,L60T	-0.1845846756848083
K38G,F47L	-1.4183456513806643
N66R	-0.1403588946579454
P9T,V22A	-0.20778898378062688
D58G,N66H	-0.37685564693621376
P9S,D18Y	-0.4187901884948362
S28Y,F42I	-5.244211023178737
G37A,V45A	-1.6450029816003104
I57F,A73G	-0.6644780890110711
K14Q,F23I	-1.5788545064550337
G43E,F44C	-6.510419605495413
D25H,H46R	-2.5813809637736713
I2V	0.04665770084783141
E50D,A73T	-0.36967144489475373
N6T,A15P	-4.7899418450603655
I2T,G24D	-4.104885455437122
F3Y,D10Y	-0.4901206623778211
K30M,E48K	-0.8095691755928317
N6H,L16S	-3.9553719657849906
G51R,N66R	-0.1501067606599732
K30T,N36S	-1.7151156401133845
L7W,G24C	-6.090693417857737
I26L,F42S	-4.057686553203089
D34E,E48G	-0.19168295929754592
D58V,M63V	-0.1450595410210254
K40L,V45L	-2.2070902009764195
A52P,Y71H	-0.807054152696332
L60M,N61S	-0.35276774331529714
L16I	-0.20740658803017117
K5T,V22G	-4.359525606814101
E48D,E49L	-0.2331043821093245
E55G,G62A	-0.7424558624517492
G41D,H46Y	-4.893227213116307
K30T,F42C	-4.098806711367994
I31N,K40N	-4.552252406340059
G41V,F44I	-6.61131086407153
L16M,Y17S	-0.9122291821558927
A52P,I57F	-0.9336159878221895
A15P,V22M	-3.2270097178121238
G41R,V45I	-0.4408233460736824
E35Q,E49Q	0.16929166997633358
E50K,N66R	-0.4307489300327157
Y17C,G24V	-4.5392415149975855
K54E,N61T	-0.14051120378839846
T33N,S39T	-0.7690702774291556
A52S,I57V	0.10489169677480761
K30E,F44V	-6.3915008556725805
G51S,L65M	-0.039858835118720376
H8R,P9R	-0.4161112210329561
D12V,F23S	-4.7488603437956165
D10G,A15S	-0.23621920305416885
G41S,F42Y	-0.3697269456792472
H8R,G24C	-3.786861300049983
Q68P,I70L	-2.281922217132406
G37R,E48K	0.19663094494726013
A53D,A59D	-2.338721094943615
D58Y,E69S	-0.2717683082543929
L7W,D12G	-4.775785140347308
L27V,E49Q	-1.0645409596505293
H46R,E48K	-2.3132448778829264
E50A,A73R	-0.46388429738096415
F3C,I4V	-3.228065986522941
D25V,E35V	0.06766652569854047
K38Q,E49V	-0.07145242956495546
I2L,A15V	-0.135241115336244
S21Y,V22A	-0.6115462248837357
A52V,A56D	-3.5745758821792606
D58A,L65W	-0.4813634150483768
I4L,D12H	-1.1225354377963663
L7V,Y17N	-0.22596781418924866
G0V,H8D	-2.432748174703068
L27S,D34G	-0.45551023026289394
G51V,Y71C	-0.6224344778316553
E55K,L60M	-0.5905388132821422
K30S,F47L	-2.497369158244465
G51S,I57L	-0.19755126557691993
I31V,F47Y	-0.15555291650626454
S28T,S39P	-2.592274389910098
A53S,P74L	-0.2327833140038742
I4F,L16S	-4.275613157081558
I57N,G67V	-2.841396077952745
F42V,V45G	-4.8508938915231425
D58H,N66T	-0.3959604791551765
M63K,N66H	-0.5783460381347691
K5N,D12A	-3.9632826648817883
Y71C,A73S	-0.8325210864432295
K40R,G41S	-0.06906612318385214
N6D,A15G	-1.608457400019448
A52P,Q68K	-0.07046774915375473
N61S,V72D	-2.1941526993258105
G0A,L7M	-0.8627158794295341
D58A,A59V	-0.05395402660101889
K30Q,E49D	-1.79189935572541
L7F,D10E	-0.965267677353089
A53P,N66T	-2.229254150376207
N13I,V22A	-0.9232673240431042
L27M,S39Y	-0.9081847735573189
L7F,H8L	-1.0324877445415968
I2T,S21P	-4.0402826571276815
I4L,S21F	-0.775919357620726
A59S,Q68E	-0.10621424647306021
N61T,I70S	-2.809214221964792
A52S,E69Q	0.11033119310631714
D12A,D18Y	-1.7179814461389118
D10P,A15S	-2.575949673998477
I2M,H8N	-0.9302483566768935
I4L,Y17N	-0.3472082961419116
G51I,A52P	-0.32298435018734173
K40Q,E48D	-0.9284366840482108
K14E,A15S	-1.6901255522793437
L27W,F44Y	-1.4570197826052511
I57V,M63T	-0.2813150878309695
I26F,K40Q	-4.944863546008607
S28F,K38I	-3.4920027415747357
F20S,F23L	-3.064962769003155
L65M,A73G	0.1910372922294933
L65W,I70F	-1.1580249628228856
S29N,K30E	-4.17566391617019
F3S,P9S	-3.7036820254131073
K14R,Y17A	-0.2085963648454304
A56D,G67C	-3.578620963112959
G51R,G62D	-0.5810371362862843
K30R,E48G	-0.877772054904087
N6S,N13V	-0.9719966637028828
E69V,Y71H	-0.6604466094186869
N1Y,F20L	-4.127727845050554
F42V,F47Y	-1.9479244495418642
G62D,M63L	-0.6003637766543497
A59S,G62V	-2.1085227666952804
I11L,N13Y	-1.757369223659987
I2M,T19N	-1.84511531584723
G51D,V72I	0.29858057734467935
L7F,P9T	-0.6930394036970966
E50D,Q68T	-0.20921887420128812
L7S,D10A	-2.950372427610006
G51V,A52D	-0.07607644452310129
T33A,E49V	-0.1280580922838055
D25Y,K30T	-1.5554070427205529
I4L	-0.10969437715971239
G37V,F42Y	-1.4631895774978583
E50Y,D58V	-0.5932678192652139
D25H,K38L	-0.1644291860688799
N1D,N6S	-3.657832944314235
T33A,K38Q	-0.19144931703196366
E35V,V45I	-0.41974698862499693
D58V,Q68R	0.18672894735950268
P9A,K14R	0.08973119857774559
G37E,E48L	-0.3474043313568823
A59G,N61I	-1.405475263164197
T33N,K40N	-1.767586418002902
A59G,G67V	-1.5501326610681283
S29I,K40R	-1.5778872993151316
I26S,E49G	-4.850165799324683
A32P,K38I	-0.5474777860228572
D18G,T19A	-0.07576495223550524
A56V,E69K	0.09963271466153825
D10F,D12A	-1.5237321682790168
E55D,A56T	-0.13378349016817534
N6I,I11L	-3.5246325665471643
H8L,P9L	-0.12198142747523442
N36T,G43V	-4.6764695322728915
F3Y,A15L	-0.28230498285827976
L27M,E35K	-0.0706860186395701
N13I,F20Y	-2.952773218482037
I4S,D12A	-5.027102603762394
G62C,A73T	-0.7129845328385072
D58I,L60V	0.005663035805818856
I57S,D58G	-0.6975492893350169
L27V,A32T	-2.24416776841174
N6Y,P9S	-0.5640047647389844
D58E,P74H	0.016745977724276478
G43W,E48Q	-4.069763322622449
L60V,P74A	0.029454281284552526
L65V,I70V	0.03277274068249432
D12N,L16S	-3.7214428989915755
G67S,I70V	-0.12471036530994405
N13D,V22A	-0.5110927971441638
D25V,T33N	-0.20276455799574594
A56P,L65V	-3.45233181276675
H8Q,N13V	-0.8640083186234274
L64M,L65T	-0.8513809820912464
A52G,Q68R	0.07739689368720937
L60V,I70S	-2.4116306267971797
G0D,I11M	-3.2053406797831343
L27W,F42V	-2.866508261508183
D58G,N66K	-0.13193628185524026
N13T,Y17H	0.23999418674965126
N1K,D10Y	-3.1435542526867843
D25S,D34G	-0.007327079037236233
V45I	-0.2999185292237718
I2L,K14M	-0.7383299332004144
A56T,G67C	-1.3063277027500189
A52P,N61H	-0.1612066591990237
N61K,Q68K	0.2053581702444976
D58G,A73G	0.17394860663248143
L16A	-2.029708311551218
A52S,A73S	-0.3361903269705239
E50N,N66H	-0.5379463704937019
Y71H,A73S	-0.8585671369746473
D58G,M63T	-0.3748090431127192
A52H	-0.2580762697497232
I4T,K5N	-4.008266639687301
A56S,A59E	-0.3798805750379758
D58Y,N66I	-0.3799537973488818
T33P,N36S	-0.6446993460040359
H46L,E49G	-2.17842199227781
L27W,F47Y	-0.9611340910327959
A59S,M63K	-0.35506340781182905
Y71C,P74R	-0.6565901966443126
T19A,F23A	-0.6833174098283695
N6K,Y17F	-0.3864298051976389
G51R,I70V	0.012907542626056088
N1T,G24C	-5.719408677779168
E35Q,N36K	0.32432155827139947
D34N,F42V	-1.9787390756153922
K30Q,H46Q	-2.2506615732384576
E55D,G62R	0.30490699575216207
D34Q,H46Q	-0.5692274854411533
G37V,E49K	-0.4304693005938249
I26S,K30T	-5.247744317419338
A32G,F47S	-4.932054907603436
A32P,E48Q	-0.2943141396432244
E55R	-0.4384817974290598
K5T,G24R	-6.351889457664113
K30R,H46Q	-1.0806953589182708
N1D	-3.6371772211151834
L65Q,P74S	-1.6510670734465305
S39F,E49L	-0.5526488444140993
I2T,N6H	-1.3550193588458441
K5Q,D10V	-3.364637782815201
L65S,P74R	-0.3283849705420951
K14R,T19S	0.2473644060357009
K54T,Y71N	-1.2765800154259588
A32V,F47V	-3.1777152763765857
D58A,N66I	-0.17504883996578902
D34Y,K38E	-0.18976400950073988
A52V,M63N	-0.18079181221340396
A52T,K54R	-0.032143946382843125
I4C,P9R	-0.7700574461500802
A56S,L64M	-0.1305426401825835
D25N,G41R	0.16906967253074523
N1S,H8L	-3.7130643014076625
V72G,P74A	-2.1490387229642414
G51R,P74S	-0.10325547784857458
A59T,E69D	-0.10540459700013179
F3Y,P9T	0.1512706885855954
Q68K,I70L	0.3222052893137861
K38N,H46L	-2.084648856258294
I4T,I11N	-4.629069689724001
K30N,F47Y	-2.409834297575512
A32P,F42I	-2.6954980896649188
L65S,V72F	-3.179717789138626
N13I,A15T	-0.4677760361967082
E50H,I70F	-1.0159360271933093
N6S,D10E	-0.7171733867862446
N36S,G43V	-4.63335097641247
N61I,Y71G	-2.678670937621012
L64R,G67E	-0.27868543719102
A32V,F42C	-2.552510751561684
D12G,D18H	-0.6020394361991068
S29M,E49G	-2.129304191222727
K5D	-2.7366393712223966
L65S,G67D	-0.7097488631570485
G51R,E55K	-0.2862459018163932
I4S,N6D	-4.948244560093106
E50V,I70M	-0.08982052971080169
I11T,A15T	-1.1751072286838697
D12E,L16M	-1.0735883138686428
I26V,G41V	-3.450198422434144
G51D,A52G	-0.11266281679631263
M63E,E69A	-0.30625999142698773
I31L,V45I	-0.29326611276575204
G51A,N66Q	-0.009088613697113973
A56S,L65W	-0.7119755099864036
N1K,S21P	-5.54113554262591
A59P,N66Y	-4.145761619346121
A59V,M63R	-0.4794594691721521
E55G,M63L	-0.3001967884380258
N61V,M63L	-0.5041031259045547
N36S,E48G	-0.18258167627357597
F3V,D10H	-3.3905249206489656
F3I,P9T	-2.514157401252601
S28F,F42C	-5.2643395430384246
A52V,Q68L	0.1909744218432325
E55A,A59T	-0.08947552132096864
Q68K,E69K	0.3151265674547914
P9S,F23I	-0.8702416002664126
G51C,A53T	-1.1308189950325644
N6H,D18A	-0.2844234115731251
E55A,A59D	-0.5754632803365476
F3L,G24A	-4.71949877075158
L64Q,Y71C	-0.8321916763690714
K14M,S21C	-1.1161147957509643
K40Q,F47I	-3.43476767523336
N66I,V72A	-0.4640095633003398
I31T,V45I	-1.4263344878324848
D25E,K30S	-1.882826533350296
D58E,E69T	0.14804231251504704
N13Y,Y17R	-1.201178718738261
N6K,P9L	-0.31115073938714416
N61D,Q68K	0.11355871502448138
G41D,F47C	-5.431924235804567
A32V,G41A	-0.5610457100275084
A52D,E69H	-0.05318386790369291
I2M,L16M	-1.5011707225390927
A56D,A59T	-3.636111823873619
L27F,S29I	-2.090925199336878
S39Y,V45L	-3.101250404157785
F3V,S21F	-4.156737402899587
L60M,I70S	-2.4058501992599073
H8N,F23C	-1.8855737442981448
A52V,N66C	-0.07932751309769095
L60S,G62V	-2.530202169205489
I11V,D18Y	-0.7102787340584222
D12Y,L16S	-5.11542562972037
N66H,G67R	-0.39717182284042263
L60M	-0.18369986601185787
G62D,L65F	-0.6825994460908518
A56T,A59I	-0.5731681033995546
A59G,N66S	-0.3110622819857096
S39F,G41A	-1.5648625815685282
A52S,G67S	-0.004648070508095584
I4L,G24A	-2.677190068915247
I11F,K14E	-2.7893454184445625
H46R,E49V	-2.496424192433329
G0A,N6K	-1.069271616859237
I26F,E49K	-3.8359145441759988
D12S,D18E	0.04224277985957517
T33I,K38R	-0.13403508613111764
A52T,A53V	-0.9730208150649242
E69V,Y71S	-1.0759871024028713
N6Y,A15T	-0.29984304644340143
S29C,I31S	-1.6016213686977034
N1I,F23C	-5.134950097767232
I26L,K30Q	-3.2302985761208722
I11L,T19N	-1.3324108072574323
L7M,S21A	-0.4329300453020947
Y71S	-1.3418389002780322
I31T,T33A	-1.0830019369571593
E50D,A59N	-0.3984883618320673
G51A,V72G	-1.8292150067587158
K54Q,N66T	-0.05807709285188642
S29R,F42N	-5.330554492203765
N61H,N66I	-0.07548345439865714
N6T,A15I	-1.8854958534888744
S39A,G41A	-1.0672416702569854
F42C,F47Y	-2.4905819601993153
A52T,G62S	-0.3392017402814715
N13S,F20C	0.051895526508280714
F3S,S21C	-3.7506292223528366
S29R,D34A	-3.444371305157911
E50T,E55D	0.00017803198957999644
K14E,Y17S	-2.3510922169719923
N36H,G41V	-3.274027315713368
H8P,V22E	-0.20815508640414038
E55A,N66H	-0.4170713441723697
G43A,H46P	-4.527016041044642
L65S,G67C	-1.3668523486044695
M63K,L65F	-0.19897796834124104
Y17S,V22E	-0.8833748140550564
N13H,F20C	-0.18176638375764237
L64Q,I70L	0.05356566217388953
T33N,K38N	-0.34984531947380215
I70K	-3.4300862573526816
S29R,G43E	-6.119479810477742
G51P,E69D	-0.4598785288752063
K54N,G67A	-0.3383434302635626
N61Q,M63K	-0.29126619363164585
L7V,A15D	-0.7817359596119502
A53G,E55S	-0.2685483995833902
G51D,A52S	0.11879644411481906
G51D,M63K	-0.25164518682289666
S29F,S39T	-2.632494193372969
G41A,V45I	-0.9779999575687882
G0V,T19N	-3.247453133612952
S29R,N36Q	-3.0009245450202497
N36S,S39V	-0.5145705707647801
K38I,F44I	-4.417373189276084
I2L,K5N	-2.575965891996915
E50G,D58G	-0.3012583697216487
G41R,F47V	-3.464287144315695
L7M,G24C	-3.635992108917517
A59D,I70V	-0.6095831602084786
K5N,T19N	-3.610659805768147
F3S,F20C	-3.616399793772732
F3L,A15G	-3.601070537094261
K30M,D34G	-1.3867899001412443
F3S,D10G	-3.735789815813968
K30N,E48Q	-2.1098576628934542
K30R,S39A	-1.2353441113836456
F3I,F20Y	-3.9637382625268915
K38N,E48A	-0.006116369152668749
E50A,A53S	-0.15581290898163172
E35G,E48Y	-0.43974894677179693
D58V,Y71F	-0.39716661665162745
E50A,Q68L	0.044514109649257554
S39T,F42C	-2.8815554821312213
D34T,E35D	0.015542435193324374
V45F,H46N	-4.61797189658882
S29I,G37A	-1.7605740334688251
I11S,Y17C	-3.996579136224601
S29G,A32T	-1.6221649950087167
A52Y,M63I	-0.3386772530137283
D25A,S29I	-1.5237003395719753
N13D,K14T	-1.5141610191402481
D25Y,G43A	-0.3737574383175969
N36Y,G43E	-4.623526701064365
I70L,V72A	0.14064775695607853
A52T,I70M	-0.1317061253815579
L60F,L65V	-0.664206164244206
K30E,E49A	-3.4809643165371833
E50K,A59H	-0.746106526795754
N6D,K14T	-2.6459005675434852
I11L,F23S	-3.7721109185483574
I4F,L7S	-4.5673306139124445
A52V,E55Q	-0.05641741083207491
A15G,F20S	-1.7712758667692876
F23I,G24S	-3.2102565891471073
K30R,K38I	-0.8405254550687644
A53T,L64M	-0.8166704786001282
E55K,A59P	-3.9759879748534344
I2N,P9S	-2.9174298045963285
N1K,D18A	-3.0631968941781667
N36I,F47L	-1.3416221475697407
E55Q,V72G	-2.004428675823222
E50H,E69D	-0.7569676878152234
L27W,V45A	-1.9096265062734457
D25Y,N36H	-0.16508971349739526
K38I,K40T	-2.836190553804107
N36D,H46Y	-3.005216125151632
G62S,P74T	-0.2784293906687244
I31T,H46Y	-3.5726875823260658
K5M,A15V	-3.7335977884575926
L7F,F20I	-1.7971195524372727
A32D,G37R	-2.020201096225171
A56G,G67D	-1.289808559695416
I4T,G24S	-3.4314016788398725
N1I,N13Y	-4.713134586071194
E69A	-0.027901229176381374
D25N,K40Q	-0.6408231144384552
N1Y,F23C	-5.62412600817386
T33R,N36T	-0.2110675183472596
G43R,E49K	-4.48286558170783
N66S,E69G	-0.2628553974184953
L16W,G24C	-6.0851768330076474
T33P,E49V	-0.6228738400548
D34N,H46D	-2.6032436399359327
K30E,F44Y	-3.4294205146106034
D10V,V22E	-0.6239417425054972
P9S,D10Y	-0.1182034096017457
I4L,D10G	-0.6809386363601279
V22E,G24S	-2.122668560734648
H8L,L16W	-4.330695773881901
L60S,N66Y	-0.8590228376452471
P9H,D10V	-0.26797208369574516
N13T,F23V	-1.6073441069722207
A53S,P74S	-0.11658800362596802
N36A	0.21780677544056873
K30N,S39R	-3.012099604943649
F3V,N6D	-4.581826049918696
D25V,I26V	-0.22217980839249762
I11V,T19I	-0.7171405373303494
G0V,N6H	-2.8672539865019027
G0S,D10N	-0.9478766424565284
A56G,N66T	-1.4051287748838184
P9S,G24A	-2.0902517324445222
E50Q,M63I	-0.3126421446482086
D25K,K38Q	-0.11195801043774968
N13D,G24R	-4.040517853971747
F44Y,H46D	-2.528243191717635
G0D,K5Q	-4.906074159220525
Q68K,I70T	-0.3958415076028811
D25V,S29I	-1.5728518276736638
I57L,D58Y	-0.3689562859769577
P9T,K14M	-0.6944569842040114
G51S,I57N	-0.86286324565128
I31V,E35D	0.003994903078658806
G41A,F47Y	-0.6914371370053831
D58H,Q68L	-0.018763150271287922
N6K,Y17H	-0.2135194765592402
A32T,N36Y	-1.058835506112887
L27S,E48G	-0.5185484704829182
I57V,A59T	0.009649576101317716
K30N,F42I	-4.424717597224311
L27V,K38I	-1.1910773289537
D12A,D18N	-1.114359412341837
D12V,Y17C	-2.6671538126050383
P9L,F23S	-3.1227529818408906
A59V,Q68H	0.07543741028861278
G67A,I70T	-1.793171178083976
N1H,D18H	-3.920915677595448
G43R,F47V	-6.787515662781649
L7S,N13K	-4.8899478961667935
I4S,L7M	-4.146998554919249
L64R,N66H	-0.42203009891764776
D10E,L16W	-4.398994327040434
E55D,Y71T	-0.5685738529135598
A56T,P74S	-0.3689880610909547
N6D,L7F	-2.4539147572510567
A56D,Y71H	-4.076304409285423
D12H,V22M	-0.28540743748548325
G51S,Y71C	-0.5283553811376479
D12A,N13D	-1.25832964972791
K38N,F44C	-3.4080727069081127
I31S,S39F	-3.650309014526987
K5R,H8L	-0.5488855580808696
S28F,F47I	-5.536927725629955
D12N,A15D	-0.6329264382859368
N66R,Q68H	-0.010630437710507604
A15G,S21T	-0.47573683414475143
I2L,F3L	-2.7835853702103375
L27M,E35A	-0.003010909624522924
D12N,A15T	0.06801286937776682
E35A,H46R	-2.5108233440616803
T33N,G41C	-0.2243783891035429
K54M,L64R	-0.19357026676287994
L60S,G62D	-1.2730023638590748
N1Y,P9A	-4.229327073185534
K54H	-0.2372766528651784
A53I,E69V	-1.3769458553013028
N6S,Y17C	-1.293875213543182
N36Y,E48K	0.09202684903708638
D25Y,S29I	-1.6560067628913584
N36K,H46D	-2.460766747758095
L16M,D18I	-0.32056251613405234
L60C,L65W	-0.7682357455405275
D12V,V22A	-1.6496106976427267
S29N,I31L	-0.7523852681320347
I26V,I31T	-1.496127485315161
V22G,G24C	-3.5064091540788374
K40N,F42L	-4.651538439933217
K14T,Y17N	-1.2307282494480973
I4F,S21Y	-2.2394687108902587
A59S,A73V	-0.46162410697207157
A53S,I70N	-3.304979124994924
G41C,V45D	-4.634759609316186
D25V,T33S	0.04952469534868835
K54D	-0.15876348355749084
F20I,S21A	-0.7550314067989408
N1D,I4L	-3.588051608629979
A53D,P74R	-1.249410938695056
K5R,D12A	-1.5595050212777806
T19P,F23Y	-4.022172984234736
H8L,N13Y	-1.5593025164681593
N1I,I11M	-4.249198416100811
N1T,L7F	-4.491318101466826
E55Q,L60S	-0.571666418528082
L7M,P9H	-0.4180508219620114
A56D,A73T	-3.9055744477690824
A32S,K38Y	-0.7969709622043096
D25V,K40Q	-0.6064738282487656
A56V	-0.05370566077498326
K30R,T33P	-1.592393845938333
I57L,M63T	-0.4571348879766782
L60W,I70L	-0.7006746232780343
F42V,V45F	-5.2228704255084395
A32D,E48A	-1.0186260462322132
I26M,S28F	-5.470772875616415
D34Y,N36D	0.002901536304932388
M63T,L65F	-0.23510088079099134
N6I,F20Y	-4.678489247945857
V45N	-3.3730403750264815
L64V,I70T	-0.522371157752252
N6T,F20Y	-3.938101369723332
D12E,S21Y	-1.1150952897054138
S28P,F47S	-6.607795056668293
D34N,E35V	0.08818948078978915
S39C,E48Q	-0.6517966963988624
N1I,F3Y	-3.1258403422661614
G51S,E55G	-0.2543927936970649
A53S,E55R	-0.3288829936463622
N36S,F44C	-3.530625153432405
I2V,K14S	-0.9579871754306866
A52D,V72T	-0.6765685356835613
N13K,T19N	-2.860859373541643
S28F,K40M	-4.064859180950258
T33P,N36D	-0.6437879919393504
N6Y,D18Y	-0.9159398661985314
I2M,F3L	-3.816020217078332
A32V,D34N	-0.24134231232512998
G51V,D58A	-0.03493366973572351
G0V,L7W	-5.68286677574986
H8N,S21A	-0.1854797984248961
F44L,V45S	-5.834580156535635
A32G,H46D	-3.4802285533159276
E55R,Y71N	-1.5209163150760387
G62A,I70M	-0.7693039559385277
H8K	-0.23408595055771622
D34G,H46Y	-3.0709043802893468
F3L,K14M	-4.16516538337492
E50N,L60S	-0.7117453588569422
I57V,E69A	0.08373519840979114
I31M,A32D	-2.428710960379802
L16V,S21A	-0.8423865787665419
A59V,M63T	-0.27358432099163776
K38Q,F47C	-3.032350575693701
Q68L,Y71D	-2.0495405474108086
E50K,L65V	-0.1838337612560244
F44C,F47S	-6.42324097228091
A59D,G62A	-1.343988983650942
G41D,H46Q	-2.7743586888466027
I57N,E69G	-1.408322736314887
G0S,K5T	-4.021784999131713
D58G,L64M	-0.034560847378417414
T33F,K40Q	-0.861216855227638
A59G,L64P	-0.3525777360682874
E50V,N61D	-0.15569736701031872
I4F,N6T	-4.116974814943941
E55D,N66Y	-0.29090243421357415
H8P,I11L	-0.22311721972876933
H8P,N13T	0.2864544880694144
S28P,K30N	-5.576523381368654
F3S,H8Y	-4.435575127996912
E35D,F47S	-4.340339939392089
A59T,L65V	0.05727461663454799
E50G,K54Q	-0.21143461434956606
E50V,A53T	-1.0232366510763267
I70L,V72G	-1.7020468401705862
S39C,K40N	-2.432209624380951
N6D,N13K	-2.921663124113372
I26S,S39A	-4.579612247524915
A52P,I70N	-3.8543512656975896
I11V,K14Q	-1.0366717293367393
N66Y,G67R	-0.5196278273448198
K14S	-1.0173844087202617
T33A,K40Q	-0.8310802267473504
L60V,M63V	0.13511184466366588
I11N,F23L	-4.493006092950648
K5E,D18A	-3.0912409749022824
S39C,F47Y	-0.9537246606853697
I11V,L16W	-4.144345792246531
D25E,I26G	-3.534949711535974
E50T,I57T	-0.4134443421305283
I57V,N66K	-0.07542443904885848
I2V,F20V	-0.48392730453230437
I4T,L7F	-2.666923976137428
A52G,A73P	-4.4950512588099665
I26F,A32D	-5.05883161592173
F44I,F47C	-6.298740910750378
V22W	-1.2981175492129626
E50A,M63E	-0.47024928397050897
D25E,F42L	-3.189608442575239
D10E,A15S	-0.13730229749507666
P9L,T19P	-3.7490699473896822
L60S,M63L	-0.4349252210748164
D58A,Q68Y	-0.10737488396460386
H8Q,D18G	-0.7604072778840436
A56P,Y71C	-3.9941163104422666
E35S,G37R	0.08467147410709658
K40T,H46L	-4.722026346151844
L27W,K30R	-1.4702047578786392
L7M,P9L	-0.41712779733110383
A59D,E69K	-0.2725723286462409
K54R,I70F	-0.5392635498019238
K54T,I57T	-0.21512877733277053
I4N,L7F	-4.42843755492565
S28Y,D34N	-3.583683598231253
A52S,A56D	-3.5604075962479156
N61K,G67R	-0.4525090783604404
H8R,P9L	-0.4375240489407639
I70L,P74T	0.04267808677761347
K54T,E55A	-0.1816777579527934
S28A,E48D	-2.3133042623783933
N61T,G62V	-2.4850448846260336
T19A,F20I	-0.2903676003842922
E50Y,Q68L	-0.3588614834199318
A56S,Q68H	-0.1441066626017391
E55K,G62A	-0.624127322124217
H8P,A15D	-0.3470134928066141
N6Y,Y17N	-0.5345165127940773
N1S,S21P	-5.907029592212798
S29R,K30M	-4.390476262133353
I2N,F23V	-4.486889932165696
P9R,D12E	-0.5574502861407011
G67C,I70M	-0.6407281594142951
E50K,E55S	-0.30472370291023737
I31V,G43R	-3.7922078451347794
L16W,T19N	-4.88979295192199
G37C,K38N	-0.2902830924553678
D12E,D18V	-0.6878990103169257
I4S,D18A	-3.3794293150782373
N6I,F20L	-3.083839058317385
M63I,I70N	-3.3805551213518683
S28A,F47L	-3.108739555494865
I4N,K14E	-4.61193398930106
A52V,A73V	-0.40124580498873275
K54Y,L65F	-0.1730105428093655
N1L	-2.839913755043083
L60S,E69G	-0.6990107741331865
I4V,N13T	0.002684776054957941
I26T,G43A	-2.4896072272643996
L16S,S21P	-5.710180079229948
N1D,L16F	-3.16612648257004
D34E,E48K	0.09616577430062004
K38N,G41H	-0.6440607319909772
I2L,V22I	0.15105180674535412
T19S,S21P	-3.5664171864887444
N66Y,A73T	-0.6578655564959212
G62R,Q68R	0.4931401232024707
P9R,V22M	-0.015982128523223726
N1S,D18H	-3.440936303375576
L60F,N66D	-0.8420710259404749
K38N,G41A	-0.5286196000257357
D10G,Y17L	-0.7340139094113126
G0D,D10G	-2.501466373066277
K14R,F23S	-3.0871533079617564
L27W,E48A	-0.3393391182792435
N61T,P74T	-0.16647128944239642
Q68R,Y71H	-0.288514708787905
I31F,E48K	-1.7705161555209141
Y71G	-1.43727993401417
A56D,N66S	-3.7213430122721882
E55I,A59S	-0.382924173712038
N13Y,V22E	-1.501228518275509
N6Y,S21C	-0.5951234084592376
K54H,V72L	-0.10366737699103123
A52G,I70N	-3.9073186325124336
A56T,Y71C	-1.08474578021795
I11F,D18G	-1.115073941861952
Y17F,D18F	-0.2775797385787161
E50K,N66K	-0.2889781209757642
D12N,S21T	-0.3113343918127237
G51A,D58V	-0.04848114620857788
N36I,E49Q	-0.16578353088137823
L64V,E69V	0.0666837728270038
T33I,E35D	-0.056072543164586944
N1I,A15D	-4.083387929840933
E55D,N61I	-0.6514639096995571
P9R,L16M	-0.1878775173134782
D34N,K40R	-0.0010348832016146697
N1H,K5R	-4.039130562947258
E35K,K38T	-0.033340654387118515
D58Y,G62A	-0.6422137843785959
N61D,G62C	-0.5839402108595486
K38R,S39T	-0.26044471821290205
M63R,N66S	-0.5744109401910941
D58N,I70R	-3.339730902148148
D12A,N13H	-1.4419495921272523
I4N,Y17C	-4.201649691491603
N1Y,N6H	-4.4733322268693625
G62V,A73T	-2.3084482777481248
D34A,S39Y	-1.6249910612929002
H8N	-0.022492112007989905
E55K,A59T	-0.24434560691346263
A32S,E49V	-0.33942325838788556
I11S,L16M	-3.6733532099677113
N1Y,I2L	-4.115942125356298
A52V,P74H	0.0022991964336539286
K30R,I31S	-2.776684215439589
K30E,K38E	-3.92068911110123
K14M,S21F	-1.3788257393813137
D10V,F20C	-0.3916191216322247
Q68K,A73V	-0.1670726872866699
K54Q,E69A	0.039215840466931905
D34N,F47V	-3.6078193750343037
F23S,G24V	-6.067291257403803
G62R,I70M	-0.1746296059957628
F3C,Y17H	-3.4682449229062304
S29N,E35K	-0.853840278198289
D12H,F23S	-3.576015716135546
M63V,L64T	-0.12173550539262959
I2S,K14Q	-4.4881389516917185
N6H,Y17H	-0.1548906116632755
N36M	-0.00900110531572404
N66H,E69S	-0.38865121703404076
N61D,Q68R	0.20180419310745237
E55Q,A56P	-3.5344309553330158
K54Q,L60F	-0.7000597900724208
L65S,N66S	-0.34929467173642736
I4T,G24V	-5.022452172635656
S39A,G41P	-3.1029657713954415
T33Y,K38T	-0.3457162981101723
F3Y,V22L	0.15490563930344547
I26M,T33N	-3.2773612496684974
A52V,D58E	0.18070854122048735
M63R,V72A	-0.38453097733967434
D34T,N36K	0.014659984942843832
A52S	0.24400735318304484
G51S,A59D	-0.49125590933338115
I31T,K40Q	-2.0536502989312435
G51R,Q68L	0.13511371048301707
I2V,F20S	-1.7273380397331008
G62A,G67R	-1.013267438504211
A52D,A53T	-1.0128930538429333
D25V,K30M	-1.0787138706242803
Q68E,E69R	-0.17287105094717245
L27S,H46L	-2.3318269248492305
F3S,L16F	-3.4722564514951646
K14T,L16M	-1.4296528562655213
I2N,D10H	-2.6293332075093208
G51D,I70V	0.1750158002951497
D25V,K40T	-2.5068460976706453
N1Y,I11S	-6.383459072550933
D10N,K14H	-0.860846725510616
L60V,E69A	0.222737716894956
F3C,P9R	-3.4094009062539268
K54T,V72F	-2.5809941368148737
K38I,F47Y	-0.19626567788697916
E50G,K54T	-0.30198853692790906
G24V	-3.600668248641025
D58H,Q68I	-0.2731727752683877
S29R,S39P	-3.4308044428258713
N1T,I4F	-5.227808255183323
I26M,A32P	-3.3447154845186904
P9R,I11L	-0.4324452691106408
Q68L,I70S	-2.2903974577556045
N36Y,E49G	-0.37125098026557846
K38R,E48G	-0.1941598955790037
L60S,N61H	-0.4302311720345957
N13K,T19P	-5.197418706931391
A32D,F44Y	-1.95845258677753
N1H,N6Y	-4.5532119285699455
D12G,G24D	-3.998975193600068
L60F,V72L	-0.6766463597277137
N1D,L16M	-3.6283490149368984
I57M,N66S	-0.19058519403128726
E35G,K40Q	-0.7327636525459506
A32D,F42C	-4.108628922907801
N36D,F44S	-3.7599605100146283
A53G,N66H	-0.4447758157749611
F3S,P9H	-3.527167287664443
A52T,Q68R	0.19804706582117013
E55K,N61D	-0.2933580126645079
H8Q,T19N	-1.537035823054277
I26M,F47L	-3.8594409047985145
G0V,V22I	-2.1593819287123885
K38I,G43E	-4.539142717534961
E55Q,D58E	0.015219636579504578
A32Y,K38N	-1.083542117764957
L7V,A15P	-3.333769153260649
A59D,L64Q	-0.6378370032305222
D12A,N13S	-0.8655540204113454
D10N,D12E	-0.8408039633943772
A52T,M63I	-0.0746174266753585
N1T,A15S	-3.8979004040596115
N13H,Y17F	-0.29346989651043365
I26M,E35V	-2.6366819406176334
N6T,S21T	-2.1138372019397
A52R,K54T	-0.05182622827344027
F3S,F20L	-3.212654567740536
H8Q,K14T	-1.5166364235855547
L64M,Y71H	-0.6110539619513073
E48L	-0.1162751301911534
N6K,I11T	-1.9780907357120694
E50A,N61H	-0.11662232361630809
I2T,V22R	-1.002078936389141
S28F	-3.606670964197148
N6H,A15S	-0.16711662165387747
G0A,N6D	-1.822300261915967
A52P,N66K	-0.25893784571594325
E50S,I70L	-0.07881024911362439
A32D,F42V	-3.592195197456073
A32T,G41S	-1.2528976939368646
I57L,Y71T	-0.7767748879754635
I57T,A73S	-0.5944139369873744
A52T,N61K	0.04190524381615762
G67V,A73T	-1.5324998287193148
I31L,V45A	-0.3978862375563428
I26N,N36T	-4.578023743131309
E50A,N66D	-0.22287972145789325
I11T,V22G	-2.1457108300458225
A53V,I70M	-1.0823662653494264
S28C,E35A	-1.2207868385555498
I11M,D12E	-1.453324464937337
L7F,K14M	-1.60997991054064
F44M,E49D	-2.282893407854988
F47P	-4.714920351556895
K54R,N66H	-0.3201150175912563
D18E,V22S	-0.13629107227282877
N6F,P9N	-0.8329882817533687
K40M,G43E	-4.96523606751561
N61H,G62S	-0.2142239035584177
F20I,S21C	-1.0215192307459833
P9L,G24A	-2.112532951325022
D12E,F20C	-0.8006747735364067
I2F	-3.711388104272056
N6M	-1.754505336404582
D25E,K30E	-3.738866452638059
N61I,I70T	-2.6285640611559495
E50T	-0.09895848707272512
D10R,T19N	-1.750395709145303
I4V,K5T	-3.614364435647654
K5N,F20V	-3.521839513090004
E50K,P74A	-0.2532583748326679
D58Y,M63N	-0.4017620988267261
N13H,G24R	-4.396467198351712
L16W,T19I	-4.120234631119276
L7S,V22A	-3.416347314218199
M63N,E69V	-0.2722318776060456
N6C,P9S	-1.0878714735421342
K14T,S21F	-1.5542445057118248
F47Y,E49Q	0.011048413306507823
N36D,K38I	-0.15470797688790336
T33M,G41R	0.0031274785942257115
P9H,D12E	-0.6870595145568426
K30R,E48D	-0.9281884557053851
F20L,G24C	-3.422307125507589
E55K,N66Y	-0.6525722999607294
H8L,G24R	-4.465431228642862
A52G,P74H	-0.25352708711086125
G62C,I70S	-3.4683128765516433
G37E,S39P	-0.9655841630618844
F3I,D18N	-2.5741519279884932
D34Y,E48A	0.1462917719715655
A53G,L65S	-0.5677425940599653
Y17F,F20V	-0.40365150644813935
D18V,T19K	-0.6355214702986144
G62A,A73G	-0.3942356110221982
A56V,N66R	-0.25952146889057415
L60F,Q68P	-2.941218128440817
I4L,F20I	-1.2496081685012204
N66T,G67T	-0.5117250033911995
K40Q,F44L	-4.7806716530618445
K54Q,M63S	-0.3689569656709739
I2V,S21A	-0.2321103562774715
M63T,L65Y	-0.7433010164006272
N61H,N66Y	-0.3171107797849279
A53S,A56G	-1.2629718753551242
A56P,I70V	-3.5772979405009258
A53D,I57F	-2.9306543696323724
H8L,T19S	-0.25650782011220663
I4N,Y17H	-3.1044767926614196
I57M,N61R	-0.44692325030374025
K54R,I57T	-0.1226917284182545
D58A,A59G	-0.24396279257040648
L27W,F47V	-3.709494025858548
T33N,E49R	-0.1062584969528362
L7M,F23C	-2.5844893319674576
G51C,A56V	-0.18235719130680056
S28T,K40Q	-3.2552422732945034
Y17H,F20L	0.2919323310138991
L60Y	-0.8466653861142199
L7V,I11L	-0.6467635275128527
I70V,A73G	0.20562078551505691
A56D,A73G	-3.421005324674109
K5E,N6K	-3.449958058510378
N6H,Y17C	-1.0304373699824252
E50D,V72G	-2.2098767841887095
Y17S,F20C	-0.7626242120980604
G67C,Y71S	-1.6227170397808928
A53D,L60I	-1.5024473535871168
T33I,F42C	-2.576788413802551
G62C,V72G	-2.937459023535739
F23G	-2.6005594621678423
L16K	-3.6646677149622495
I2V,S21F	-0.47114976831638716
I4F,K5N	-4.423877237978334
M63V,E69V	-0.12128201565777672
K30N,I31F	-4.661597678427786
E69V,I70L	0.1481667116368004
S21C,F23S	-3.6287789517582847
E50K,K54R	-0.2861792336908981
D10A,D12S	-0.14547861799170292
E50A,L60S	-0.6064574944802982
G51C,L64Q	-0.22988311347366405
G41V,E49G	-3.7489441244610298
F3Y,S21F	-0.46276419659338586
N1I,I11T	-4.854034522160418
F3I,G24C	-4.629842392931364
D10N,K14Q	-0.8736634336856327
A59T,L64V	0.16351097408727922
E50A,G62D	-0.7463911169147439
G41R,E49R	0.2931939589646677
T33S,H46R	-2.6719496868108177
G51C,N61M	-0.6901966817469132
I26S,E35Q	-4.240045720879982
N61R,L65F	-0.1781645269449179
D10E,T19P	-3.9174449852022004
N1D,F3C	-5.683989131237338
D25Y,H46N	-1.99416019600968
G0A,N1K	-3.2502805409957674
N6D,A15S	-1.0789369571528804
G62F	-0.5802213589746443
I4T,N6S	-2.191761010429848
A73P,P74R	-3.936670560592582
I26T,L27V	-3.7297567933204983
A15V,S21F	-0.5611064598418152
G51A,A53G	-0.1303150764046016
S28C,S29T	-2.4680174305030764
K54R,I57L	-0.12476887071636539
D25N,T33P	-0.445354194062813
D25Y,T33A	-0.24322427958108006
I11F,V22M	-0.7775769649451051
K38E,G43V	-4.7594300849334825
I26M,E49D	-2.197848154668677
S29I,F42Y	-2.0233069227476443
D10E,D18A	-0.30034137715360437
G51D,K54M	-0.02154445857813901
I4M,K5Q	-3.614912054565083
P9L,Y17N	-0.048924435517394366
N66H,E69G	-0.413976356728261
F42Y,E48D	-0.47298404436087127
A53D,I57V	-1.3236262627777924
A52S,N61I	-1.0372115678361618
D25E,S29G	-0.39023688285427416
D58E,Q68P	-1.7178029281708174
E50A,A59D	-0.6132774879650706
N61Y,N66S	-0.33145641092861006
S21T,F23V	-2.0078583770211127
D12Y,N13D	-1.9867460628001046
I57N	-0.6606880114205721
D18Y,G24S	-2.4294591461683837
E55R,G62A	-0.7470278389884195
L64Q,V72F	-2.681207208964832
Q68L,E69A	0.1984891833378509
D10A,G24V	-4.057200132964648
E50K,I57T	-0.4744436583836807
G41V,H46Q	-3.404986446067584
N1H,N6H	-4.277097833938991
H8D,Y17H	0.0727797231822991
G51A,V72L	0.13029567412945237
A52S,A59T	0.06016512268730081
A53V,E69G	-0.9931491812204803
T19N,G24A	-3.251171430377804
S39H,F44S	-4.542008279606578
E48A,E49P	-0.3773428780562037
A53V,P74T	-0.9497715263381726
L27F,K30E	-4.241521480580322
N13Y,F20S	-2.965969688226533
D25Y,E48V	-0.2048834674768416
E50G,E55G	-0.5299875774529665
N13S,V22A	-0.1398891547427995
I26L,H46D	-3.5909292198053255
A32V,G41R	-0.27862871879668827
S39T,G41R	-0.41093337766145144
H8N,N13K	-1.896216131588793
N61I,Y71H	-1.9211996827731297
I26L,S28A	-3.173643233724874
A52D,D58T	-0.10747592870460763
D58G,Y71H	-0.744389533587801
E50A,N61D	-0.23789495564107996
N66H,Y71S	-1.3662874065306148
A15C	-0.21288897316020958
A53L,E69V	-0.8024147360985767
L64M,L65V	0.05180332887988791
E50G,L60V	-0.07743277327066911
S39Y,E48Q	-0.6263555918060364
L27F,E35A	-0.38496707985446676
E50G,G67A	-0.4373826939395477
A56S,P74A	-0.24085129313375558
D25N,S39P	-0.08158600495751453
G0R,Y17F	-1.8408619626179863
G62R,I70L	0.2643475778602382
N36D,F47S	-4.519964231033358
F3L,D18A	-3.199308893298065
A52D,E55S	-0.12205206049986483
K38I,G41D	-2.495145544126399
G62C,A73S	-0.7875449619275611
D12H,L16W	-4.387874686367226
E35D,K38R	0.0021853750724625184
L27F,S28T	-2.885855421945984
I31N,G37R	-3.7749705166785326
G51D,Q68L	0.2571993376662838
E55G,E69D	-0.4365580839887693
K54E,Q68A	0.07100762744216671
A56S,D58N	-0.3519225656978613
G51A,A59V	-0.01869907051476922
I26N,F42V	-5.553369577256186
E50D,M63R	-0.6112786241306081
D12V,T19S	-1.5833224024816914
N61S,G62V	-2.241718935307757
D10V,N13I	-1.1423674415371612
P9A,Y17N	-0.08955929492544751
K54E,L64V	0.041572745951067774
F3I,N6D	-3.627087922097518
T33S,F44C	-3.6493304783180935
D25N,E48D	-0.1529225339823722
A52V,A59T	0.0420076995697554
F47C,E48Q	-2.584443342846643
E55Q,I70N	-3.428733213070437
A56T,N61H	-0.26500622017806114
I26F,E49D	-3.7545687313546123
G0S,I4V	-0.8148068708034214
A32D,H46R	-4.034035410854935
E55A,N66T	-0.18976253632626852
A52T,Q68H	0.043198036969439677
N61S,A73V	-0.28858230587953915
I2L,T19P	-2.9903873204805427
A73C	-0.14713880105661142
T19S,G24R	-3.981145341287858
E50V,L64S	-0.38417472537857417
I70F,A73G	-0.4840436650517978
I31F,D34E	-3.3755246756567003
E35Q,G43A	0.03130735533198458
N61K,Q68E	-0.015473301944657201
K54R,M63K	-0.31636195042564297
I11L,F20Y	-2.1810134418662592
D10G,D18V	-0.36747349388736156
G41V,G43A	-3.356926011770881
V22M,G24D	-3.105151880913837
K40M,F47I	-3.149404379610954
L65M,Y71F	-0.19715320369347675
K54M,I70S	-2.6724954046871705
M63T,I70M	-0.32498990398990324
G0A,I11V	-1.304190052381634
P9R,D18H	-0.0648336621846993
D10G,T19P	-3.8761339457199764
G37E,E49A	-0.34076458619925326
Y17C,D18A	-0.6875222416142908
E55V,A56D	-3.6811773711461613
I31S,D34V	-3.6509877014499352
D10Y,T19I	-0.7019147322302564
G0C,N13I	-2.3510367991089933
A56P,G62C	-4.145499651837991
A32S,K38T	-0.543884315004775
K54T,D58E	0.09022261843020135
N36Y,K40I	-0.9151511647673505
D58H,P74H	-0.2692012093308511
I57S,N66T	-1.075530564829464
F47Y,E49V	-0.0885381867738708
H8Q,Y17N	-0.4424547850239343
