variant	score
S28P,H79R,F81L,Y141H	-2.4433266397926685
S63P,Y180N	-2.006465032150415
K111M,N133Y	-0.26444101578069046
F97Y,K207E,I227V	-0.19463083889831628
Y64H,D80V,F128S,Q175R	-2.9286229231506087
L62P,I159V,G226E	-1.5069556891441178
Y37N,K111E,T223A	-0.47888795486857416
M86V,D100N,V161E,I227T	-1.2060146371351492
L42M,I165T	-0.09752561805862202
N119S,N147D	-0.0858580288217531
T60S,D195Y	-0.20908418955980268
H23R,F112L,N157D	-0.21898987254165725
S70G,S173G	0.06575317049824932
K129M,I159V	-0.20196487945223995
L62P,C68R,K111E,I121F,K138E,N162I,F221L,T228S	-3.0231021880020905
T60S,I96V,E109V,M151I	-0.05665586682145553
I121T,Q182R,V222A	-0.6978810589730762
K111M,I159V,N196S	-0.2241732735330016
I126T,I186F	0.010354291764233463
S145G,D178A,K212R	-0.23921629804604974
D115V,T116A,I169T	-0.3412915887487198
D17G,F25S,F97S,F112C,I134F,K138R,N144I,N162H,L205P	-2.5421797942575046
E140G,L193Q	-0.16400942397698817
T47A,Y104C,E220V,H229R,M231R	-1.8695308338469008
T47S,K105E,V148D,V174A	-1.547953875103787
C68G,M76T,L139Q,K154R,G189D,N210Y	-1.9991180219625937
F6S,L42P,F69L,S145C	-2.1173761610906032
N162D,A177T,S200C	-0.3349826197242673
D127G,N144S,V148A	-0.12467829445027728
H23N,L135P	-1.438673228369536
D80V,E130V,K138M,Q175R,K212R	-1.960676169453518
I45F,F97S,D101N,G136R,N162D,N210I	-1.7117487104347608
T61A,L62P,C68S,F82L,N210I,D214G,M216I	-2.825968176961072
P56H,T60S,F97S	-0.9635759554856662
F25I,L58P,C68G,V174A	-2.4996154583109638
F97L,N168D	0.020204911171476492
F82L,D127V,F163Y,I165M,L192P	-1.8804435201804124
K77R,I227T	-0.08336834932074366
E3V,F6S,T57N,Y90H,E93G,N183S,H197L,K207E	-3.160678698206061
V20I,T57A,H79R,K111E,I165V,T201A	-1.629257531189871
F112L,Y143C,D153V,D232N	-0.6059197756615345
D74G,K138E,I165T,D178G	-0.834995233646687
D17E,L51Q,N196Y,L205R	-1.8374458486502188
M151L,K154R,N162D	-0.13832741563898773
D131G,N142D,N144S	-0.14093838971491218
F44I,N147D,S173G,T223A	-0.5429729797753887
G29S,T47A,K105R,I150V	-1.06393727450074
N103S,V174E	0.06686955600214813
Y104C,Y149C,F163L,S203P	-1.7768077559195847
G38D,H75L,Q92L,E130G,D131V,S145T,K160R,I169V,V174A	-2.1778990673005287
D74G,E130V,N168I,D171G,V191A,S200G	-1.1667302187990038
N162D,V174E,T184A,T228A	-0.17594737687181314
D171G,V174M,D195G	-0.02159317914946672
T48A,T95A,T184S	-0.4470126148748561
E3G,F97S,T184S	-0.16907523242892902
F44L,E122V,V161A,I186V,N210S	-0.13779984822401337
F81L,H229L	-0.8260223524315378
E15G,L16P,K24E,V27E,T36S,I45L,L51P,V191A,D214G	-3.0313884053134967
F44L,F82Y,Y180F	-0.14554730840682573
V9A,L58I,S70G	-0.597489761824191
F163L,N183D,S203T,L218R	-1.330529822226688
L176P,D178G,D195G	-0.4184095444017871
G172D,Q202L	-0.3035445421476981
E93G,E122K,D153G,I169T	-0.4769459648773734
K164E,I165V,D208N,G226E	-0.24621920456822977
V20A,L58P,I227T	-2.295288114935158
T57I,K138E	-0.9836147248201366
V53G,T61A	-1.8506872222420379
V66A,I165S	-0.43727631717797444
V110A,K160E,H167Y	-0.8089690902338853
A152T	0.11775971015525181
L5P,K39R,K43R,L58P,N168S,Y180C	-1.9039434309319476
F6S,N21S,K154R	-0.7366129410435698
K1R,D19V,Y37H,K164R,E233D	0.10539249829683456
D17G,F44L,I45L,V91A,F97L,F112S,L135P	-2.5913633227987147
T7S,E88G,E122G,Q182R	-0.33856141671533674
D101V,K105R,L193P	-1.1345897965184124
Q92R,K124R,L135P,H167R	-3.0776648505259745
R107S,Q155L,T223A	-0.45054275974975017
L16P,D34G,C46R,V91I,D208G	-2.882854947476963
E4G,N21S,D34N,F98S,I150N,N162S	-2.2746878907651205
T7A,Y104N,F163L	-1.124839655572577
K129E,S173G,K207E	-0.3539760400352804
D195N,Y198C	-0.2261408095962029
F6L,V9M,G65S,K124E,P185S	-2.112237123989867
F25S,D34G,K77E,H79L,N133S,N144D,F163L,L176H,L193Q,E233K	-2.2637010071835335
E3V,I126T,Y198S	-0.14482628376811743
T48A,L62R,K99R,R107G,Y143C,K154R,N168Y,S173C,Q175R	-2.185958855708792
E122V,N157D,Q181R	-1.7806994853566842
E32G,L193P	-0.6818592646638313
I12T,T116S,S173C	-1.1115796845699015
K164R,H167L,S173C,H215P	-1.1403842474716948
I96V,Y104C,I159N,L218Q	-2.219899112686897
Y104C,K105M,N119S,D131G,H167Y	-1.2691070928529145
K77T,Q78R	-0.22108069770302963
T7A,V174A,H179L	-0.8294428730005404
N119D,V161A,F163V	-0.7663926189132791
S28F,T36S,N103S	0.0362942839243315
F98S,N144Y,S200C,Y235C	-1.283176566265781
S28Y,K43E,K105R,V110A,Q175R	-1.598275549301605
I159F	-0.5845421109208874
K39E,N103S,T201A	-0.3260845199697258
I12N,I121T,K156M,Q202R,K212Q	-1.6913550164303361
K39M,F82L,T116A	-0.5943511495951219
S28F,K111R,K124E,H146L,N162S,L176P	-1.2973433784474095
M151T,L234P	-0.10531700269111066
T95A,K99E,K138E,E140K	-0.39139746472449577
D74V,V217A	-0.43379851364235344
D17N,M76V,N103Y	-0.0999706600447986
V161A,V174A,Y180C,Q182R	0.0025834966716390545
I126T,K129R,N142D,I186V,T223A	-0.34112783579347994
P52A,N119D,I169V,V174L,T223A	-1.1408508111229283
N142D,N168S,E233G	-0.14611870456710513
T47A,W55R,K138E	-2.2724392548706325
D115V,H146Y,N196G,L219Q	-0.8379231498778741
E32V,H75Y,K77R,E122V,M231V	-0.09719453935214424
L5Q,T41A,D178G,G187R	-0.8440005807259559
K77E,V161A,E170V	-0.17656248345838332
T95A,K111R,N162S,D195N	-0.19216018259897727
K77R,E93G,Y143H	-0.4759142535503509
F98V,G226E	-0.4107227791298229
N103I,N210D	0.16797513609045578
H23L,N119S,E140G,Q175L	-0.5482989247100152
Q78R,Y104H,I121T,Y198H,A204S,T223A	-1.5744000722782956
V10A,I96T,K105R,L123R,K154E,E170V	-2.239107221780275
F25L,D34E,T48S,F69L,S84P,N196D,Y198H	-2.1093418108613338
K111R,T116S	-0.16628365270614542
I12T,F44S,Y72C,K99R,N196S,K207E	-2.616672050403841
V14A,D17G,I45L,V53A,D178G	-2.0921152811978576
F25I,S70N,A85T,L205P,V222E,G230C	-2.4987505995494343
N21S,T57S,F97I,G132V,I186N	-1.4678644392111935
I96T,H137R,A224V	-1.019116086624875
T7A,F69S,F81L,F82L,K111E,I121V,K160R,K207I	-2.398561225971198
L13P,C46R,K50E,V66E,F128S	-2.7863674942687826
F6S,L58H,D115V,G125C	-2.394372968259777
I96T,M231V	-0.49925838018241275
K39R,K154Q	-0.010423025973466782
V10E,D100G,N119D,G125C,V191A	-2.1297984904788416
A108V,E109D,N210S,D232N	-1.4570649039033208
H23L,T95S,Y149F	-0.22523768756237642
T7A,T106A	-0.28060185475255717
S63L,D188V,S203F	-1.6985015881585575
K50R,I159T,N162Y,K164R,G172D	-1.0108321974432886
E15A,V91A,Y143C,S173G	-0.39537667857275277
D17G,V110E,S203P,D214G,Y235F	-2.594761136256199
T7P,I45V,T95P,N157D,N210S	-1.010057005786316
F98L,D153V,T223A,A225T	-1.472733727648905
N133T,N183Y	-0.9975425421404491
T36A,I45V,F97L,I134T	-0.2827701384488879
F6L,L42P,N133D,N144S,N147D,K154M,V174A,L218P	-2.6563003637320257
D34E,K138R,H167L,I186T	-0.7994333471101729
V20A,L40P,H75R,E170G,S173C,T228S	-2.063438239710811
Y64C,K77E,I165T,N210D,R213H	-1.8277442769990002
T36S,M76V,Y143H,L176P,L219Q	-1.103927326994865
F25L,V66E,T228A	-1.183953778354398
T60I,D171G,Q181R,M216V,G226R	-2.4317682109278094
L13Q,V91A,F221L	-0.33139652890071
K1R,N103S	-0.02603008067128531
E30V,D80N	-0.5396485894155163
G29S,L42Q,H75R,D100G,K111E,D188G,E211V	-2.5527011264027437
Y37H,N183D	-0.2612932240310623
E30V,Y143N,L176P,I186V,L193Q	-0.9626973442982315
E109G,I150T,D188G	-1.222704583638032
D127G,I165T,S206G	-0.04474087602156847
K154R,I159N,Y235C	-0.7995442194387972
L62Q,F112L,H137L,I169F	-2.104864171273969
F6C,H23N,I45T,E109V,Y235H	-1.0622651175786972
D74A,Q78R,D127V,L199P	-2.0458952130794272
P73T,D80V,D195G,K212R,I227T	-1.538632509225568
K105R,V148A	-0.08948368873641933
L40Q,I45V,K154R,K164R,I186N,Y235F	-0.8611289339408026
N142T,S145I	-0.14787476641348948
S26R,D131N,I165T	-0.028087087843742885
V14A,M76T,K83E,K105E,Y149F,I150T,A152V,D153G,I169L,L192Q	-2.8717430539272835
H23R,I126N,S145G,V191A	-0.6942068887969775
R71H,D115G,S173G,S200G,M231T	-0.5552238950472111
Y37N,L40Q,V59E,K99E,N142Y,I150T,N157T,N162S,N210S	-2.2831448294142844
S63T,G158S	-0.5086095005466695
K39R,L42P,R94H,E211G,A224V	-3.0024446036384917
S26G,D178V,P194L,V222E	-1.7623744679079494
D127V,D188V	-0.3372499828249367
L40P,D131G,N142S,E211V,D232V	-1.9605879259015948
H23L,C68R,K77R,I169D,K207R,T223A	-1.9640813536519914
V66A,F112Y,N162S,Y180C,N183I,T184A	-1.2678236793664852
Y64H,R120S,N142S,E170G,D178A,N183I	-1.61049928009744
V10E,K43R,V66A,N133I,N147D,L193P,D214G	-2.228437906846249
I45V,N103D,Q155L,L219Q	-0.3569829701742027
S26G,M151V,H167L	-0.34003281474369496
I45T,T47A,I159V,S173G	-0.4795428624517717
E3G,T41A,N103S,L135Q,F221S	-0.8859574827758532
V53M,S70N,H179R,D195N,N196S	-2.030930413816936
V10A,G29C,E93G,I126F	-2.037647820542338
E15G,N21D,T48S,D127G,Q181L	-1.4888014004538566
F6S,F25S,E30G,Y90C,Q92L,E109V,E211G	-3.1136027915534727
K43E,M86R,E93G,T116S,I150V,K160E,I186N	-2.2806841293224025
E3G,D115G,K124N	-0.13227548202972372
C46S,L51P,T57A,M76V,K129R	-1.99626375373844
T116S,D171G	-0.1629943469542608
L5P,L123Q,F128S,H146R,N162D,H167R,G189C	-2.9445014532135994
K39R,L42Q,M86T,I150T,Q182R	-1.962046991125102
A204T,D214E	-0.15390402777005346
T223S,T228A	0.024288900418701763
S28P,G29D,K50E,T60S,Y90N,D127G,I134T,Y143C,H167R,L176H	-2.822686908348122
K43R,Y72L,I227T	-0.6643599083311039
N133D,E170G,I186N	-0.3614893429819369
M86L,N210S	0.006777619950727419
C68R,M76L	-1.4887941718631668
N119S,N147S,I150V,T228I	-0.3136046220680005
D195V,S206N	-0.19141542280339935
V59A,Y90N,F97L,Q181R	-2.576641221533264
F81L,K83T	-1.0114279757592817
E88V,D131G	-0.22885011266002042
D19V,K105E	-0.05911983474744932
V9A,V27A,I45N,N142D,V191A,E220G	-2.0749668217736335
K138R,Y143H,N196Y,E233K	-0.1197816717451092
T48S,P54H,I134F,N168S	-1.4659479310174035
M86V,N103S,I227V	-0.427838570183917
V20A,E30V,P52L,H79R,I96F,E109V,V110E,K156R,F163L	-2.914573009858694
G33V,N147S,D153G,I186T,V191A,S200I,V217A	-2.0587330106238326
K1E,F82S,Y143F,K164E	-0.9991914728120012
L58P,N147D,D153G,K164R,I169F,D188G	-1.9862293037889445
L62Q,Y72N,K77R,F82L,T95A,K212E	-2.443939113891824
T95S,N144S	0.0005970049408363428
V110E,N157D,H179R,Q182R,D195V,I227T	-2.1458077192490825
F44L,Q92R,T106A,N119D,K138E,D232G	-2.526048693502381
D115V,K164E,K207E,T223S	-0.6352249259086036
V53M,R94H	-1.4700105460868262
H75Y,D153G,Y198H	-0.40326916953999864
H75R,F97L,N142D,E170K	-0.27612646426720666
I45T,G158S	-0.4095234750217582
L51P,H79Q,G89D,E130G,E140V,N168S,L205P	-2.5058734953677337
L40P,K83R,K99E,Y143C,L176H	-1.8106825488330056
K50R,Q182R	0.02986330578865356
T41A,T116A,F163S,I169T,N210H	-0.9164770325426128
K39E,I134V,K156E	-0.35086283035536725
D100G,N103S,E170G,D188G	-0.040358042911066566
K1T,I12T,F98I,G114S,K138R,T223S,M231T	-2.1060191757357476
F69Y,V148I,S203P	-1.2617112514819184
S26G,N147D,F163S	-0.8121892267257464
F44L,T48A,W55R,K154M,I159F	-2.4284728290414703
W55R,T116A,D214E,M216V	-2.1294263384033014
L62P,I96F	-2.7068382767767885
Q182R,M216L	-0.19254851923347122
G22S,K24E,E30G,K154R,I165N,V174A,F221S,M231T	-1.6336596100607816
V53A,F82L,F98L,D115N	-2.170530946389497
V10A,D101V,K124E,H146R,N157S,T228S	-2.4129488188867683
N147T	-0.11882698401275435
K111R,F163L,E170G	-0.3030637520997053
T47A,H229R	-0.13241259279909834
K50M,P56A,Y198R	-0.8881358484091871
Q92L,K129R,H229R	-0.9611951567911257
S70G,D74H,K99T,K138E,N142S	-1.0089045114267925
K111E,K138R	-0.2041904845881463
D34V,T48A,G49D,W55R,M76V,L199P,D214Y	-3.4251190388847155
Y37H,K39R,V59A,K83E,L123P	-2.221870210721394
K24E,T57P,K77E,I96T,I126V,T184S,F221I	-2.3335268130006503
E15G,T36A	-0.2856275373578181
T60I,Y149N,N210I	-1.3633043720443019
F97L,N133I,Y143C,T201A	-0.5246747686535392
F6S,W55R,M76V,K99R,H215R	-2.78386682975912
I165V,G189A	-0.10784645713214046
V10E,N21D,S28P,L135P,N162S,F163L	-3.0413594085747504
I134V,V174E	0.0059486602335477035
K24R,K43R,N147I,F221L	-0.41892032016089453
K111N,F112L,I121T,N133S,L193Q,S203P	-1.939204462086623
T7A,N119Y,K154R	-0.7389834903720088
N133I,N157D,G172R	-0.5650844882800009
T47A,R71C,Y149H	-0.4327174978497349
E3G,L5Q,V14A,T48A,H146L,L199P	-2.520972911436705
F97L,E113G,I126T,N144D	-0.6125519876980481
F6Y,N103S,E140G,I169T,E220V	-1.7543716165290106
K39E,I45V,F98S,E122A,F163L	-1.5565274403610203
K124T,F163S,M231V	-0.7083190014964886
I45T,N119S	-0.3045579602070602
F6S,I12V,E32V	-0.8717766670917164
K83R,F221L	-0.9289144460022587
F6I,I96F,Q155R,M216L	-1.8728320092396706
Q155L,V174A,T228S	-0.07501196876802782
I12F,L62P,T95A,I126V,N142D,H179R,H215L	-3.012169372095065
V10A,W55R,C68R,Y72C,F82S,D100N,N144I,I159T,D178G	-2.9841700345714592
K99Q,K138M,D153V	-0.37278382455007386
D80V,Y143N,S145G,T184A,G189C,D232G	-1.8649086678787976
K1R,F6L,K77E,K111E,I169V,Q175R,L205Q,E211G	-2.7554685742223723
K1R,S26G,G49D,H137R	-0.864536015793502
F69L,F98I,L205P,T223A	-1.6582201677728678
K43R,F69L,F82V,K124M,F128L,N133S,I186N,F221I	-2.1795778519911395
F97L,N103S,D188G	0.028062910575446066
T57S,F69S,D100G,G172V,V174G	-1.6520698391160529
L13Q,K83E,E109G,V110A,H179L,L192P,L218R	-2.5299731215522927
K24E,H167R,V222E	-2.159927445077632
K99E,E122G,A204S,I227T	-0.37511281662495555
E93G,T223S	-0.3586186928401652
N183D,F221Y,G226R	-0.5286687046113218
D74G,M216V	-0.4439764741778748
T116A,N147V,N157D,N168D	-0.5460219023047856
S26C,H179R	-1.6549388963625202
F69L,I126F,Y141H,T223S	-0.5239553322109469
K1R,T41S,I121V,K156R	0.021103450138855825
Y90H,I126N,V217A	-1.5900313958474048
D131G,V148A,I227T	-0.2911507641194564
D19E,T47A,V59E,V66A,H75R,Q78R,E88G,R94H,F98L,N103D,F112L,I159V,Y180C	-3.015157998141033
D34G,V53A,D80G,K154R,Q155R,I159V,K164E,D188G	-2.2200990365859212
Y90F,L193Q	-0.5935696390697023
G49D,C68R,D100E,T184A,K212R,A224T,M231T	-2.282906795813945
K83R,K129R	-0.7369810794298239
K77V,T223A	-0.37299552660324103
K99E,H167R,S173G	-1.470222512544309
V9A,M231T	-0.0018727677424877085
D19V,C46R,D74G,H167R,D214G,V222M	-2.9342112226748
K43E,I96V,F97I,H146R,Y149H	-1.3861341553923712
T60A,H75R,E170G	-0.3639025148184862
T36A,D74G,D115G,I126F,F128S,G187S	-1.3396451854815523
K24T,M216V	-0.5862859613326769
V9E,D171N,N196Y	-0.353809404578774
K105E,T106A,K111R	-0.44349802106691716
S70G,Y149C,N168Y,E170V	-0.3455524500809649
T95A,K164E,V174M,L219Q	-0.08323139052488124
I12T,F25L,E32G,I96V,D188G	-2.0517311858557945
L42P,H79R,P87S,I121V	-2.0060027411382797
N21D,D195G	0.03022064255486978
F128L,I134T,K164R,D178G,L205Q	-2.027728640288846
F6L,V14A,Y72H,D80G,I126F,I134T,K154R,K160M	-2.68034243735511
S70G,N147S,D171V	-0.6017006033836196
T47A,M151K,F163L,T228A	-0.6738711999444957
Y72H,F82S,M151T,I159V,H167R,D188V,E233V	-2.5271545258733408
D34E,F44L,T116P,H137R	-1.2640931931344914
D19G,P87S,K111E,I126T,H167L,L192Q,N196D	-1.8956229252697883
F97S,K124R	0.04391996432208221
V9A,F112I,N157D	-0.34077376879903915
K156M,I165V	-0.05165189586107788
K39R,M76T,T116S,L135P,L192P	-2.0745511026553993
T7A,Q202L	-0.045295621695067935
N103S,E130G	0.009202456272301797
D17G,T61A,F97S,V217A	-1.3182681350817456
K1R,Q67L,K83E,E130G	-1.7181821759424334
K99R,N142D,D195G,L199Q,Y235H	-0.8459230858492858
E32V,N103S,M151I,N157S	-0.10876447736657355
L13Q,S70G,T184S,L199Q	-0.8573894298119957
K111R,K160E	0.07794975974364905
D80G,F81L,N144S,N162D	-1.8930753656750312
L51R,S70G,F81L,F221S,M231T	-1.4645096277949141
S26R,N103D,I150N	-1.3798947365762428
K50E,K77E,I126V	-0.3030381334036543
N21S,K24R,S70G,K129E,K156R	-0.5713036641194233
K1Q,K50R,I126T,K129R,L219P	-1.090542687937709
E4K,S173N	-0.02042745644558963
F128S,Y143N,Q182R,N183S,K207N	-2.070184752874395
F6I	-0.3421478234104102
V14A,V66A,H79R,F81L,H146Y	-1.9401273123814367
D19G,Y37H,L40Q,F69S,K83E,F97S	-2.5552119082120757
D17G,S84P,D115G,I134F,N183D,E211G,M231K	-2.2126980654139317
S63T,N162D,I165V	-0.3848877190962354
T57N,I165V,V191A,V217A	-1.1095425319524683
K39R,F82Y,N157S,I165V,H179L	-1.0774339992575297
N103I,N119D,K154E,V161A	-0.4617684995532364
T41A,L234P	-0.023158731627585475
D115G,N147Y,K154E	-0.19996635528354206
T57A,S70G,S206R,H229R	-0.8271274196869742
E15V,N119S,N144S,F163S,I165F	-1.3221794999815033
N21I,F82L,E88V,K207R	-1.1026243644910603
F82L,Q182L	-0.20413546379211303
E30G,K39E,T95A,D115V,N119S,I150T,H197Y	-1.993429243896705
E170G,S203P	-0.7423763246050146
C68R,M86L,H179R,V222A	-2.3952173165234285
F6L,T61P,K77E,S84A,L135Q	-2.1094065330078573
E15K,H79R,I134T,A224T,M231V	-1.720268073856719
T48S,Q78P,I121T,I126V,K138E,K164E,H179L,K207E	-2.0762105655347014
N147Y,K154M	-0.3653256499380902
F25Y,T36S,T95S,F97S,N147S,N210S	-1.3504054565476031
N103S,E113G,Q155R,F163S,Q175R,S203T	-1.763419392908145
L40Q,A225D,I227T	-1.2683835364167075
E122K,K124R,T184I	0.028126360084273497
D100G,Y180N	-0.3070847754475717
E4G,A35T,K99E,Q175R	-0.9758780943117502
K105R,F128L	-0.17940346513413175
D131N,I134V,L192P	-0.24569499473737766
E30G,I159T	-0.4276893834208343
K105M,K129E,Y143H,Q155R,E211G	-1.0908554320695383
F6L,D19G,F44L,V66A,S70R,Q182R	-2.2738812715880927
F25L,N119S,I227N	-1.2218090409282152
Q67R,K105E,E113G,F128S,E140V,L176H	-2.482958094302354
F97Y,H137R,S200G	-0.18154390621419858
H179P,I227V	-1.1060857713226067
K39R,K105E,N142D,S145R,N157D,K212E	-0.3777282689253995
V66A,N133D,E140G	-0.37689174358528144
D17G,H137R,Y149H,S203T	-0.3150302619294397
V9A,H23R,E32G,F98S,T106A,M231T	-1.7330937123670385
K24R,L123P,H146L,S173C,I227N	-1.861041618059935
K24E,C68R,T95S,I121V,I134T,I186V	-1.9173559790761916
E88V,I169T,E211V,H229R	-0.5775844749689184
S26R,F98S,K138E,H167R,I186V	-2.4058247527696652
F69L,I134T	-0.5830141241752358
D17N,E130G,V148A,N210Y	-0.4164680825666728
K105E,K129R,E140G,N168S	-0.38374745138146754
H75R,L139P,K156E,N162Y,S173R,V174E,D195V	-1.6043065064957163
V9A,V27A,F98L,I121T,S206G	-2.237201226459166
K111E,K160E	-0.36259003109440296
H23R,F82S,P87R,V161E,I186T,D214V	-2.300587530855516
Q78R,I126V,Q182R	0.045588082392971935
Q78R,M86V,V91G,T95S,D101G,I126Y,I165T,Q175R,D178G,S203P	-2.550640664631123
T7A,K50R,E88D,K164E	-0.057729203961343414
L58P,T61P,V91A,F221L	-2.0344953607659626
L13Q,K50R,L62Q,K83E,D115G,I150V,I159T,V217D	-1.9658869410767523
P52T,F98L,I121T,L123Q,I126T,N157S,V222A	-2.3144422051059053
Y37N,K83R,L139Q	-1.3479488824577712
V9E,E122K	-0.15026088863400167
I121T	-0.5234185462907792
K77N,I186T	-0.6684334342560896
V59M,I165V,D188A	-0.8263092975457964
V9M,V10A,C46Y,W55R,N183S	-2.687864986751145
T47A,L123P,D188V	-1.7499270799780247
F6S,N21S,K111E,G136E,K164R,I186F	-1.806154890977272
L58P,N142D,Q202K	-1.6230475593957985
H23R,F25I,K105E,I126T,T201S,E220G	-1.8121370258183744
Y37C,N103S,L123P,I126F,G187C,K207R,L219P,I227V	-2.0338405815865324
E15G,N133S	-0.3279910537094395
D74E,V191A,F221L	-0.3219278907828101
K99R,N210Y	0.00013838691853064293
V10A,S70N,N147S,L176H,Q182E,I186V	-1.7311489849873254
N142S,D188G,L193P,M216T	-1.1931937280121714
N183D,V217D,E220G	-1.7761946041162728
F25S,K77R	-1.5462118476471323
F25S,L62P,C68R,N119S,Y143C	-2.438706246036404
F69L,K105E,I159V	-0.32996657706022653
D101G,N157S,K160M,N168D,V174A	-0.8248794578897924
T57S,L58F,F81S,G172S,L176R,D208G	-2.5723046011028323
L16Q,I96N,Y143H,P190A,L192Q,M231V	-2.0519006792055743
V66M,V91A,Y149D,N168T,S200G,M231K	-1.1378012295530275
V27E,S63P,K124R,I150N,K154M	-2.9176090662694794
L5Q,G8R	-0.21525537347475748
V20I,F97L,I165V,I169T,N196I	-0.05414734084129556
T57I,E109K,H229L	-1.0729016877996176
N21D,I126V,H229L	-0.018047542256188324
F81L,V91A,F97S,K105E,G114D,H167R,N196D,L218P	-2.8143547771839152
F25S,H75L,M86T,N142D,I150V,S203P	-2.466937485462918
D19V,F163S,M231T	-0.5904441914218692
I12F,N157S,I169T,H229Q	-0.914604494421135
I165F,Q181R,T228A	-1.8979448293219021
S28P,K50E,K77E,F82L,G102A,N133S	-2.4462693707323218
V10K,D19V,D74G,K105E,N142D,Y180F	-1.1447360257588401
Y64C,F69L,E220G	-2.2670821518301154
N142D,N162S,L176H,L218P,Y235H	-1.454602233155082
V10G,T201I	-0.9465049971644478
Y37F,N142D,M151L,V161G,K207R,K212E	-0.16793692507332075
E15K,N21S,F128S,D131G,V174A,H229R	-1.7417704666432545
K39N,I45T,H79L,P87A,D101G,K105M,I121T,L135Q,V161M,K207E,V217D	-2.4930143556369204
M86L,N210I,M231K	-0.25768910963188596
M151L,L176P	-0.2851353721646589
I96N,N162D,D208G	-2.109859863772316
T106A,K212Q	-0.36328664872949523
N21H,S70G,H75L,N142D,E170V	-0.4486441910466193
N147D,K207I	-0.16284769875140548
Y180C	-0.17907333297661004
L193Q,L205P	-0.8114786039885574
D17N,G114C,S145C,D171G	-0.3626379245421004
H75R,V217A	-0.5381977472786535
I12F,F82S,F97S,N103S	-1.7054539215068978
F69S,I169T,S206T	-0.668915533007693
H79L,N157S,K160E	-0.2657025312016771
F81S,M151V,K160R,N183S,Q202L,I227T	-1.6341211548184313
V9A,N133D,K164E	-0.2324478919528237
H23L,L51Q,L58P,F98S,N144S,I159V	-2.816178488079774
K160E,L193P,K207R,Y235C	-0.5116154112136824
N21S,E170G	0.03737919056290609
Y37N,K99R,A152G,K160R,I186T	-0.5315077184861212
P190S	0.25774313315420555
K111R,T116A,V222L	-0.48521599659827697
P11S,Y37D,K50E,C68Y,F69I	-2.0389567575264014
E3G,S63P,L139P,K164E,V222E	-2.573851764464376
S28P,T57A,C68R,N119Y,E140G,M151L,L193M	-2.806779459345377
K24R,E30G	-0.08136984894472868
T47A,T95A,E140G,K160M	-0.5571319927086222
N103Y,Y149F,M151T,N196I,F221I	-0.09969817443804674
F6S,M76T,D101V,N162S,L176P,T184S,A224T	-2.576900591810267
S84F,T106A,V148D,V217D,T223A,D232G	-2.127139585212973
K50E,T95S,K105R,S173G	-0.07009990702130332
E15G,T60A,E140G,I169L,D214G	-1.4726012479413553
L62Q,K124R	-1.354701769579007
V91D,N119S,D188V	-0.8360521134337942
I45F,K77R,E113V,E233G	-0.24684791047554733
E15G,V20I,T201A	-0.386549235619548
I134V,E140G,F163S,K212E	-0.7301927989710707
E32V,L40P,F69L,N103I,I169F,D178V,L199P	-2.3694491078156683
V10E,K43E,F44Y,Y72N,T106A,S173N,N210H	-2.8677402044595004
F25S,F81S,E113V,I186V,M216V	-2.5422944034121917
L51P,S70N,Q155R,K207N,M231L	-1.5615930102870403
D17G,V53A,F81L,E130G,V161M,V191M,F221S	-2.11901971634127
Y104H,T116S,K138E,Y143C,D171G	-1.552577244492944
N119S,M151T,I169V	0.0008573737845919503
F112L,I126F,Q155R,D195V,K207M	-0.30787382067337804
F6L,K43R,M86V,N157D,H215R	-1.9495589957118598
K50Q,S63T,N119S,R166C	-0.46011479330046967
V9A,V66A,Q182R,Y198H	-0.3677669232863714
E32R,E88D,N103S,E113V,T116A,T223A	-0.849423513048637
D127G,N133S,N183S,F221I	-0.379808325736518
D80A,I169T	-0.984632630741789
H23L,D34V,F81L,K99E,E113G,N147D	-1.8819255415398732
V9A,D34V,T47A,N133H,Y198H	-1.015282903470213
S84P,N142D,S200R	-0.5995390315248565
M86L,N144D,Y149C,N157I,I159V	-0.8281018060175992
G114A,Q175L	-0.11858826047457732
I96T,L139Q,Q182R,I186T,H197L,P209S	-2.221355954395908
F44Y,Y143H,K164E,G187S	-0.39759703860154466
I12T,F44S	-1.304172189163495
M86L,V191G,D195G	-0.6030272742097804
S145G,N168S,Y198H,I227T	-0.4777040637007719
I45S,Q67L,Y72C,S84P,N157S,L219P	-2.70960811511553
K24R,K156R,N162D,S206C	-0.16796742779926926
L42R,K83R,N119D,E140K,L193P,N196S,D208G	-2.9828780639848222
F6S,I12N,K43E,R94C,A108V,E130K,N147S	-3.579836284735045
K43R,F44L,M151T	-0.35524851477906333
K50R,V91I,F97L,R213C	-0.3047557768233418
Y37N,K156R	0.17032041560950933
D19N,N162D	-0.012712864155344741
D17G,T57S,D115G,N142I	-0.6961401585234858
F97Y,K105R,Y143H,I165V	-0.1122043324858321
V191A,I227T	-0.15051189371370546
I159V,P209S,I227T	-0.28203643305677
Y64H,D171V,A177V,Q182R,I186L	-1.510686970968633
F97L,I159V,S203P	-0.5999584840897778
T47A,E88G,R94L,D208N	-1.572094009496677
C68S,F82L,Y90H,K111R,N119S,K156M,I159V,I165V	-1.9552618816896614
L62P,M86L,I126F,S206G	-1.7206294804878677
K1M,Y37N,V148A,M151T,T184S,N210I,E211G,D214V	-1.8743382809245295
E130G,N168S	-0.1312958771805077
F163L,N196I,D208G	-1.4948804776197022
L40P,S84P,F112L,M151I,N162S	-2.0594856455481683
A35T,N157Y,N168D,G230D	-0.537803044756987
L5Q,V9A,K83M,V110A,I150N,M151V,N157S,V174A,H179R,K212R	-2.977623946101384
V10M,M151V	-0.35771492307311215
C68G	-1.0500950600299221
Y37H,F69L,H79R,I126V,Y180H	-1.0531522355253775
V27A,A204V,D232G	-1.1842441723625052
G29A,T60A,K138E,I150N,E170V,H215R,V222L,H229L	-2.5418071278731063
F97S,E130G,F221Y	-0.09325373223871707
D178G,V191A,S206G,M216I	-1.1123082277312872
G65V,Y72H,D153A,N157S,K164Q	-1.7426970152973984
E4G,L62Q,C68Y,D153N	-1.9771502208763012
V59E,Q92R,N157S,Y180C,K207E	-2.66180193610664
F163L,I169V,G189S	-0.2039821193704034
F82S,N142T,T184A,L205Q	-1.8252002153226163
L199R	-1.1049644491087336
M76V,F97L,K105E	-0.49749643972852065
I12F,E15V,K50M,L62P,K111E,K124R,D178Y	-2.2215097520168494
I121T,L176P,S206C,K212I	-1.031610051874385
L13Q,K164E,V222E	-0.7556254559752646
S28P,K50E,F69Y,H146R,L234P	-1.8374342204663745
N103H,K156E	0.1583699262650856
K129M,K207R,M231K	-0.1790778495978326
T95A,I121T,I126V	-0.33060134856965223
L58P,M86V,I96F,M231L	-2.771280090708284
K24R,P56S,Q67R,A85T,N147S,I169T,M216V	-1.811483848050801
K24E,Q78L,K160R,F221S	-0.5411655123486772
P56R,L135Q	-1.5693668017355766
K43E,G189S,K207E,H229P	-1.3430201063459912
W55R,Y64C,I126N,H146R,N162Y,A177V,T223A	-2.154219880305103
H23R,I159T	-0.30445149082807943
K111R,K154R	0.177210871117699
F82L,T106A,E130G,H146R,K156R	-1.670543264802398
E3G,K24T,S173G	-0.12002245882975661
F6L,Y141H	-0.34614552455399655
F97L,F98S,N103D,I134T,D214E,I227T	-2.3816580597666954
T36A,P52L,Y72S,D80A,K105R,N162Y,K164M,D188G,S206G,A225T	-1.6609856651067347
M76L,I126L,K156Q,T184A,N196D,K207E	-0.8512216884820865
N144S,D153V,I165V,I227T,Y235C	-0.8780871966067301
T106I,N133S,M151T,N168S,L218P	-2.037159365142933
F6S,L62P,M86V,E109V,N147D,T184I,V191E	-2.4204799651154527
I134V,M231V	0.1019966191623016
K50R,K77R,Y90N,A108T,I134V,K207R,T228S	-2.225869176595031
D17V,S26G,N157S	-0.1509714435345696
Q155R,K207R	0.13531690271206898
L51M,P87S	-0.5246076706035686
M151V,K156E	0.03816613067351777
I96T,F97L,F128S,N133S,M151T,H179R,K212E,M216K	-2.9958821046839317
M76L,D115G	-0.07479999496119441
F6L,E15K,P52L,V59A,H75Y,Y149N	-1.7403823841143997
S70C,V161E,N168D	-0.3805649495391426
E4G,E32V	-0.08698839190684697
K1R,E30K,P54S,D101G,N157D,Y198S	-1.5355926685648127
K129T,Y141F,S173C	-0.3459835266239538
N147S,N162I	-0.29135896509210424
E130G,H167L,N196S,L219P	-1.674754289402523
M76I,K99R,L192Q	-0.5052529396440966
E32G,L42Q,L62P,L193P	-2.4325185194696637
E3G,F25L,M86T,N142Y,N162S,I169N	-1.8117903270601188
H23Y,T95A,Y143C,V191A,I227T	-1.013602381024433
Y37H,K111R,F163Y,E170G	-0.23001079046293182
A85T,N147D,F163S	-0.4959446442078019
F97L,D188G	0.12307212181017724
V20I,K99R	0.046762469018161376
L176P,M231V	-0.23160358250064156
T57A,T106N,F163Y,H179R,E211V,F221L	-2.7507803356805876
V9M,P87L	-0.48700258291236165
L16S,V59M,F69L,F81Y,N103D,I121N,Y141H,M231L,Y235N	-2.8001252401200976
K24E,E130G	-0.19602163868840322
E30G,K124R,K207I	-0.29959612140163083
K111E,I186F	-0.4986887389277791
F6S,D34V,K83R,T106A,S145G,N210H	-2.4807379710229207
S70G,N210S	0.02695912986938865
K24E,F97L	-0.08037200178149058
M76V,Q92R,F163S,A204V,K207V,M231I	-2.1358295695184015
W55R,D74G,K77E,D115G,E140G,N157Y,Q181R	-2.3035441766235074
D74V,N103D	-0.44780074662922387
F25S,M76L,V91A,L123Q,T228S	-2.330028075627027
G18D,L40Q,I121N,S145G,N162Y	-2.3325508168684035
T95A,H137L	-0.32034385267455834
K50R,L219P	-1.5198375219998312
K24E,T106A,I126T,K164E,N183H,M231K	-1.6731059372386174
Q78L,F98S,D115G	-1.2402501455255286
F44L,K124R	-0.12243858671843508
F69L,D188G	-0.16377435136781096
V27M,F128L,L135M,K156R,N157Y,I159V,N162D	-1.6605396375563994
C46R,T201A	-1.4407678217411215
I126V,K138R,N147D,M231V	-0.06904311074325935
K129Q,V161A,I169T,G172V,K207E	-0.8578242445339751
F6L,I165V,G187C	-0.511301276691998
I165V	0.23127483406268878
N21D,K24R,K129R,K156M,N210Y	-0.347773359557542
D115G,I121V,I227T	0.005728017964138639
N142D,Y180C	-0.17840809989436165
I12N,H229L	-1.277484556500268
L16Q,D115V,L139Q,N168D,L199Q	-1.926648662422817
K111M,F112L,N142D	-0.38645557294462335
V10A,D115G	-0.5774144888274183
H75R,F97S,S206G	-0.26335729322271795
I150N,L176P,L193P	-1.6399488125423827
Y141F,T201S	-0.29675832264450774
E88Q,V222E	-0.9280786720038666
G136R,H137R,K156R,K160R,P185T	-0.4923753714341278
N144D,A177G	-0.438521463042729
K77E,N103S,K105E	-0.4148457130702017
E30V,Q182L	0.0014846652381692166
K50E,F112S,V148I,Y198H,D214V	-2.194426076527682
T41A,Y64H,Q67P,M86V,N142D,V174E,N183D,D232V	-2.3302645331624436
T60A,M76V,M86V,R107S,V110A	-1.9002682214691613
A224D	-0.5397415403318808
L5P,T7A,T57S,D171G,K207R	-0.9027436712049994
N162S,D188V	-0.10912067151938794
K99E,K105E,F112L	-0.2767799293279341
K1R,F98L	-0.6575762045995339
D19G,T41A,Y149C,D171G	-0.9827618753416878
F6L,D115G,S173G	-0.13934253484607356
E15V,Q92L,M231V	-0.9831525682985398
V14A,L40P,F44L,K99R,K129R,G132S,I169V	-2.0335886374544105
D17G,D34E,I134F,L219P	-2.241771938199825
Q67R,Q175L,S206G	-1.5287533751463376
P56S,K99E	-0.25836789666722004
E4G,V9A,N21S,M86I,N103Y,H146R,H215R	-1.906054529784838
S173G,L234P	0.19179407929906928
K43R,T60A	-0.22626029519369653
Y104C,F112L,N133D,Q181L,S200G,E220V	-2.740115901404799
K43R,I96V,K99E	-0.30352753301518115
S28T,F98L,I126V,N183S,L192P,K207T	-1.689946500621912
N21S,Y90C,I96T,D101A,F128L,N168S,L199P	-2.8793218662459323
F82S,T201S	-1.1275108298019243
E32D,D188V,V191E	-0.5320625171423123
D17V,H146L	-0.5898045544843575
M76V,Y141C,N144D,S145G,L176P,H197R,L199M	-2.4599898131938316
F44L,Q182L	-0.11465489505511088
T41A,L219Q	0.03395644072699661
I12V,K77E,D115G,D195G,T223A	-0.8375137845384917
K24R,V66A,K156R,D214E	-0.43467307564394353
T48A,M151K	-0.3383732307163817
T48A,Q155R,N157S,S173C	-0.3587583296241779
Y72C,K124R,N147S,G172D	-1.2797435170590508
V91I,N144I	-0.14785029436895225
E15G,H23R,M231L	-0.2287367961081012
T48A,F98L,N196D,E211V,D214E	-1.7028001366623409
I150T,I169V,N196S	-0.41769687443970466
T61A,D74G,Y90H,K138E	-1.739866332967426
N144K	-0.1432618214743361
S84F,V191E,L193Q	-0.6620542912945997
H23R,V66A,G132D	-0.6833576684231377
S28T,L62P,K105M,N142Y,H229R	-1.351415797037864
Y37N,D100V	-0.6608998096621165
D34V,L40M,S173G,F221S	-1.063966145977593
T7I,K138R,H167R	-1.835294266051387
S206G,M231T	-0.05457158328164481
L13Q,A85T,P87R,T95A,K207R	-0.8595907665138507
S26R,T61S,M86T,S173G	-0.9957372305959823
T41A,W55R,G65S,L123P,S203T,D232V	-2.5385884610104683
E4G,E15V,K83R,F98S,F128C,H137R	-2.25319490031659
L51P,T201A	-0.9899504919229649
K1E,F25C,I150T,E211K,D214G,L218P	-3.1404914758059657
D74G,E140G,H229L	-0.23967302497749646
V110A,Y198C,F221S	-0.8841626667344754
I12T	-0.7428742987581383
E15V,T47I	-0.20270656196141282
S70G,K111M	-0.20395846655315533
T57P,F97S,S145C,L193P	-1.7325908613904817
E3G,F6L,V59A,K99R,D101G,D115G,N119S,K154M,I169F,V217A	-2.2116109077362456
V10E,G89D,Y141N,I159T,N168T,I186T,T228A	-2.447450376405083
F98V,N168S,I186N,V191E	-1.1066066861895336
D100G,K111R	0.04907768233334549
K77E,D171G,A177T,K207E	-1.1065684742645712
T41S,K124E,N144S,F163L,N168D,M231V	-0.7739242820631461
V10A,C46R,E93G,S145G	-2.331209930735727
F6L,V91F,N103S	-0.4148463157276759
F69L,Y104H,H167L,Q182P,V191A	-2.2159769044106006
D115G,K207R	-0.12425615653670473
E113V,D115G,I121V,S200G,D214N	-0.8628758008486721
M76L,Y143N	-0.41375207006339654
K1E,G89S,F98S,F112I,L219Q,L234Q	-2.2358297250533785
C46R,T57A,F82S,D115V,K156E,L176H	-2.0961688263467195
H75R,N119S	-0.4154127768616044
T7N,K39R,L58P,Y149F,I159F	-1.9182404812134135
V9M,V20I,D127G,E140G,Y143N	-0.557002220704772
K39E,K50R,Q67R,S206G	-1.8739361975865656
I12F,A35T,I121T,D171G	-1.5500024578509957
K124R,K164M,V174A,D188V,G189S	-0.24761803229532092
F25Y,P56A,N119H,L135M,D171G	-1.2887510164971867
V14A,D19G,T41A,K99R,K111E,F128S,N196D	-2.4999081310191666
K39R,I45T,N144S	-0.28281684822206354
P56L,R94H,Y149H,M216K	-3.0107548359454457
Q78L,M151T,N162S,I169V	-0.03103106401489461
I45V,F81Y,F82Y,S206G,T228S	-0.8255424198737646
K1E,E32V,H75L,D127G,N142S,F163S,H167R,S206G,A225T	-1.8107220580025989
N21S,M151T,Q155H,Q181L	-1.6834846899371345
V53A,L135R,N142D,N196S,D208G	-2.17324999354297
K138R,D171G,D178Y	-0.033966675410076336
F81L,K160E,N162D,P194S	-1.7867405634504219
M76I,E93G,I126T,Y141D,D232G	-1.3182189592712705
T60S,F128S,H179R,Y198C,M216I	-2.294522997852752
L135R,K156M,V161E,N162I,N196Y	-0.9833797334122171
S26G,N183T,Y198F	-0.5299082872828503
N157D,N162S,S173G	-0.04433401855113317
Y37H,K124E,N210S,H215R	-1.3670242064609706
D34E,Q182L	-0.1276364228545627
E32G,I96T,N103S,L192Q,H197R	-2.042187671995297
T41A,V161M,F163Y,D178G	-0.4828879592771286
L42M,F81S,N133Y,K164E	-1.5126462338411915
K50R,F82L,M86I,Y104C,D131G	-1.475947489924617
T7A,G31D,E93G,L219P,H229R	-2.29165890794268
K99E,M216L	-0.17784351928847972
I121V,N157D,D188Y	-0.18933116934059135
T36S,T116A,Y149N,H167L,Q182L	-0.5957691004748904
E4G,I12T,L62Q,D131G,K154E,F221L	-1.8675913804236437
E88V,M231T	-0.1633966656051488
N119Y,R120S,Y143C	-1.2942302444004357
T60A,Y149H	-0.14480860664926923
Q67R,K138R,S173I,M216V,A224T	-2.297014494558929
N144D,E233G	-0.070016551455523
H75Y,N147D,E220G	-0.7734373158111152
K43R,F97L,L176P,P185S	-0.7853140966380431
N133S,H137R,I159V	-0.21600372571876497
S63P,K77E,Q182R	-1.829799061196173
M76L,N142D,K160R,K164E,T184S	-0.2808576918507161
K50R,K77E,M151T	-0.35901483830103786
G31S,L40P,F69Y,Y143H,L176P,D195V,E211V	-2.871970435501809
F6Y,E122K,S145C	-0.3473758494274435
E30G,D74G,E233K	-0.13870088012869403
D34G,S70C	-0.7434386442427524
A152D,H197R,T223A	-1.9529177494231744
C46S,G102S,V161A,N162H,H215P	-1.5452797263558105
Q67P,K156R	-0.7796277495828781
F69L,F128S,E140G,D214N	-2.244246406136897
K138R,M216L,M231V	-0.32058931116382094
G18R,K43E,Y72N,S84P,N168D,V174A	-2.769275008255099
T116A,N196D	-0.1148137795641309
I45V,K129E,A204G	-0.2150104634546532
Y64C,N103K,N162S,H229R	-1.5218763115903875
N168S,F221Y	0.0428943850598336
H75R,P185S	-0.4263076307890334
T41P,Y72F,N103D,F163Y,N168S,T201S	-2.280439320630432
T41I,H137Y,F163L	-0.712706905301765
N21S,D188G	0.014425518388477415
H75L,A152V,E233G	-0.4940655984438953
T36S,I134T	-0.352845815366366
K105E,K164Q	0.09905460201856338
L13Q,K124E	-0.24750977118584155
K24E,H137R,L192P	-0.5176125486586843
K1E,F6L,F69I,K138E,N144Y,H229R	-1.4614303258933758
T41S,D74G,N103S,N119Y,G158S,V161A,H215R	-1.6482248170758886
D34E,N119S,K129M,N183S	-0.9333296083477549
F81S,M231V	-0.9047413616119314
D19V,I126F,N133S,N147D,N210S,F221S,D232G	-0.8429222442395544
E15V,T41A,K129R,S145C,D188G,M216K	-1.4705542514501473
L5Q,L58P,F128L,L205M	-2.111854094448662
L58P,F82S,F128L,N147Y,I186T	-2.4130162944180347
K160R,N183S	-0.2687016857107165
T48N,E122K,Y141C,M231V	-0.36436225488934226
E4G,I165N	-0.8073193715765794
F82L,L176P,Q182K,M216V	-1.5834067518864967
K105E,S173G	-0.022830423177155643
K99E,F163S	-0.4773018272376051
L62Q,Y72S,E88A,Y90C,L139P,N142S,I169T,N183I,T184A,L234R	-2.372461318509316
F44L,E109V,V191E,N196S	-0.5714094093644545
E130G,Y198C	-0.420826763331996
F6I,N21D,V27E,K111R,M151K	-2.1812196570323663
N21S,L40R,I45V,C68R,T106S,D195V,K212E,L218Q	-2.2171063649177674
L13P,I134V,L139P,E220G,F221I	-2.3287943268256504
D34G,F69S,D80V,T116A,A177T,D214V	-3.100032673511939
L51Q,Q92R,D101V,Q175H	-2.9745289302518767
Q67R,Y90H,K164R,Q181K,K207E	-2.5284278904032504
K77E,K154E	-0.24790676789007224
E3V,Y64C,L193Q,D208G	-2.294391247052286
H23L,N162S,K164E	-0.14334679900336772
E109G,F221S	-0.5340948830800105
D19G,E32A,W55R,L62P,N119S,N142D,H179R,M216T	-3.0840061193045605
V59A,H79L	-0.8639676210320573
I12F,E30G,T48N,K50E,N196S,F221C	-1.7633622501855157
E3G,H75R,K99R,N119S,L176P	-1.0412857571533478
K105E,N168D,V217A	-0.47370371211341983
S84T,F97I,V148I	-0.4070543624679772
V9M,Y37C,V59M,V66A,T95A,M151L,L192P,S200G,M216K	-2.0366474234899306
S26C,V91A	-0.3054665517516579
L51Q,V59A,F97I,N157D	-2.0363468920482415
S70C,K160M,N168I,H197Q	-0.888975502502591
I45V,G136E	-0.07645703841729629
T61P,M231L	-0.5746186624542047
G31S,T48S,N133S,N157D,I169F,T184I,D214E	-2.4251631918444447
K111T	0.05926557185223299
D74G,E113K,D115G,N157S	-0.23638371445881814
V10E,S26G,F69L,I227T	-1.6592465816481416
N119S,F128S,G136R,R166H,N168S,E220V,A225T	-2.171461938420686
K99E,I159T	-0.2978376119051134
K124T,D195N,L219Q	-0.1676690209946515
L13P,Q175P,N196D	-2.2784391227700507
E4G,T201A	-0.19800981083818792
H146R,R166H,D178G	-0.5763392037192303
S28P,K39E,K43R,F69L,I96F,I121V,L199P,S203T	-2.809259060584993
L13P,N21S,Y37H,T57I,K105M,D171G,I227T	-2.020253222917504
T36A,V110A,D115G	-0.48537431146427196
K43M,I159T,H215L,M216L	-1.7415447019939285
E32V,F128I	-0.3202089291233457
K105M,M151L,I169T,D188V,S206G,F221S	-0.9157926243560516
C68R,Y235C	-1.4223692460065793
T60S,N168D	0.11472772172486326
F44L,D115G,M216T	-0.9279269820449363
K50M,I150T,L193P,A225T,E233K	-1.5890793427398502
E30G,K207R	-0.21993031583393574
F69L,N144D,H167R,V174A	-1.884784275473392
Y149H,N183S	-0.3324754249814531
S70C,T95S,K99R,I134T,Y198F,M216V,V222A	-1.591568631175409
C46S,D74G,L219Q	-0.6611018066920228
T106S,N168S,S206N	-0.4666601819698132
F44V	-0.3314082750084948
E15V,S26G,D188V	-0.2363047457712244
E32G,G49D,V91A,T95A,N119D,L135P,N168S,N196D,L199P	-2.9250256049865144
N103S,N133D,K154R,N183S	-0.46734788702008656
L5P,T60S	-0.5698155902353711
V20I,I169T,H179Y,E211G	-1.3953956649667798
T7A,V14A,T41I,Y90C,V91A,I150V	-1.8751485941143144
N210D,A225T	0.030201958926523748
T7A,T36A,Y143F,L234Q	0.0649013539787506
F6S,N21S,T41A,T47A,L139P,N157S,K160Q,Q181P,R213H	-2.7799473342947025
F98L,S145G,N210D	-0.8313632243980473
F6S,F98S,K105E	-2.1528417725833835
W55R,F82Y,E88R,H137R,Y143C,I165V,I169T	-1.4858179196424188
K1R,F44L,Y64H,V66A,Q67L,F128L,Y143F	-1.6918613764360997
D131G,M216V	-0.48929609964637244
F112L,H215R,V222M	-2.341794147123655
I134F,N168D,N196S	-0.5076018303177617
N147S,F163S	-0.6268099401997922
E109K,D115G,N162D,N168D,T184S	-0.4270559351891513
K43R,F163L	-0.48167053676967864
D127G,Y143C,K164R	0.042392775247596715
S70G,P209S,I227T	-0.2003108007676957
V14A,Y37N,T41S,M76T	-1.108585433197496
C46R,K77R,Q78R,N157G,G158R,D195G	-1.4726410411995863
E88G,K138R,N142D,S200C	-0.13371465774685132
I45V,M86T,M231V	-0.4699258564135911
I126V,A152V	-0.0925282091258585
E4G,S26I	-0.308403077436528
T116S,D153G,Q182R	-0.38285479386077026
E130V,G187S,I227T,M231V	-0.2371230678413427
D101N,N196H	-0.5608662951760162
T61A,N103I	-0.5056472660857194
F82Y,N119S	-0.08880155655348823
T41A,G132S,H137P,N162D,E233V	-1.1381345913739045
H146R,D153V,K207E	-1.1447029191518596
N21K,S26G,Y64C,K77M,M86T,N144H,N147S	-2.4718649135950557
K24T,F25S,F69S,E88V,I96T,K105E	-2.4371507439552325
N119S,K207E	-0.4014756320485984
E3G,S70G,K138E,N162S,Y180H	-0.5747075255237573
T47I,K124R,K164Q,D232V	-0.23143235550269353
S70G,K105E,D171G,L193Q,I227V	-0.6577798572547521
K43R,V66A,H79L,N210D,D214G,E220G	-1.8194908308728328
S70G,K129E,E130G	-0.2837374439428564
K1M,E32V,D34G,S70G,E88G,N142S,Q202R	-1.0939106813450663
Q155P,A224S	-0.3558515758278912
T47A,V91D,I121N,S173G,S200G	-1.9460696490889218
Q92R,V222G	-2.047001042430432
H137R,K138E,I150V,Y198C	-0.7028638501495429
N142S,H167R,M216T,T223P	-2.4138092961366504
L40P,E170G,N183D	-1.754196149277117
T7S,T60A,M86L,I165T,R166H,H229Q	-0.8618420994097256
S84P,M231R	-0.39045052259823365
T60A,I96T,N142Y,Q182R	-0.9128375543852306
V10A,E32V,T36A,T57A,K83Q,E109V,F128S,H179R	-2.6256382253344963
N103D,E140G	-0.4197421812939178
K124R,N142D,I150T	-0.7033733036102199
G65S,N103D,I126T,H229R	-1.6976378271543573
L176P,N183I	-0.8767380974728483
N183I,F221L	-0.3924702942418139
L5P,E15G,N21D,F25S,T47A,D74G	-2.2414913214879775
V14D,T57S,K124R,S145G,E211G	-2.1847410026348446
T7S,H146R	-0.3867517410337177
Y72C,D74V,K83M,E140V,L234Q	-2.011557521932782
K50E,Y198F	0.020110891118338057
K105R	0.27543352363160056
E130G,V161E	-0.3810440947169671
G136E,N147I,I169T,L192M	-0.5434433389169196
D19G,I45T,L123Q,V148A	-2.098326603233027
N21I,V27M,T61P,D214V,Y235N	-2.6602091131710184
E3G,V66A,K160E	-0.16698313612313223
E3G,N119S,E140V	-0.12362353856786318
T7N,K164M,Q175L	0.009201224159808868
V27M,M76L,M86V,G125D,Y198H	-2.3377814206517855
T47A,Q92L,N133H,K138E,Q182L,L205Q	-2.2642304808206415
F112L,H167L,S200C	-0.46074261219989804
N157S,I186F	-0.12813735370192203
N21T,K156R,M231I	-0.2950974444607364
N162S,E170G,T184A,D195G	-0.08428644523116559
E4G,F69Y,R166C	-0.4487214313114704
C68G,K77E,K124E	-1.8169656461654187
D100N,K156R,T184I	0.011365659294813237
K43R,H79R,F82L,N168S,D178G,I227T	-1.7100270267698263
D131G,P209S,A225T	-0.16540979346369397
F82I,F112L,N119S,H179R,Q181L	-2.921730459463604
G31D,D74G,Q78P,F98S,E140V,K160R,N162D,Y198N,V217I	-2.17657742122612
F6Y,N21D,K39E,F44Y,T60A,A85T,E88V,F98L,V148A,L219Q	-1.9876735762975555
F163L,K212E	-0.1423374831122795
T47A,V59M,Q92R,Y149F,E233K	-2.0683305184929663
I134T	-0.3695131082691888
Q78R,N168F	-0.2096855727892937
F82L,E113K,T116A,N144D,K156E,V161E	-1.6033828668861339
E30V,D74V	-0.1298559761384524
K77R,N162S,T223S	-0.14428796180481956
W55R,S145C,V148A,V174A,T184A	-1.7473044449505923
S28P,Y141H,N162D,F163S	-2.1715330953943583
E3G,K77E,T95S,K138R	-0.514696871209618
L13Q,D100G,A108G,Y149N,K154R,I227V	-1.2451951324111603
N21S,M86V,G102D,H137Q,K160M,V161A,S206R,D208G	-2.5463430193713625
V9E,Q92P,E140V,Q155R,I165V,H229R	-1.8361456542957044
V91I,Y143N,D232G	-0.3139262075496905
T41S,T57A,M151K,D178G	-0.8528693245877098
L42P,E170G,K212E	-1.1661450610849462
K111M,K154N,I169T	-0.23536645763197467
K24R,R71C,Q155L,P190L	-0.40685150066952624
C46R,C68S,D153G	-2.0226258038087908
N21Y,F128S,Q182R	-1.9654357615410316
K24R,Y143H,S206G	-0.23993178436929546
E4G,I169V,G172S,H229P	-0.469562214496791
F82V,T95A,D131G,D214G	-1.8454060094841491
G18S,G38S,H79R,K124R,I150F,H229R	-2.563444980743831
W55R,K83R,V91A	-2.305271939132139
Q92R,N103D,E109V	-1.9126213473937108
S63L,K99M,I186L	-0.8503853007805935
L40R,S200C	-0.8412084588353995
E15V,E130G	-0.20594617355500405
E88D,G187S,Y235S	-0.13012035169697378
D131G,I165F	-0.3798358309588169
K24R,G89D,N142D	-0.600544587025629
N21S,K24R,R71C,L135P,N144S,K154R,N210D	-1.7703872717693325
K24R,M151V,D214N,H229R	-0.5034036190316538
T61A,V148A,N157S,N168S,Q182R,L199R	-1.696072196636634
K43T,N119S,N147D,D171E	-0.6062214191136415
K43R,I121F,K138R,E220G	-1.6111836178719339
N21S,K39E,K50M,L51M,C68R,T116A,I169V,V174A,T228S	-1.9396929096068964
I126N,I150V,N162Y	-0.20105695758812747
T95A,F97Y,N103I,S145C	0.2065085522911703
D195G,K207I	-0.04382160545920433
S26C,K156R,V222A	-0.29238002425558324
H75L,K111M	-0.3975751051831121
D19G,N157S	-0.6470881881667494
D115G,P190L,L205M	-0.25212738130985074
Y141H,N142H,N162S,Y235F	-0.2859397003735588
L5P,H23L,T57I,T116A,L135P,N157D,F163I,H215P	-2.849756313084435
F6L,V53E,E93V,N103D,T116A,D127G	-2.1797614077601297
E109G,D153V,D178G	-1.0864116151579692
K43R,K99E,T106A,S145N,Y149F,V161A,F221Y,M231V	-1.0389551380587416
S70C,K105E	-0.15206698708998662
K111M,N147I,I159T	-0.6533025985341063
D34G,I45V,D131G,K160E,H197N	-1.2294879472794535
K43R,W55R,N183D,A225T	-1.9874904973794831
E3G,K111E,Y180C,N183D,H215L	-2.2203510924195866
Q78R,F98Y,N142S,N183S,I186T,M216K,L219Q,D232G	-1.9361507161318725
T7A,K50R,V161E,D188G	-0.38022904494938314
K24E,S173C	-0.19280970642430978
T57A,K138E,K212E	-0.6142996443778538
K1T,Y90S,F128S	-2.104737067771618
I96V,K105R,I126V,H146L,H197L,S206G	-1.570715855072469
E3G,H23N,K77E,N119S,N142D,N147S,Q175R,L219P	-2.3310623679654854
F6S,Q67R,I126S,S206C	-1.945817782683298
K1E,F44S,Q92R,K99E,N210Y	-1.9145378544486964
D131G,S173C	0.06502036955723313
Q78R,K111R,V174E,Q202L,S203P	-1.1246079736582835
A152V,K154M,K156Q,T228S	-0.47481092595661323
D101G,N147I,N162Y	-0.6910913957314573
T7A,V191E	-0.26116075746974926
D178G,L199P,T228A	-1.7991647188559443
D34G,V66A,D101V,D115G,N142S,M231K,L234Q	-1.5900131129317996
D74G,S173R	-0.10503103161011981
F44L,T60A,V161A,S173G	-0.1933948655698683
E3G,K105R,N183S	-0.3137880079318066
V9E,D100G	-0.39387426471862763
V27A,I45V,H79P,N147D,G172S,K212R	-2.007299391160927
I12T,K124E,V161E	-1.2033774579773404
K77R,E233G	-0.06799579058495375
N147D,V191E,M216T,G230S,M231V	-1.654662926911652
Y72H,I134T,M231T	-1.3580012300062416
H23R,V91A,L139Q	-1.0101288035320242
M151L,L234P	-0.12318567970243524
D232V	0.039604686283972665
H23R,N103S,D127G,N157S,K164M,V174A	-0.46117959290183624
N103S,N162S	0.12541869146338058
E4G,F69L,K111M,M151A	-0.6987792745932299
N133S,S145C,K156E,S203T	-0.07581725403700196
P73L,I96T,K105E,I159T,N168D,Q182R,M216L,I227F	-1.8274279018954065
N162Y,I165V,R166C,D208G	-0.9795005182419771
T41A,M76T,R166S	-0.4479786335449911
Y37N,M76V,Y141C,K212E	-0.5060937016431167
E32V,G114V,K124R,F163S	-0.9678593396412432
C68R,K83E,V222A,G226R,G230D	-1.8290122466096908
K39R,S63P,F82S,K111E,I227T	-2.3904660793759875
I12F,K83E,I96N,N103D,N162D,V174M,N183S	-2.946136168055167
N21Y,Y72C,K77M,H79L,L205P	-2.301137198216852
T48S,D131G,Y198C	-0.3273983158650286
K1R,M76T,N210D	-0.36387292927161713
K1R,T57A,K83R,E88V	-1.5680038472765492
T36I,F44L,D100G,K164Q,I169N,F221S	-0.7444595058183772
F25I,Q67R,A85T,N103I,E130G,K164M,T201A,E220V	-2.181360809727554
N133S,H146L,V222A	-1.0012769746002055
D74G,D100G,K129E,N133S,M231V	-0.6142066335335031
F128I,I165F,N168D,I169V	-0.5105000018493749
Y104C,R120C,N133H,Y149F,A177T,K207E	-1.9643009640268385
N21D,K39R,I126T	-0.07701302939763696
I45V,C46S,K77Q,D80G,Y143C	-1.757656748457163
T36S,C46S,N196D,E233G	-0.4533218176249597
D34V,Q78R,I186L	-0.2743204696508992
K24R,V27A,L42Q,Q92R,N196D,L234P	-2.2331266845202493
K24M,Y72F,K154E,N157S,I159N,S173G	-1.9664682848153414
G22S,N142D,I150N,N168Y,N196S,D232V	-2.0311998383087655
N183H,K212E	-0.5851278940259701
Y64F,C68R,M76T,K111E,L139Q,N147Y,K156M	-2.804645750387618
I12V,V110A,N162S,I165T	-0.6746305201912303
F81L,E170V	-0.7227179296999432
F98V,N133D,K160R,H179R,K207T	-2.140539028382797
K160R,V191E	-0.28432336734534236
F25L,D100G,Y104S,E122G,K138R,R213H	-1.947683092329661
V59A,T95S,D101N,N103T,G136A,N142D,N196S	-1.9820697997964027
N147S,V191A	-0.23777821115136608
E32D,W55R,G132S,N196D	-1.7910074764280361
V14A,F81L,T201A,L234Q	-1.5188134451486184
N196D,N210K	0.12489788848489866
E30G,N103I,F128L,K164M,I169T,K212R,M231V	-0.764151643284999
S84P,F97S,N147S	-0.7205384836907142
Q67P,N147D	-0.8914455994417294
T106A,K212R	-0.22569706593835231
T36A,N144Y,N162S	-0.25519121941267114
V20G,E130G,N133D,I186T	-1.2271967885060133
S70R,N103I,K160Q	-0.775892628176815
D74G,E88D	-0.047258335417861355
E30V,V148A	-0.10290389237420101
E30G,K160R,K164R	-0.016916518607746893
Q78L,L192Q	-0.3074504306388188
E3G,K207R	-0.14781703085254017
L135P,N157S,D214V	-2.184946705316542
L5P,S63P,K77R,I159L,K212R	-1.8222951862106456
F44L,N168S	-0.17697143909150087
V10A,T60A,Y72H,S84T,M86T,N168I	-2.4543267406349716
S28F,K50E,C68S,K77R,G132A,I150N,V191L,K207R	-2.19234134740969
W55R,L62P,K154E	-2.444882581709228
T57A,D80Y,Y149C,I169V	-1.6977502824087836
E3G,N21S,H137R,L199M	-1.0372974770686354
P87A,F112L,K164E	-0.4790247817066986
F97I,N142H,N196I,S200C	-0.11587518616093602
N21S,V27A,N119S,N133Y,K154R,N196T,M216K,D232V	-2.3610453887866933
I45T,M76T,I126T,L135P,P209S	-1.919879448096505
M76V,I169T,D171G,H197R	-1.3833871219409923
F81I,Y90C,V110A,K111R,I126T,L135P,K138R,N147D,Y149N,P190L,T201A	-2.5968037920967024
N21S,L123P,N157S,Y235H	-1.6776594794309476
L16P,Y37N,K111E,L199P,V217A	-2.592392960152092
L42R,K43R,V110A,K164E,N168D,I227V	-1.7853889696419327
K105R,K124E,N162D,D195N,K212E	-0.373714542832138
F97L,S145G	-0.06065000630079037
T57A,F82Y,Q175R	-0.9098832822188561
K154E,I169T	0.16130058907229874
T48A,F163T,V222A,G230S	-1.3467196879661376
N147I,S206C	-0.2849010981036234
L13P,R71H,H146L	-1.958600103519749
K156R,V191A,D195G	-0.014074270162064875
K156E,I165N	-0.6877123887947452
T57A,F98S,N119S,Q155K	-1.391571229466821
F44S,V191E	-1.0603011768932147
G2D,K50E,E170G	-0.19956079671651283
Y72H,K156R	-0.8199995241934678
E4G,C68S	-0.8072923317030379
E93V,D127N,I134F,D171V	-1.2788181530019682
V27A,L42Q,Y235H	-1.7220454518781625
S28P,Q67R,D80G,E113G,L193P,K207N,D214G	-3.5281659698201273
Y64F,V91D,T184I,K207R,D214N	-2.38068286435476
G29A,K39E,T95A,N142D,Y149H,V191A,H215R	-2.0444427632793447
K105E,N142T	-0.02139293701286534
S26G,K50E,N133I	-0.4249897484281737
T106A,D195G,F221L	-0.4383402991228597
F6S,N103D,E130V,N157S	-1.2059295499102565
D74G,E93V,E113K	-0.5029255694014797
M76V,E88V,V161A	-0.4464263901834252
D34E,L123V	-0.4872659642091749
S28P,I165F,Y198C	-2.087029351994417
K1E,Y90H,N103Y,Y104C,S203T,K212E	-1.4280034501349959
V20I,S26R	0.1651818264680434
T48A,T60P,G65S,I126V,Y180H	-1.5989967678826438
T61S,V110A,K111E,K160M,E170G,T184A	-1.621923966650648
N21D,N133S,N157D	-0.2053285826242903
Y37N,G132S,L139P,N144D,N157D	-1.651498781008313
F112Y,I186T	-0.20677841071958672
K43E,Q78R,D127G,N196D	-0.8527557935910115
S28P,I45V,T223A	-1.772307567792605
I12T,N168Y,N210S	-1.0388096390462247
T95A,K124N	-0.10466584846904523
I12T,T47A,Q67L,N119D,I169N,L218P	-2.342403763268444
V9E,S70G,R94P,I121F,I165V,M216T,L218Q	-2.672679747916794
G2D,D17V,K77R,T116A	-0.4360631571776706
D17G,S63P,M76L,F98L	-2.3921731242766344
T7A,F44S	-0.5671941670200644
K156R,K164Q	0.2720234356742554
I45T,F128L,S145C,N210S	-0.7744846549541717
E30V,F69L,F221I	-0.21310029922390006
I45F,Q92L,K99E,K207R	-1.3374841655503664
A35S,L58P,E130V,L199Q	-2.0768053407092277
T7A,K50R,D74V,H146R,V161A,Y180H	-0.9373857910439545
I12S,V27A,D74E	-1.6825097664956228
G125S,I126T,K138R,V174A	-0.6126450051254804
T60A,F128L,K129R	-0.2145065485278493
N103D,S173G	-0.24059346930305442
T7A,V174A,E233G	-0.09170871334434763
F69L,Y104H,F112L	-1.553119376190003
D171G,V222E	-0.7495746056145607
M76V,L123P,V174M,L176P,E233G	-2.0443019547347556
N21S,K160E,D178V	-0.5535285566372198
F81L,I126V	-0.45872733330465315
F25L,S28P,G38D,P52S,D74V,L123P,N144D,I150V,E170V	-3.070774218952513
K105R,T228A,E233V	0.01532618439059329
V20A,L135P,N210S	-1.8756450502522135
E109K,Y180N	-0.291046783814684
F25Y,K156R	-0.7417208791848036
D19N,K77R,N157S	-0.16036281751859183
Q67R	-1.213554248925583
F6L,V9G,L16P,C46S,T106A,I121F,K129E,L135Q,I150T,D153Y,G230D	-3.032509390188032
F25S,V91D	-2.1574492962018383
F6S,I45T,F82I	-1.5986990607552858
E30V,L40P,K43T,D80V	-2.338513377058658
M76T,M86V,F112L,E113G,G132S,L218P	-2.936750734316035
N144D,S173G,K207R	-0.09820092234999778
E32G,D100G	-0.2827451250520848
E30G,I126N,G189S	-0.26018436561944175
F25L,K138T,Y149H	-1.3203868929529512
I45V,N196S	0.2006325521647895
D19G,K77R,D115G	-0.6463709619196347
V53A,F81L,F98I	-2.5603491990548313
K43M,G89D,L123Q	-2.1250345853247197
G2A,K111E,A204G,M216K	-2.3997818062861387
H79R,A85V,K111R,K154E,K164E,G230D	-0.9085515039588091
Y37C,N144D,N162I	-0.01569624071766107
Y64N,T95A,K154R,D178G,K207R	-1.75111253527042
M86L,T116A,K129R,N162S,I165V	-0.5177310190436065
I45V,M151K,S206G	-0.12026809835665256
Q78R,F97L,K129Q	-0.20309448385741433
T7S,Y149C,L193P,Y198H,A204V	-0.9361353267652637
W55R,C68R,K77E,D115V,N142D,T223S	-2.322394764957429
F44L,C68R	-1.9340165295742349
V10M,T60S,T106A,I227N	-0.8793640402772305
K1R,N103D,G226W	-0.7214128921468415
D74G,A85D,N103D,N142S	-0.9670755424022118
E4G,V191A,I227V	-0.1763896224198171
K43R,C46R,M86R	-1.9093679443253286
T36S,L51P,S63P,V91F,H229P,L234P	-1.941207858953066
F6S,Q67L,Q92L,I96V,K99R,Y104H	-2.6166676772670154
V9E,T36P,F44S,T47A,L58P,T60A,G102D	-2.635307812240676
S26C,E109K,Y143H,V161A	-0.0306578052735635
K1R,F69L,D74G,F97S,D100G,E130A,L205P,L218P	-2.0124701907632185
F112L,N196S	-0.08386225325104156
K105R,T184I	-0.020922584992615054
K105E,N147D	0.011796812289520509
V161A,P194S,F221L	-0.4126122378679129
H23R,N103I,M151I,I165T,V174A,Q202L,N210D	-0.7134867916600414
E32G,F44L,S70C,I165T	-0.4307535181263693
H79L,L123V,K160R	-0.7242068307074327
L193P,H229R	-0.3021977262385821
K24E,K43R,F82L,N210D	-0.5914034657515028
I96V,N119D	-0.8457337457768381
S145G,N162S,T201A	-0.356382381621711
F6V,Y90F,K156R,S200R	-0.9309289206693436
V53A,F112S,K160R,D171G	-1.869294380918878
C46S,T57A	-0.7846703246205378
Y143F,V217A	-0.26300536197779856
N147D,T184A,D188G,I227F	-0.14553281999162823
E93D,N119S,K156R	-0.1666117415209462
T57S,N103S,K111E,D127N,K154E	-0.6650774753480375
N142S,I186V,I227T	-0.166839674347392
I134T,T228S	-0.3046294566086907
E3D,V148A,I159T,H197R,T201P	-1.988623672307412
L40P,F44S,P54S,S70G,H75Y,N144I,K164R,I169V,F221S	-1.7930172070626635
V59A,N103S,E109V	-0.45504585385392526
Y37F,T95S,I165V,Y198C,K207R	-0.3565618526374978
F44Y,N103S,N119S	-0.2808505644892092
E109Q,N183S,L199R,L218R	-1.874546164129307
K50R,T95A,N119S,N157S,D195N,S200G,M216I,L219Q,M231T	-1.333678266109957
Y37H,E113G,H146R	-0.8924302054826427
N147S,I169V	-0.004946994114404253
H23L,S63T	-0.5496079090254593
K1R,K77E,E140V	-0.4375128691819876
E3G,L42Q,T47A,L139P,T223A	-2.022828922070104
D34V,Q67L,F82I,I96F,V110A,K111R	-2.7924011856251276
N147D,F163L,L192Q	-0.5642567911663865
D19V,R213H	-0.1029824412035949
E3G,K160E	-0.05048850446476841
D17G,K129R	-0.12672425207206828
V9A,K43R,V91A,N133Y,E211G	-1.5969202745299995
D34E,Y235H	0.00877578124387876
K124M,K212R	0.004177053099254917
E15V,K39Q,N162S,I165V	-0.18821672540706327
K50R,N103S,N168D	-0.057923690332303476
V110A,N210H	-0.4226172439865556
V10A,H79R,Y198F,K212E,V217A	-1.8107671319819978
Y143C,N147S,F163L	-0.5404910215565045
M86L,K154E	0.08077402490348097
D80G,Y104C,N119H,N162Y,S200C	-1.6777292376964819
N21D,N183D,G230C	-0.7634532622104059
V14A,D101V,N103S,Q202R,L205Q	-2.346702634520551
V9E,G33A,F69L,H79R,E130V,V174E,P190S	-1.8401753611383107
D100V,E140A,Q175R,Q202P,L205P	-2.7527020644103484
L5M,V59A,I134T,Q175R	-1.7517396164032382
V9A,K111R,N142D,I159T,N183Y	-1.5657104719625898
F97S,K164R	0.11925488283374791
L13P,V27E	-2.478751080601919
K77R,E93G,K124R	-0.42558709516882404
T61S,D74S,T95A,K124R,F163L	-0.9737689417869976
V10G,V59A,G132D,I150T	-2.550494102738093
K24R,L62P,S70G,D74G,D80G,I227N,T228A	-1.9170848028290521
W55R,S63P,K77R,N103Y	-2.0117303636383186
F81S,H167R	-1.9181700628792955
F44S,V91A	-1.0226994914833976
M76V,I227V	-0.17194274727378348
T36A,N196S,L234P	-0.013841110283083498
T48S,I165V	0.11614952067096555
D131G,L192P	-0.18293513274015574
T57A,K154T,S206G,K212E	-0.7230774868443708
R120H,K129E	-0.3205007396756614
I12T,Y37N,K124E,N196S	-1.1165798236818478
K43R,S70C,Y143F,P185T,G230S	-0.68662845421552
F44L,Y149N,M216V	-0.9137524982448271
Q67R,F97C,E220V,I227T	-2.228364200058344
T57A,Q155L,Y180C	-0.9429839888527675
M76V,I165V	-0.2283127354380613
F25L,E30G,M76T	-1.754333521038539
N119Y,K154E	-0.8368701102519809
H75L,K77R,H79P,T95P,T116P,K129E	-2.7115246648170377
F44P,I169V,L234P	-0.6877546657612631
T61I,I169T	-0.6932990511235708
L13P,R107S,N144Y,N157S,L218P	-2.4378900524136937
E3G,Q155L	-0.11377584555878778
V53A,K105R,E113D,T116S	-1.196152953648039
L193P,Y198H,Y235H	-0.3646766013480536
L40P,I126F,H229L	-1.4671825104083815
K1E,L62Q,N133S,Y198H,E220G	-1.9694557334976035
Q78R,Y149F,K164M,I165T,D195G	-0.1203707248848194
V66A,S70C,K77M,Q78R,V161E,S173G	-0.9009278364744464
R94C,F98S,K99M,N142T,M231K	-2.3657018565107495
F128S,L139R	-1.803385335071961
E32V,M76R,T106A,L123P,I186N	-2.154805425986507
R120C,L192P,P209H,L218P	-1.9662468323875872
H23L,S84A,E88G,F163I	-0.8399117695397534
F6L,K111G,D195G	-0.46702595796828367
F6V,T36S,L192P	-0.7301501717993608
L13P,K24M,G187D	-1.8059760991861469
Y90C,N103D,H146R,N157I,F163L,E170G	-2.1875265899455134
T60P,V66A,I134V,V222G	-0.9331955253170199
H137P,N147D,V174A	-0.6616665558517371
N103D,V161A,E170V,N196S	-0.09649324718697935
L16Q,F44S,L123P,Y149N,E211V	-2.940930142000955
M86T,E109V,N210D	-0.634409564265704
Q92L,I96V,T106A,S203P	-1.9317313504306988
E15K,V27L,T48A,D100G,K164E	-1.0138111774474783
I126N,K138R	0.07612297148439473
D131H	0.24373650945374697
I12T,V27A,K83E,I134V,K154E,T228A,G230A	-2.4025344264888044
E32G,K105R,L192Q	-0.35696109029853107
G22S,H79R,Q181R,T201P,L234P	-2.3203042813775134
K105E,T116I	-0.2874109562683387
E130V,S173G	0.0803896999587084
S28A,F44L,M86V,Y149F,I159T,F163Y,L218P	-2.3874678790664876
E170A	0.47510659981376535
G49A,T61S,Y72H,D131G,N147D	-1.6033821636963228
S26G,R71H,K77R	-0.11204977128850271
M216T,Y235C	-0.569213605972529
K24R,Y72H,T106A,G158D,D232N	-1.7711408283139032
V91D,D100N,K129R,D153G,K164R,A204T,E233G	-1.42054928546108
T61A,T95A,K105E,M231T	-0.6730223806799307
E3G,I45V,N133S,N142H,D153N	-0.29627965489233554
I45N,T61A,E93G,N142D,N147D,N157S	-1.7208011547506346
F97L,N142D,N147I,K160R,T201I	-0.16868766818897762
Y72C,K83R,N119D,L139Q	-2.668224602293492
T60A,M86T,F97L,A108V	-1.7849110351974162
N21D,K124R,L139V,I169V	-0.26250062138374497
H23L,C46R,D115G,M151K,V217A	-1.6557736917359867
I12V,K43R	-0.22841379730424516
I96F,N119Y,S173G	-1.8084264202918663
I165T,S200G	-0.3592429192574539
V59A,N162S,E233G	-0.6836588106817174
N103I,F128L,V148A	-0.3073979711197872
H75L,T228S	-0.05085093591855208
T36S,T47A,M151L	-0.3375778417580015
L16Q,F128I,I169V	-1.4331357507465219
L16P,N21H,T47S,N119D,H215L	-3.0047238994101635
E140G,F163L,H229L	-0.6048406672936918
K50M,K77E,S145N	-0.47847692802969544
D17G,K50R,I150T,G158S,D178N,Y180H,L234P	-1.3776135859197178
K124E,D232N	-0.11013374737857456
H75L,N142S,D153N,I169T,D188G,L219R	-0.8263852008626626
H23L,V148I,G189D	-0.4144839096300978
E122V,L135Q,M231T	-0.42211678883489645
K24E,F25S,Y198H,D214N	-1.9198112121100672
T61A,H79L	-0.7170964905563053
V27G,K99Q,N157D	-1.4060016972200802
K50E,C68S	-0.7772059772164658
I96V,F97S,K212R,A225D	-0.7401467242349261
K24E,K39M,D188G,M231K	-0.29092652521838414
V53E,H229R	-1.3367554561660246
K156R,E220K	-0.7107288532010794
D19V,K138M	-0.13069255419278422
K138R,K160E,S206G	-0.1870417955945401
G8E,K105R,Q155R,I159T,P190H	-0.958607362934156
I45F,V66E,F82S,L139P,K154E,H167L	-2.347180855961807
E122V,D153G,N183S	-0.4117457692071164
K1R,K50E,H79D,F82Y,E93V,D115G,N168S	-1.3350527689611376
Y37H,K39E,M76L,K124E	-0.5401901555649922
I45V,E140G	-0.010737257220754711
N147D,I150V,D188G	-0.10620341229433336
L40Q,Y72H,F82S,G89C,Y141H,N144D,K164R,I227F,M231L	-2.8788002011003035
V27E,Y104C,E109V,H215L	-2.4539181542765074
D19V,S28P,N183S,L193R	-1.9366091267605876
G22C	-0.4608311458167102
R120H,N133S,F221L	-0.445923469669232
C68R,L199Q,T228S	-1.8834196663057263
K24E,V59A,M76T,D80N,N196Y,K212R	-1.7400974544317234
T7A,H75L,L199Q	-1.04387362784888
N210H,H229L,M231V	0.043646043039740276
N142S,L176H,F221L	-0.11147479339168687
T57S,K154R,Y198N,E233V	-0.48356017667261175
V9E,N103S	-0.1411703471393572
K154R,D195N,D208V	-0.3644393601991175
T41A,I126F,D127G,V161A,N196S	0.3437244230987493
R71S,K105R	-0.055200740899489335
F128V,N162S,I186V	-0.4951687543150866
K138E,M151V,E233G	-0.2868541148289405
D19G,M86T,G132S,N168H	-1.9449024792898206
D17N,Y64C,V66E,T95A,N103S,Y143C,D171G,L176I	-1.6427682246427968
T95A,A108T,E113G,Q175R,K207R,L219P	-2.884062639899823
K156E,I159V,V191A	-0.22549947451406266
V10A,H167R	-2.123217848454113
L16P,Y37H,E130G,Q175R	-1.9965310659240934
T47A,K156R,T184S,K212R	-0.25074422455803946
K43R,M76T,I96T,I121L,T184A,N196Y,V222L	-1.933111772478938
D17V,K111R,N133H	-0.08380468620393096
E15V,D19V	-0.04611954513907562
F25L,G31S,L51M,F81S,D100G,N142I,N210D	-2.69830729134761
E130G,K156E,N210T	-0.031298584391580404
K24E,F82L,K83T,E140V,K164M,D208G,M216L,A224T	-2.4109424809380013
K1E,Y72C,F98L,Y104N,N162S,I186N	-2.637558463485155
K24Q	0.1203798419311542
F44S,M151V	-0.48495964741382847
K1M,I121V,Y141C,N157D,I169V,D171G,V222A	-0.9155549038937699
V66E,Q182R,V222A	-0.5827085452057272
D17E,E113V,D178N	-0.04628609079267984
F6L,K24E,D34E,Y72C,I126T,E140V,S206G,Y235C	-1.698195635438612
F98S,K111R,N133S,V148A,N210S,T223A,H229P	-1.831471741794573
D34G,L62Q,F97S,I126F,K154E,M216T	-2.1978653454059573
S26G,M86T,I165V	-0.8303008682072445
F6L,K164E,I169T	-0.13332148604370278
K43R,Y90C,A108D,Q155L,N168H,I186V	-2.373312015103312
Y72C,I96F,I121A,P209L	-2.564560952603644
N21S,K156R	0.10661017824124557
I45T,T60A,D115G,N142I	-0.687880149197451
E4G,F6L,V10A,K24E,S26G,F112S,V161A,E233G	-1.888855094999609
Y143S	-0.3588706683353429
V53G,F69S,E93G,N103S,G114S,I134F	-2.70964111232312
K111R,D115G,N142S	0.08467664193517585
F44S,K111M,K156E	-0.7849190558031461
K138R,Q155R	0.1289069160431051
K24E,E88G	-0.24821777459434918
Q78L,T106A	-0.39625257061947583
T60A,N168Y	-0.22346688610183188
V10A,D19G,F25S,E113V	-2.2993351239390316
H137L,Q155R,D171G,Y180H	-0.3088484464556098
V27A,F82C,E130G,K156R,V191A,L193P	-2.1272041597002236
L5Q,K156E	-0.14967518343998865
I126F,M151L,H167L,S200G	-0.5285589822809671
F6S,I126V,E140K,K164M	-0.60428300036339
Q78R,K105M,F128L,Q182L,N183D,N196S	-1.0595539492571482
I12V,F44S,Q78L,K138E,K164R,I186N,F221S	-1.746014587925785
E4D,K99E,D171N,L193Q,Y235C	-0.6766299571500854
W55R,M86R,K105R,E140G,N144S,N196Y	-1.9595229740841185
V66A,R71C,I121V,G132D,K156E	-1.3234585841208046
D188V,M231V	0.06605786247987445
A35T,V148I,F221I	-0.42202682863904123
Y37F,F82L,I126V	-0.21529193313819334
K43E,Y198F,M231L	-0.8197242056496865
F98S,T116S,F163L,L176P,F221Y	-1.8059102323117828
F6S,Q78R,N196D	-0.5969738473177965
I121F,N162Y,F163L	-1.1573493187151322
E4V,T57P,F81I,V110M,I134T,I169T,E211V	-2.8573113678776028
E15K,D34V,Y37D,D127G,N162H,Q182L	-0.8341240602993565
H23L,E140G,S203P,N210S,R213H	-1.3237000287229395
K43R,N119S,I159V,G226V	-0.5883308940474363
E15V,G49S,L58P,S63T,N162D,I165T,S206C	-1.94921559594249
D153G,N183D	-0.6511749145536443
P52T,V59E,N183D	-2.2663652602452187
L40Q,F82Y,N147I,H215L	-1.9253696363923063
T61S,N183S	-0.4019398821684958
H79L,K154M	-0.3990070178801508
Q155L,N168D,K207R,K212R	-0.2855158501136892
D17V,F25L,K156E,E170G	-1.123382580670921
V20L,Q92L,Y104C,K111M,K129E,I169V,G172S	-2.0626346681193395
I126L,M151K	-0.04065770418398177
F69C,T95A,H137R,K212R	-0.34628298359588155
F81L,F97I	-0.7536499174918158
L40M,F112L	-0.5010458914464525
D80V,A108D	-1.851335820535777
K99E,L192P	-0.07419868173635087
K39Q,L42R,T60P,G125C,E140G	-1.893724431729484
L16Q,E32V,T95S,V110A,A152V,L199P,T201A	-2.4681883208267963
I169V,I227T	0.11496644298789899
F112S,I126V,M216V	-1.4532386902296777
H23R,D74G,K207N,M216R,T228I	-1.511244290529873
Q92P,N119G,N157D,H167L	-2.091300247354816
E3G,K50E,V66A,F82L,Y90H,T95A,N119S,E140V,M151R,D208G	-2.035676337249184
L40R,D115G,K124M	-0.7757193130750785
D115G,M216T	-0.6875438768290971
K105E,N119S,V161E	-0.4289468726412646
L13P,T61S,Y149H	-1.2864185801651566
L16P,D74G,M76T,I126F,H215R	-2.4602083276659323
L40P,K43E,N133D,K138R,N142S,K160R,E211D,M216I	-2.4340769470130006
L16Q,K24R,L42Q,E88K,Y90F,T106A,N144S,S145G,M231K	-2.3177011915478287
D74G,F82L,M151T	-0.4147021374217315
E15V,C68R,D232G	-1.7428328501357822
I45V,F82L,K83E	-1.5830031826501516
V53A,K138E,Y149H,D188G,S206G	-1.3580866813306287
F44S,C46R,M86T,N142D,G158S	-2.2425017419916755
K77E,K111R,F128S,V148G	-2.288834677360531
K111T,H137R,N147S	-0.4398719285457823
Y37N,N133I,S206G	-0.2671632291119105
H23L,G49C,T116A,K129T,N168S,D232G	-1.291388458683957
D74G,F81L,F112C,N142Y,Y149S,K160E	-1.9312831316798906
N21S,K129R,N157S	-0.17235712705591105
L62V	-0.8088475543834162
E3G,V14A,K83M,K105M,K156R,I159F,K207N	-2.1891856420247198
L13P,K50R,E93G,K105E,G125D,K164M,K207R	-2.5309679113019476
F44Y,V174A,M231T	-0.22584492064870126
N21H,K207R	-0.04932928371004841
Q67R,F97L,D131E	-1.6387559032671426
K39R,E88V	-0.12819363171963397
M76T,D153A	-0.5561459073028294
Y143F,G158D	-0.3364604743333096
Q155R,N183S,N196D	-0.3072700082199884
E3V,E32Q,H137R,Q181L	-1.8203218885152639
Y37F,I159F,N210H,H229Q	-0.47223028477785245
T41S,C68R,I150V	-1.4822944491319905
T57S,N133D,S206G	-0.29432596307901704
I134T,D153G,S173G,N196S,N210S	-0.8287241375259262
F44L,N196D,K207R	-0.2596029529485628
Y90D,N144D	-0.96214673594387
F6L,D34V,P54L,F69Y,S70G,N168S	-2.146856571660323
F6L,L51P,T57A,F82S,F128L,S145G,D171N	-2.4710506166868114
K99E	0.19890710222785904
N21S,K43M,D153G,N157D,T201A	-1.2810550187790812
T36A,T57A,G114D,S200C	-0.8868909746549967
E32V,L62P,V66A,F69L,R107L,Y141N	-1.945175119185739
E3G,D171G,S200G	-0.3768424245990259
K77E,F128Y,N133S,N157D,N183I,K207E	-1.8765419548866875
H23Y,F44L,D131G	-0.2916922613317883
E3V,D74G,K207R	-0.18554380204367418
M76V,N210S,L219Q	-0.3072472440382529
K39R,K43E,Q175R	-1.1306825768611781
K105E,T106A,T116I,G172D	-1.16139961754929
V10A,L40P,L42P,H137R,S173G	-2.359789814852872
F44Y,F128S,S203Y	-2.1027014699059663
F6L,K39R,N147S,Q155R	-0.4768354199728882
V10A,N21S,Q92L,I96T,F97Y,N103S,D188G	-2.2702767027831454
K1E,S63P,Y149H,H197R	-2.377943507118647
H79R,D101V,V217L	-1.2531023224164914
H75R,Q175H,H229R	-0.2981021606593892
T36A,V53A,K83R,T116S,V148D,I165V,P185H,S206C,G226E	-1.9650997962245014
S173G,N196D,Q202L	0.03631898824322706
T47S,N162S,F163I	-0.48794267714302864
I45T,V53M,L62P,D100V,N119S,F128S,L205P,E220G	-3.3749361062945904
F97L,S203P	-0.7030104468552393
I45T,K77R,E88G,I96T,Y143H,G158S,N183Y,N196D,D214G	-2.2198091426142863
N144S,H146Y,Q155E,I159V,E233D	-0.47516866109286837
L40P,S63P,D101G,K111E,T116A,M216V	-3.0660265688671067
T223A,M231V	-0.06279756391923316
P11L,L135Q,N144D,T201A	-1.1590810388175017
K50G,P56S,F163S,K164R,H179R,V222A	-2.3099362486006823
K50R,N144D,L176H,K212E	-0.1655714232322567
K77R,K124R,N157D	-0.14575293912018292
E32G,N119S,I134V	-0.30603150662089407
K129E,Q202K	-0.12149045817731502
Y143C,V217G	-0.6464055169161066
V59M,N147S	-1.0056478579733956
K1E,D100G,L176F,A177G	-0.659406320638252
D19G,Y64C,D80V,V91A,K156R,I186T	-2.7536283035746543
N21S,F97L,R107H	-0.46477805760887425
T106S,K154E,D171N,E220G	-0.7120554971974832
T116A,E130G	-0.388246544976492
K24M,E30K,F97L,T223S	-0.19689098864451104
V9A,N157D,Q175H	-0.3572597870830332
K124R,D208N	-0.15427577936463643
D188V,S206C	-0.10530747386433752
K39E,F44L,K50R,S63P,H167L,E170G	-2.0428751393772395
E122G,K164E,S173G,N196I	-0.21920278418632516
V10E,T36S,T116K,D171G,H197L	-2.0834754994605396
P87L,E113G,Q181L,L192R,K212R	-2.0726520530510166
F82C,R120L,I134F,N147S,G158V,N196I,L219Q	-1.823855576587107
E3A,N147S,N168S,K212E	-0.3001826168234788
K77E,N168D,I227T	-0.501674548901922
G2S,E32V,K105R,I121V,K212E	0.06140978924498697
E88G,F112S,M151V,K160E,I186T,Y235C	-1.6928785042751258
D80Y,N183S,M216L	-1.8553867169648575
A35T,F221L	-0.28588114298914696
E4K,Q181R,Q202R	-1.3334217551046887
V53E,V59E,S84P,N133D,D208G	-3.0271008088070888
W55R,D80V,E113G,I126N,K129E,H179R	-2.8936259062683014
F69L,N162H	-0.13198818301019166
Q67K,K111E,N162D	-1.4462881538372412
V59E,V66A,N103D,N162D	-1.6096598590420925
V53G,M76T,D101N,D208G	-3.0461999701298197
V9M,E30G	-0.2619822876050216
M76T,K129R,K207I	-0.5187254252022762
F128L,N133D	-0.22971465487288797
T60A,K124Q,N147D,T223A,D232A	-0.5657279029619398
E130K,N157D	0.1609546740082438
T47S,V66A	-0.20712633204109163
Y180H,V222A	-0.27383844608763497
L5Q,D100G,I159V,I169T,N196S,L219P	-1.5574005423813189
Y143H,N183I	-0.4375893752782134
H23L,S200G	-0.38012647666758015
T41A,F44L,S70N,N147D,T228A	-0.750708471957259
K156R,D171G,V174A	0.024693881736316453
F44Y,I159T	-0.30026143442482645
R71L,H167L	-0.2596433039732575
K154E,Q175L,S206G	-0.08820980144598725
E32G,Y149H	-0.4348441078646338
K1R,L5Q,K77R,K212R,M231V	-0.4670473070543346
H75L,F81I,D115V,Y141C,K154E,H167L,D195V,N210S,E220G	-2.219646354651375
K50R,L193P	-0.28200764356864527
T47S,F81L,I165V	-1.144349105619243
Q67R,Y72C,D115G,K160E,L199P,S203P,S206G	-2.7890317467533285
K154E,N183D,T184A	-0.42642419135695653
L123P,F128L,L192Q	-1.846119183154122
C46R,T60A,N144S,V148A,K212R	-1.4587160417375178
K39R,T57A,T61S,N144D,N168D,S200C	-0.9372468310696522
F6L,K129E,K212Q	-0.330492483327258
S70G,I169N	-0.14327011587444852
H23R,K160M,N210T	-0.19200035497884702
N119S,K207R	-0.17710600939155674
I12T,E32V,L176F	-0.7978183298003515
T7S,Y64C,I96T,I159V	-2.0508375428300742
N21S,M86T,K111M,L192P	-1.4054919447148462
S26C,D171G,Y180H,Y198F,I227T	-0.4635251160196969
K50R,F128V,I150N,N157D,F221S	-1.7206575203239414
K99R,N183D	-0.3470645505587159
V14I,I165T	0.025413322507095853
N103K,M231T	0.012861344682446119
E30G,F97S,Q181L,E211G	-2.5123499746339064
F98S,K111R,I126S,L199Q,M216V,I227N	-2.157139278032879
L16Q,H137R,V191A,R213C	-1.6574172887243015
N142S,T228P	0.02611817945685912
K138R,N157Y	-0.06943694229362045
W55R,G102D	-2.6130358185669627
K99T,D115V,S145G,L205Q,K212E	-1.577929726527799
K111R,V148A,P190S	-0.24943443633606027
A35V,K124R,Q155R,N210D	-0.2851806786328879
I45V,T61S,Q175L,N196S,T201A	-0.375985618280295
L16P,V27A,K99R,D101G,N144Y,D232G	-2.5569777109838245
L13P,I45N,D153V,V222A	-2.0789416336307287
K164R,K207N	-0.09350571859156005
T48S,K124E,K212R	-0.10098634520751074
E93G,D195N,M231K	-0.3190881391314384
H75R,R94H,Y149F,D153A,I169T,H197Y	-1.9303414772377194
S28P,W55R,T106A,T116I,N147D,M216T,F221S,L234Q	-2.426955249714436
K164R,I186V	0.03909664493469567
V59A,F98L,F163L,D195G,I227T	-1.9314062094765596
E4G,L40P,S84P,M86T,N147I,I169T	-2.028668325526519
T48I,D101N,E130G,Q155L,L193Q,E233G	-1.8007500334699413
D34E,T61A,I150T,P185T,L218P	-2.4807761237304797
Q78R,K111E,M151V,N210S	-0.6760373349024574
C46S,K105E,V191A,A204V	-0.7423007473430957
C46S,F69S,N119D,H167R,I169V,H179R,V222A	-2.9142831828409026
S84P	-0.4838429145130506
Y72C,Q78L,F97S,V161G,V191E	-1.4294593118105254
L42P,E211A	-1.7771454876830086
Y198N,S206N	-0.47108624185919307
N103S,K154R,L192M	0.0643377473385912
N162D,T184I	-0.037509175353414276
G22D,I126V	-0.048076718795856954
E4G,S26N	-0.11646283191880152
F44L,N196S,Q202R,K212R,H229N	-0.3442103692694769
K39M,T41A,S84P,N142S,Q175R,G189D	-1.4187103269198644
K24E,E32V,D100G,D153G,N196D,M231K	-0.8450605394249832
N157D,L192P	-0.13468907005156372
E4G,N142Y,E220G	-1.0809894910437652
T7A,F163L	-0.25578701611691745
K124R,G158D	-0.344425558496126
K39R,E122D,F221L	-0.1170926757830136
M76L,N142D,Q202R,N210D,H229L	-0.1389632594216051
V10A,E32V,M76R,F82S,Y104F,S145I,K164E,T223I	-2.258062194911482
I12V,S28T,E30G,H137R,K207E	-0.9972027202942353
G29S,F69L,M76K,V110A,K129E,T223A	-2.25217071431023
V20I,Y90C,L123P,D208V	-2.417688558921708
T61I,Y104N,M151V,K164M,H167R,N210Y,L218Q	-2.539503215391107
L42Q,N119K,I159N	-2.1574090825113608
K39R,I134T,V174E	-0.5851041968474847
E88A,E93G	-0.47836063244228977
F97S,E130G,H146P,N168D	-0.8700288672104434
I12T,G102D,N103D,D115G,F128I,K138R,I169N	-2.1482878907973424
N162D,N168S,D188N	-0.17258390478554445
I12V,E15V,K156E,S200G	-0.5420239777414918
G172S,I186V	-0.20476893018335596
R71C,L199Q	-1.0858615949638384
F6S,F69S,K111E,F128L,M231T	-2.290276566061859
S145C,N147S,V161A,E170K	-0.02412946361015879
K129R,N133S,K154R,H167L	-0.319378033770599
K24E,K164M	-0.10450199085778031
R71C,I159T	-0.5598993957644038
L135M,H167L,L192P,S200C	-0.5895555867806724
Y180F,S200G	-0.12234762297840264
V66A,H146R,N168Y,I227V	-0.9253131415468819
V59M,M76V,F97I,I134T,T223A	-1.9158027690464416
W55R,K105R,N157D,I186N	-1.8370217995228586
E130G,D171G,L176P,Y198C,K212E	-0.9761266468112202
K24E,C68R,D80G	-2.265912075664934
A85V,D115G	0.0998750303478311
Q78L,V191L,T201A	-0.41455079604772876
N119D,Y141N	-1.2401875912330602
E93V,I169V,T228S	-0.1433563167184593
K99T,H167L	-0.36742367733176656
E88G,K160R,N162D,D188V,H229R	-0.2828926759215013
F25S,M76I,K111R,I134T,L139Q,V222A	-2.3833073228652326
K39R,K43R	0.04594513546927836
K124E,N147S,N168S,H215R	-1.9540695137571666
E4G,H137L	-0.32213349357334925
H23L,K83R,K111R	-1.426037256874395
T7A,K99E,F163L	-0.3036489248066806
M76V,I159V,D178G	-0.5175724745781562
I12T,S28F,G38S,F44S,L58H,V110A,V174A	-2.65818776758909
G8E,T41A,I96V,F97L,K138M,E140G,R166L	-1.0810510195425485
L58H,T61S,F82L	-1.5727591531613
V110A,Y235F	-0.23698026890593363
V161G,V174M,H197L,Y198H,T223A	-1.310240084749044
T61A,N142D	-0.4684369612171182
H23R,S26G,R107S,D195V,H229L	-0.8240429899356533
N103S,V174A	0.034025349311881274
K1E,N147S	-0.282807740235979
V66A,I169N,S203T	-0.12160709186815997
F82L,F98Y,V174E,Y198H	-0.7004678636695051
H23L,P73S,K124E,N144S,V191A	-0.895221218349671
V27G,E88G	-1.330109244536577
N21S,K39E,T57S,F82I,Q92R,N144D,S145R,S200G,D214G	-2.799255769708634
D171G,K212E	0.40447277395867326
D19V,I126V,D178G	-0.2648103644804352
N21S,N119D,N133D,L192Q,Y198H,D214G,M231T	-2.269015791662775
T116A,V174A	-0.26952480727123723
M86T,I186F,M216K,F221S,T223A	-2.2179583057242946
L58H,Y90S,N119S,I169T,D171G,V174A,D208G	-2.248013169642479
K160R,D171N	0.10525725152662531
G2S,F6I,Y90F,F98S,S173G	-1.8402530762782559
F44L,T95S,F98S,K160R,D178V,T184S,L199Q,Q202L,V217A	-2.282726386417142
K39R,D100G,V161E,D171N,K207R	-0.7482043979853759
T41A,R71H,G158S,G189S,L199P	-1.4683763317921212
K77E,V91A,L135Q	-1.3333065000943662
V14A,Y141C,I150T	-1.849123167269807
F6Y,S28T,M76L,Y90C,G136R,H197R,A225T	-2.4061530950053647
V10A,T95A	-0.6861860698289607
N142D,G158S	-0.07128449626740334
E30G,E88V,E109G,E130G,K212E,V217G	-1.6001355372139623
M76V,K111R,T228A	-0.300323321267159
K1E,T60A,L192P,Y198C	-0.94008256329314
F112Y,I169T	0.0601749128016638
K124R,N142D,D171G,V191A	-0.18728706642528642
K156M,D195G	0.04151367511930189
Y37N,F82S,D101G,I159V	-1.4856304786960983
E30G,I126V,K138R	-0.06433208632113799
S28P,E32G,K43E,K83E,E88G,Y143H,N183H	-2.8680013340317494
F6Y,D127G,S145C	-0.2661883438779099
D19G,D80G,H215R	-2.6573137762285075
N21D,Y72C,N144D,E220G,I227V	-2.034125759061327
P190T,I227V	0.0009614485511191956
C46S,Y72C,F128S,H167R	-3.032709080539521
Y37N,T57S,K77R,F97L,N103I,E140G,V148A,K164E,Y235N	-0.7710578022994106
F25I,F69L,N157D	-1.1831952115711677
S26G,L62P,F69L,K77E,Q78R,F128I,V217D,E233G	-2.4377459001633275
F98S,D100G,S173C	-1.2893340365643473
K105R,D153G,N168I,I169T,K212R	-0.31002962384111565
I45V,N210D	0.2363506723079846
E3V,D17V,T47S	-0.18320113537656443
V14D,H137P,Y180F,I186T,L192Q,D214G,E233G	-2.5744596314132058
K24R,N144D,K164R,N168S	-0.05576133468946202
H23R,K39E,K50R,F81S,I150L,M216L	-1.9545555703511805
T36S,I96V,T228I	-0.2061385796105984
E32G,Y64C,K77R,M86V,I126N,L199P	-2.47208368244398
V66A,N196S	-0.017550101140317645
Y37N,T223S	0.05992237570970527
E3V,G29D,K124N,N147I,F163L,I165N,G189A	-2.3321608826220888
Q78R,A152T,K154E,K207E	-0.2999589869126099
T36A,I45F	-0.24037035057145462
F6L,V14D,K111E,S200G	-2.3177345227040984
I12V,N162S,T201S	-0.42986189532657265
E3G,F44S,V91A,K207E	-1.5353634813300174
F6L,T7A,I45V,H79L,K154R,N168S	-1.1085970055798697
S26G,T41A,T47A	-0.3670788687480898
L16P,F97L,I134F,K154E,E170G,H229R	-1.8478825285338731
T7A,S145G,P209H	-0.370453050772458
V10A,Y141H,G172D,K212R	-1.1185154969792483
E113G,L135P,K160R,H197R,H229L	-2.463816690833437
V20I,L51Q,D131G,D153V,D178N,Y198C,D208G	-2.568544664596024
L5Q,F128S,I159T	-1.948216452008397
K129E,N144S,Q182R,L199P	-1.6761969281302918
F81L,Q182R	-0.6922713634554085
H23R,G114S,K164R	-0.10691781342250739
K129M,K207R	-0.08784033863105398
S26G,D74V,I169T	-0.288304251402509
T7A,K77E,I96T,L123Q	-2.1870223328900025
S70G,N103Y,K111R,I126V,D131G,Y149H,I169V,S200C	-0.4713735875915201
I45N,M76T,E93G	-1.2021690176399003
E122K,A177T,L234M	-0.2936359388586707
V66A,Y149N,K154R,V161E	-0.8785962881872458
K50R,S200N,A225T	-0.1244227627910682
F82S,K124R,Y141H	-1.168315022802349
T41A,T60A,R166C,Q175L,T223S	-0.47032951570414905
E15G,V27E,E88G,N147S,T184A,K212E	-1.9619976517282702
V66A,K111R	-0.09366720291584676
G230V	-0.18789154265958438
L58P,H79R,N133D,L199P,N210K	-2.6363003051974503
E30V,V148I	0.026398872680610648
V161A,Y235C	0.15087497781531234
I121V,N144D	0.10040577591706329
G38S,Q67R,L139P,N142S	-2.398113653862154
L13Q,N147S,V148I,Q181L	-1.5519338382494277
F69L,K164E	-0.0177142952145082
K99R,I121V,Y198C	-0.2504884955251349
I121T,D188G	-0.4049271142385595
V66A,K154M,H229R	-0.41517949773036267
L42Q,T57S,F97S,D101E,L176P,T201S,L205P	-2.0905661655142374
E3D,M151T,V161A	0.11202584322959869
E32G,T36A,G65S,E93V,T223A,E233G,Y235H	-1.9630254652293544
Q92P,I126T,I150V	-1.1568726065617503
V9A,I45T	-0.23249410854521776
F112S,Q182R	-0.9219137231974878
V110A,T201I	-0.29461388521553145
Y104C,N133D	-0.7591757131095058
I12T,V91A,Y104F,N119D,Y180H,Q202R	-1.7555586891533816
E3D,T36N,L51P,H75L,N162S,V217A	-1.8510533488553857
D208G	-1.0150838274288074
G8E,M86V,F97L,F128S,N168S,N210K,K212R,H229R,Y235F	-2.076455888560751
K24N	-0.1352788438069435
K77R,T116A,T223S	-0.22232733442528585
N162S,Q175H	-0.2916800310692083
K1R,H167L	-0.3376217487165676
D34N,D80V,F82S,S84T,D100G,K105E,N119S,E130K,S200G,A204S	-2.2576192357247007
Y37H,L135Q,M151T,N210Y	-0.5178199450136773
F6L,F69L,H75Y,F98S,L199R,M231V	-2.4056808137936514
K43R,P194L	-0.5336426088556793
Q78R,F163I	-0.27756809417261835
E113V,E170G,G189S	-0.02738178256872747
K43R,G226E	-0.08118070976187836
D34E,V91A,K164R,M216T,T223I	-1.4009958456571343
E32A,M151K,N196S	-0.1473080932562249
V27M,F44L,C68S,Y141H,V222A	-2.091261212855034
I12V,D34N,D195V,N196D,T228P	-0.89021001530645
E15G,N21S	-0.42713630554590964
D100G,N147I,F163L	-0.6116105847528461
F82L,M86V,Y141C,D188V	-1.4225534216648859
D17V,E30G,I169V,N183D,V222E	-1.450491131647874
T116P,H137L,H197Y	-1.5712598274634024
E30G,I134T,I227T	-0.9245558708933324
F25S,F81L,I96T,K124M,N142S,N157S,I186V	-2.695905007566173
Q67R,Q92L,K124R,L135P,T223A	-2.695851154853349
F82L,F98Y	-0.25390658365827135
F6L,F69L,R71H,K154E,K164R,Q182L	-0.609479669473663
K24E,F25S,T36A,Q78R,M86V,Y141C,V174A,N183D	-2.307122117123904
D80V,M86I	-1.4126562779202594
S26G,I126V,K129E,F163S,N168D,D171G	-1.319639977586437
L176H,I227S	-0.24422832222813368
V161A,Y180C,L219Q,Y235H	0.008655554579325727
F6I,D74V,Y104H,D115V,D127G,K129R,I227V	-1.906418409505531
S63P,Y72C,N103H,N133I,V217D,E220G	-2.693077058833428
N168D,L176P,T184A	-0.21699133704792167
D34E,K164E,D208N	-0.32432116024534346
S173N,H215P	-1.3212002779944079
N119Y,I169V	-0.6885477559083395
H75R,Y149F,K164Q,T228A	-0.18129293947402186
N157T,D178G,D232G	-0.39138091907798095
E113G,D115G,P185R	-0.9441569001580108
V27E,Y37H,K43E,D153A	-1.8689788817174238
E3V,V27E,T106S,N144S	-1.5581142835626975
K24M,T41S	-0.11003904778198227
K99R,Y143S,K154R,K164T,N168D	-0.37950113194912927
N21D,T48A,F97L,N157S	-0.5861168244914482
E15V,K39E	-0.2658244711294159
I159V,N196S	0.1104257249532262
K164R,Y180H	0.12155678145844859
F44L,D74V,D131N	-0.287247621959916
K83R,M151I,K164Q,S206G,V222A	-1.4222101203262285
K124M,D153G,N183S,P185T,D232G	-1.3700122292443746
F82S,I96T,Y143N	-1.9734262180296633
L62P,Y64C,M86V,E109A,K156M,V174E,L234P	-2.2069029236116697
L13R,T36S	-0.20902982332352207
V9E,L62R,K111N,H146R,N183S	-2.2484260375969836
D74G,N196I	-0.1595281916533836
K154R,P209S,V222A	-0.35536764760642403
K50R,H179L,I227V	-0.8593921436236505
K138E,I150V,V174A,D178V	-0.8036429539037762
Q92L,N133S	-1.0359444644742661
S28P,D101Y	-1.8754591708632171
V66A,D74N,H137R,Y141H,K156R	-0.7705184180947962
Y143F,Y149N	-0.07930322387567806
T57A,D131G,K154R	-0.45347720122588975
E4V,F6L,G18S,S28T,D74G,K138E,N142I,N162I,I165V,E170V,I186V	-1.835305103454411
E3K,V59E,H75P,E170G	-1.6364737043803008
V20E,T60S,R71H,M86T,N103D,I150F,T223A	-2.5618141986422316
E122V,S145G,Y235H	-0.08100220894542677
F44L,F69Y	-0.6987868630005889
F112I,I227T	-0.18529942894331292
D100G,R107L,N157D	-0.38079940095593723
G33S,K124R,M151K,M231V	-0.7428076341475787
V20A,V53M,S70G,R71S,F112S,E130A,K138R,M216L,D232V	-2.580197217602644
V9A,V14D,C46R,F97L,R107H,F128L,I159T,L193P	-2.3496240708887632
E15R,M76K	-0.6416252647735969
K1E,F98S,N103D,I126V,K160E,L176P,T228A	-1.9613848203960011
V27A,K77R,N196H	-1.0150185580468376
F69I,L193P	-0.5423434717019544
Y37C,N142I,V222A	-0.4339129583082276
I121V,K124R,D171G,N210D,D214G,L218Q	-1.5330333949261403
H23R,S26G,T41S,S70G,T106A,K129R	-1.0055745503519202
T36S,Y37H,H137R,Y143H,F163S	-0.7383064281216393
K1E,W55R,H75N,T116S,E130G,N157Y	-2.0494862366929905
R94G,L135Q,K156R,D171G	-1.3042858435618008
M76K,N142D,Q155R	-0.5997265524286066
E15G,V66E,I159V,V161A,H167R	-1.490420318870454
M151V,N168Y	-0.1384896793105881
Y143D,D153V,M231T	-0.8105766014672413
S28P,S70R,F97L,D115V,I165V	-2.324276659495221
E3V,L135R,N168D	-0.29437845365397297
K24E,Y143N,G189S	-0.5741816110496278
T57A,H197R	-1.799006334600723
N168S,T223S	-0.0391202267280048
K1R,N21S,N142S,K212M	-0.191334728209642
T7A,F128L,K160R,K212E	-0.2969839989650042
V59A,D74G,F98S,D127G	-1.737851863106635
P209L,M216T	-0.8667330699282326
F82S,I126L,I134F,N162I,N168D,N196D	-1.943201311884261
V91A,F163L	-0.5512157637470881
F163S,I169V	-0.2897527902549578
S26C,D214E	-0.46207234060857694
F6L,G22D,M151V	-0.5276304896566678
F6S,F97I,Y141F	-0.6952399960627414
K99E,N142S,V174A,T201A	-0.16807292135175064
L16P,M76T,N133I,N168D	-2.084477043879384
F97S,E170V,I186F,S200G,D232G	-0.7401657413702767
D34E,Q155R	-0.09287279116124603
F6S,L40P,T47S,H75R,L139Q,D214G	-2.7918733838712066
P11L,H23L,S63T,K105R,K154E	-1.153160917215164
I159T,N162S,N168S	-0.3337652599956721
K24E,Y72N,E109G,I169F,Y180H	-2.0316972635924904
F6S,V66A,F69L,L219P	-2.2001669058931332
Q78R,E88G,N196D	-0.11816909129289013
K154R,N168D,L205P	-0.7138195300969044
F82Y	0.30047342419947803
E15G,T60A,Y149N,L219P,V222A	-1.7003283553180972
V14A,Y37N,K111R,N147S,V161A,I227T	-1.0162505505273984
K24R,T60A	-0.10051227827686884
N103I,K124R,H146L,N162S	-0.3849104126538329
E113K,I126N,S145G,V161A	-0.24658806734326852
I159V,G187S	-0.10739809334125994
E3V,T7A,K24R,F163Y,I165V,V191A	-0.5741183193331466
I12F,L40P,T60A,H137L,N142D,T184A	-2.109615202454469
K99R,Y143D,N210S	-0.5435773149571447
E4V,N103D,E140G,I159V,I165T,K212E	-0.9949835383994183
P11S,S28T,I227V	-0.2305757216711204
D34E,F163L,L234Q	-0.48650586819142766
D19G,S26C,I121T,N196D,M231L	-1.5735483081317847
S26G,N157S,N168D	-0.2614391656334886
T106A,Y198H	-0.46899913644540075
G8R,Q78L,D100E,H146Y,M151V	-0.6118076561558135
D100V,K105R,Y198N,V217D	-1.7382913861767086
F25S,K111R,L139Q,I165F,L176P	-2.0183849648650263
N21T,T184A,G187S	-0.7924698016875981
D17G,I159V,I165T	-0.19883344967067787
N21T,K138R,M151R,Q175L	-0.5521224936436373
K43R,K111R,K154E,F163S,Q202R	-0.8856769966154925
D34G,L139Q,N196Y	-0.971312505370001
K207N,E233G	-0.13434908266820722
C68R,D127N,I134T,D178E,Y180H,K212R	-1.715115660276243
K43E,F69L,M86S,Y104N,E122G,K124E,N162S	-2.6402528890330474
N183D,S200G	-0.6352836834960073
E32V,N119Y,I134N,M151T,N196I,D208G	-2.089052321439224
N119D,Q155P,F163C,G172S	-1.6910501177692345
S28P,N144S	-1.6593771378466573
S26G,D101G,T106A,K212M	-1.1497493475598068
M76L,E122G	-0.26601453471790487
K1M,I121T,H197R,S206C,K207E,A224T	-2.3237174087044243
F6L,V66A,F82S,N119Y,Q175R,M216L	-2.519983606084976
V9E,E140G,N142S,T184A,I227V	-0.7159413877791712
A224S	-0.2185677228640022
T47I,M86T,T116A,Y143F,G172S	-1.3860546611045628
K1Q,K39M,V53G,K99R,R120S,H146R,I159T,Q181R,T201A,K207R,E220K	-3.0997793810782435
N147I,Y149C	-0.5088671238282348
C46R,K138R,S206G,T223A	-1.6139797752742704
T36A,M151L,K154R,N162Y	-0.027020212182921825
N103K	0.2321287880501636
D19G,K77R,T201S	-1.0080098299569193
G31V,I150V,D214G	-1.8201045725413352
L13Q,F44L,D127G,S206G	-0.5436781330468403
E4G,L51P	-0.7070260635387272
S70N,F82I,I134T,V148A,Y198N	-2.3530209866837817
M151I,V191E	-0.4068208585297304
T48S,V148A,S173R,I227F	-0.47949590233450645
D74V,T95A,K154N,D188V	-0.3619437834246556
H75R,K105R,E122V,T184A,E233K	-0.255925389099225
E88V,D153V,N162S	-0.5357400428886426
G8R,K105E,N142D,M151L,I159V,S173G	-0.5066625129668467
K99R,L123P	-1.7061196933319769
D17G,N147D,H167Y,N183S	-0.7593332338873352
F6S,I12V,F25Y,K154R,D214G,V222E	-2.758001735827879
L5P,V10A,V66A,T106A	-1.4214149311786177
G2D,T201S	-0.662940066499067
I165V,V191G	-0.2656777571260706
E15G,M76L,E88G,I169N,K212R	-0.9779670512148981
Y72C,Y143C,K164E,I227V	-0.9520592281121373
Y143N	-0.5472651710995116
E109G,I169T,K212E,E220G	-1.1104094239420221
D101G,F112S,E113G,L135Q	-2.350460106127388
G29S,I96T,L135P,M231K	-2.479526476634544
E32V,I126V,N147D,K164R,I165V,Q202R,M231K	-0.6874649508886018
V59E,F82V,N168D,N196S	-1.9592324759469384
E220G,E233G	-0.8635862729385334
N21Y,V27A,G38V,D115V,N162S	-2.4777200935734744
D19A,E30G,Q92H,N168I,I169T,I186V	-1.5043642329613254
F25C,L62Q,V174E	-1.9490540478941667
N133S,D195G	0.05205644856027093
V14A,Y143H,S145C,N196S	-0.580115239321547
K43R,T48S,H215R,T223A	-1.6825696239530368
I12V,F25L,Y90C	-1.6650650740199207
F82L,E88V,I165V	-0.34405483768480555
K43R,T47A,T60A,L62P,F81S,F82Y	-2.2341985254477716
N162S,T228I	-0.03781611503956554
K1M,D34G,T60A,Q78L,F112S,F163S,N196D	-1.9102802403214794
N21S,T60I,F81I,V161A,N168H	-1.7474257829358457
I45V,Y64N,F81L,I126F,I134F,K207E	-2.6830395477802558
G22D,F163L	-0.6603883075928995
A225V,M231K	-0.04527343899769016
G102S,M151L,R166C,Q182L,N196D	-0.7250388755465077
S173T,L176H,L219Q	-0.10693186729429989
H23R,T48I,L62P,N183S	-2.1870198161605723
K39R,M216V	-0.3635566963157654
K99E,N133S	0.05468275487424562
I45N,F81L,K111R,N147S,V217A	-2.135208396594696
V27M,L62Q,D127A,F163L,M216V	-2.495478844412749
F82L,F128S,T223A	-1.832374667104898
D19A,F98L,D214G	-2.2240168443559165
F6L,D115G	-0.2131747381673553
L42P,F97S,E140G	-1.6851082859478517
I12V,E32G,G158S	-0.458593127350433
F128L,L192Q,K212E,M216T	-1.2082158647598684
T7S,V14A,D127G,K129R,K164R,Q182R	-0.7685456042931696
N21D,V59A,L62P,G114C,D178G,N183S	-2.482620549967798
A35T,H79P,L192P,K207E,K212R,V217A	-2.1677001476506224
T7S,K124R	0.1510118690653904
Q155R,N210I	0.10368193685165236
T106A,Y143H,I227V	-0.3962482542135364
H75R,D115G,N162Y,F163L,Q175L,D178G,P185S,I186T	-1.369969688738509
I12T,T184A,F221Y,A225S,T228S	-1.0156625341851961
F6Y,D101G,T184A,V222A	-1.2447507126830601
K1E,I12T,N119D	-1.535668320558747
Y64C,C68G,K77R,K111M,Y149H	-2.1900660599814623
V14I,Y37C,K105E,D178V	-0.4451717791256887
I126L	0.2831277891936857
H23Y,T36S,V66A,K105M,I169T,L176P,T184S,D208G	-1.3936349739951315
K1R,Y90D,Y141R,N144D	-1.5150850810178782
D34G,I96F,I126V,K138E,H167L	-2.3289843810174142
I126V,K154R	0.2537940251407148
V66A,M151T,I159F,D178E	-0.7870914803077615
F6S,F82L,S84P,K154R,V174A	-1.6312145596491912
K129R,N144S	-0.02594068012669406
E32G,V53A,H79P,F97L,D131G	-2.0170166450632045
V9M,K77E,F81Y,I169F,D171G,G230C	-1.7123394294625234
N21S,N119D,D171G	-0.8864201552863781
L16R,M86V	-1.631892657643091
Y64F,E130G,Y141N,I150V,I159N,Y198F	-2.547453064469628
N119S,Q155R,E233Q	-0.1208505664035053
V20A,V91I	-0.4587061081978127
H23R,K99R,D115N,K212R	-0.09565097846810747
T47A,N142I	-0.4114456634003453
L16P,I45T,E109V,F112L,E140G,N144Y,L193P,M231L	-2.2380214667912153
E3G,K39R	-0.0017644145677096525
T7A,K24E,Y90F,N142S,S145N,I169T,N183I,K212E,H215Y,G230S,E233G	-2.0318711710438446
G132D	-0.4388233285485813
E30A	0.1332864734809021
K111M,Y141H,N168Y,K207R	-0.474496524784909
D34H,V110A,D127G,S173G,E220G,L234P	-1.4287893343373343
P11S,D17G,V27A,F44I,K129R,K138R,K212E	-2.1412556031209196
K105Q,K212Q	0.12853334957408913
H75Y,I186V,N210S,D214G	-1.343209164202706
D178E	0.19116964500572625
D74G,H137L	-0.2895755595966888
G31D,K111R,G172D,L192P,G230S	-1.7854220626398933
D19G,N21S,T36S,W55R,N119I,K156R,I186V	-2.4855486820224213
G22R,S70G,F97L,E113D,Q181K,D232G	-1.4165240174645546
T60A,S173G	0.027077361747678025
S145R,K160E	-0.07837936910727927
N144Y,G172S	-0.39602241759789614
F81L,T116A,L205P	-1.966328018063072
G158C,E170G,L193Q	-0.552528733393734
S26G,V59M	-1.0713015577693272
E130G,N183S	-0.49445077509478563
I169V,N196D,K207R	0.08161766233544898
K138R,G187S,M216V	-0.6703380793628388
K99R,N103S	0.030904790999448893
I169T,P194S	-0.34235785726491075
Y64F,F69S,H75R,S173C	-2.1297787041328
S26G,Y37N,M76L,D127G,D188G	-0.19687155331618195
I12V,K24E,G29S,T48A,E93V,K99R,V148A,N210S	-2.1859980356510387
Y72F,Q92R	-1.951051307199795
T36A,H75L,K99R,N210S	-0.30426309991243805
T47S,P56S,T61S,N133D	-0.7725094285985481
T7A,M86T	-0.550000116953649
H23N,K24R,H75R,K160R,N168Y,D188G	-1.1273521519808845
E122G,I159T,N162S	-0.5018797444514103
D34G,H75R,E113G,M151K	-1.5644562308905026
S84F,F97S,N162Y,F221S	-0.40320230534512963
T36I,D178G,M231V,L234P	-0.3399945582629461
K77R,V91A,D127G,I134V,I186T	-0.7834860450938279
F98S,D127G,F128L	-1.4433150119512161
K1R,E3D,S63P,E93G,N147S,I169V	-1.7539457714391584
Y180C,Y198F	-0.13588354931679925
K43R,T95A	-0.1466846872064732
I45L,F163S,V174A	-0.6509782862830202
F6L,T36S,Q92R,N119D,K156E	-2.020557725239999
F44Y,I45V	0.09569161575143054
I12S,F25S,R94H,K111M,N133S,E140V,G172A,M216V	-3.1503604575964
D115G,D131V,Y141H,I227V	-0.35634312695717096
L13Q,F128L	-0.3660190177020676
S26C,T116S,Q155L,K156E,N168D	-0.6406862630756446
F6L,D17G,P54S,K77E,N103D,I165V	-1.6267320319775953
E3V,H79L,N119S	-0.5699841666275212
V66E,I96T,E122G,I126T,E130G,D208G,Y235C	-2.019569592525513
V10G,T57A,F128L,I165N,Y198C,E211V	-2.423904662949395
Y37C,W55R	-1.5462699012415204
S145C,E170G	-0.07201814412873034
K105R,H167L	-0.2703683222807123
Y37H,F44L,E88G,K111R,I121T	-0.9920585856237283
L40P,F97S,K160M,D214G	-2.271378942275497
S70C,N142I,K160M,V222E	-1.0696005908129183
K43R,Q67R,F69S,H146Y,K160E	-2.2224559327446016
E4G,N21S,Y141H	-0.4514662659136335
V59A,D100G,Y149H,I150T	-1.6341280734749277
C46S,T201S,L205Q	-1.6909613765769984
V110A,D153N	-0.3580766672331138
K43R,M76T,S206G,E211G,M216L,F221I	-2.2628123397012305
E140G,Q181R	-1.8782728765122265
V20A,Q78L,N119I,V191A	-1.7774232626689632
K24R,F97S,V222E	-0.7974402556399192
V20I,K105E	0.042139415662576105
T61S,E88G,N142D,L176P	-0.8338281564203796
V10E,I96T,F112Y,L123P,S200N	-2.5446408306495374
Q67L,H137L,Y143C	-1.1914876409295148
G18C,S203T	-0.6610618791857285
N21D,L139P,Q175L,L192Q	-1.3041031068386
S28T,K77R	0.10242980725764333
M86T,N119S,I134F,N147S	-1.6149118550008397
D19V,F128L,E170G	-0.259705002777088
Y64N,N147D,K156T	-1.7955039787659106
F69L,I150V	-0.06643133202906128
N103D,M151V	-0.2505407128407343
T95S,K111R	0.11256188853104987
L5Q,F25S,N119Y,Y143N,S206C,D232V	-2.376095723321874
F97S,K154R,G172S	-0.14330542838546287
D17G,S173G,H179P	-1.220318117200398
F69L,Y198C	-0.3880456412239143
D100V,F112S	-1.589381733109772
T41A,D153N,H179L	-0.669936981627695
E113V,I165V	0.024251971977760856
K124E,K154R,N196Y	-0.23792335121964903
T116A,K164N	-0.255738134525626
D80V,H229R	-1.158299235325919
D34N,Y37N,I121T,K129R,K154R,Q155R	-0.7472121488424319
F69L,M151V,V174A,N196D,K207E	-0.7158846631443947
E32V,K50T,R71H,F112L,H167Y	-0.8894833580991395
Q78R,N183S,N210H	-0.37584264556533564
K1E,Q78R,E88K,K99R,Q182R,F221L	-0.7225411294867474
L176H,T184I	-0.1441278744540935
K43R,P56T	-0.7618467578884786
V66A,E88G,K111R,G226E	-0.3471510462542466
K39R,V59A,M76I,F112S,L135P,H146P,N162I,K164M	-2.670448402418679
T41A,K207R	-0.023135189460007848
D101G,I134V,N168S	-0.5438788601168543
K124M,Y141H	-0.15249929687754776
N157S,I169V,E170K	0.09103901588120028
E93V,N103T,E140G	-0.34231366629100846
S63P,F82I,M86L,K124M,K129E,D208G,K212M	-2.963298661054206
K129Q,N144D,H146R,D208G	-1.6508173276169074
G132S,N133Y	-0.49000617704247434
K105E,K138N,Q155R,M216L	-0.656242857415696
S26C,K39M,F112Y,T116A,Y141C,M151K,K164R,R166C,V174A	-1.3142593176901065
K1E,K111E,N157I,D208G,H215R,Y235F	-2.2767507381727023
T41A,D74V,K99E,V110E	-1.5101584454689942
T48S,N144S,N196Y,K212R	-0.15471965475824145
C46S,T48A,Y64F,T184S	-2.000208424228611
D115V,I165V	-0.12119067038721346
K39E,I186V	-0.3058589618668367
E3G,H79C	-0.7477181944190321
D34N,V53A,N119I	-1.6803297708290355
I45V,F82L,Q182R	-0.18069066315229768
N142S,F163L,L176P	-0.5151089276847327
L16P,G31D,K99E	-2.367674812954845
D195V,S203F	-0.8577126560079139
N162D,T223I	-0.3269208536115659
I12F,K39E,T47S,N147D,D214V,G230A	-2.382504473453656
A35V,M86I,G89V,E93G,I134T	-2.3212839294393026
F82S,L139Q,N157Y,D214G,V217A	-2.5996490756379362
H23Q,K154E,I169V,F221Y	-0.04400286774552595
V9E,K124R,M151V,I165T,L193P,K207E,D232G	-1.5913457048005064
F44L,K207E	-0.48793431604557924
E93G,S206G	-0.5334243916896866
K77M,N147S,K207R	-0.5410584476015838
T47A,K77E,F98L,F112L	-1.84631433533267
D34G,S70N,I96V,M151K	-1.335052088013557
I12F,F44C,Q78L	-1.2590210332336598
T60S	0.1385979954378243
F6L,R71C,K99N,D100G,E233G	-0.996751127760414
K50E,K156M,N196D,L218P	-1.4872618533362056
T7S,S145R,L219Q,H229R	0.043996760907233375
F97L,T116A,N157S,I165V,D178G	-0.4478970422232881
T48S,K111R,T201A	-0.18246189816518585
I12V,L16Q,I169T,V191A	-1.3001790945183083
F44L,Y64H,F128L,I186V,L218P	-2.373556034505974
F44L,F69L,T116S	-0.558435741926365
F6L,G65S,S206G	-1.9073793898602278
K1E,N21D,P54L,I165T,N168D,S206G	-1.5729512674943287
K156R,Q182L	0.0753091533110635
I45V,L51Q,C68S,K111R,V174A	-2.0430491890321822
F44S,N147D	-0.6261858638887791
Y104H,V110A,L192P	-1.8136040392347128
E3G,E32G,E93Q,F112S,N168D,M231T	-1.5723743562125496
L5Q,I96V	-0.44021857888749794
D17G,D101V,H137L,S145C,E211G,E233V	-2.2709397891335117
T57A,Y72C,P87S	-1.9291229094700857
T41S,Q78L,P194T	-0.3936751661020534
S145R	-0.09662598898701255
V9L,E30G,K105E,I126T,I165T,S200C	-0.8266778590756887
D101G,N103S,N162D	-0.5159110204507487
H75R,Q92L	-1.2126613587861537
L16Q,V66E,D100G,Y141F,N168I,V191E,Y198C,M231T	-2.1228065942971512
T7A,F44L,K156E,H215R	-1.6281652388430308
T41A,N119T,K160R	-0.3563622102326899
T41A,F69Y,Y149C,Q182R	-0.551833339854298
I121V,P209H	-0.268482533777175
K39E,F221S	-0.37904649878268076
V10A,I126T	-0.6232392265790392
K24R,L218P	-1.5620622656234686
L5P,T41S,I227V	-0.2694333245394052
S63P,N168S,R213H	-1.8796049139105426
G102D,Y141H,I165T,D188G	-1.147051780016382
N21Y,H229R	-0.3568003955854429
F25Y,T47A,T61S,N119D	-1.6073575394318675
F69Y,V110E,N210H	-1.7417264026808148
F44S,E170V	-0.5746827482794171
K77E,F81Y,K124E,V217D	-1.7982019695762217
K24E,I121T,Q155L	-0.6357394154631568
K1E,L42P,V174A,S203T	-1.3429861781695474
G102C,V110E,Q175R	-2.7095490426971685
S28P,D171G,K207E	-1.6866971365830083
K1E,I169V	0.03112561515947041
K39N	-0.20034553880816044
K50E,K105R,N162Y,T201A	-0.18511017816834252
D19G,K105M,I121T,E140G,L219P	-2.174177316007053
T95S,E170V,P185H,T223A,I227N	-0.8302087419640064
H23L,N119S,E233K	-0.20473473144558021
F128L,A152V	-0.4142546589965671
K50R,D131V	-0.172804792875543
G29D,G102S,E122K,M151K,V191E	-2.004844221711434
Q78L,E130G	-0.2864301223691034
N21D,F25L,A35V,T36A,I45V,V66E,G158D,L219R	-2.0885128519782543
S70G,D131G,N142D	-0.06612636120365248
V14I,D34G,V59G	-1.7526792813507257
Q155R,N210S,I227V,E233G	-0.166781719216994
V9A,E15G,T36S,M151T,L176H,N196S	-0.8886152257595639
E32D,F82S,K212R,H215R	-2.22804420190799
F163L	-0.2600918262974371
I126V,M216V	-0.32853753954974807
T116A,N142S	-0.17251770279004053
M76L,D100G,I169T	-0.1612114397848362
K1R,E4G,D17G,D153N,N162S	-0.4915359331533533
E3G,W55G,K77Q,N103S,K124E,V161A,K207E	-1.8743527310110388
D115G,V161E,I165T	-0.4482022629448071
V10E,D80G,E88D,H137L,K154M,N183D,S200N,D208V,T223A	-2.7864400629608235
H75L,Q78R,D100G,N162I	-0.43428578489149383
F69L,P87H,M231K	-0.9723937449192404
E88D,T95A,Q155L,N196D	-0.13512759341944347
F44L,T106A,I165V,L192P	-0.8817883284972302
H79R,V91A,T106A,N133D,L218P	-2.2841302943580346
V20E,H75R,D115G,K138M,H197P	-2.216984429059969
L13Q,F69L,I227V	-0.22986899670336078
S26C,F128L	-0.37091730426819813
T41A,D74N,I186T	-0.2908523509692178
T60A,Q78L,N142D	-0.2662525323494515
Y64C,I121T,F163L,Q175L,P190H,L219P	-2.240935219809835
V59E,F69S,Y198N	-2.348489776847925
V10A,V27G,L40Q,V59E,K99E,K129E,A225V,I227T	-2.520526394641528
L13R,K43R,Y198H,L234P	-0.5229280322608046
E15G,N21I,D127A,N196D,K207I	-1.2753588857461071
P11S,T57S,L58H,N119D,D131G,N144D,S173G,E220G	-2.176651635609444
V9E,S70G,F112S,H137L,L192Q,N210S	-1.7544902572996424
F44L,T47A,M76R,Q78L,E113V,F163L	-1.8150278238172075
D131G,T184S	-0.11712186265434002
D34Y	-0.36165358079113324
E32V,F44L	-0.2553641359975292
V91D,E109G,F128L,N162D,F221S	-1.6903033837624333
N210D,L234P	0.22205833293701577
N144S,Q182R,T184S	-0.1373127302869203
L58P,D178N	-1.6996276090190456
N21S,A204V	-0.13051126381649003
K39R,N162S	0.041353016093723424
L16R,K50M,K105E,K129Q,N157K,M216V	-2.2485207824037774
K39R,L51M	-0.16499714637817914
S70C,Q78L,V91A,R107S,F128Y,I159V	-1.4740255971159077
S63P,K99R,K138R,N168D,D188N,D195V	-1.6321226090583716
E30K,F82S,L205P	-1.4852287183186297
M86T,D100G,N133S,N168S,S200G	-1.4484251508890782
C68R,Y104H,K124R,K160M,D232G	-2.1694193333492615
D131G,I169V	0.1362108350944634
D34V,N142S,T184A	-0.33315107010527223
V10E,S28P,P190L	-2.186256410681993
E3G,E32G,K164R,D171G,L219P	-1.443410071774615
L176P,P190S,S200G,H215Y	-1.3360888521928167
K1E,E3V,V91A,V148A,M151V,V222A,A224T	-1.5076865523474514
F163S,R166L	-0.5901565784275269
D17G,K124R,F163C,S206G	-0.9708749159816806
L58P,F69S,Y104C,N183Y,N196D,M216T	-2.9851434888413224
P11T,F69S,H75R,K77E,F97I,Y141C,K156R,Y198C	-2.385050616213295
T60A,Y64N,E88V,L219Q	-1.2157903839367128
V9E,L51Q,K105E,N142D	-1.657797518825478
F128S,I169T,H179P	-2.0999440338154227
M86K,S200R,T201P,M231L	-1.5928173807686878
T36A,K105E,N119D,H146R,K164E,I165V	-1.3899743022604716
D74G,F98I,I121T	-1.004881647101189
T7A,E140G,P190L	-0.16742707150048924
E122G,M151V,T201A	-0.36854453978852997
N21G,I134T,Q182R	-0.5796967660203821
V161A,S173G	0.16751167779191192
T57S,F69L,D100Y,I150V,Y198C	-1.183304038875545
L42P,I45T,Y141C	-2.0590968525752418
M76V,N157S,N183I	-0.8277549461249316
T7S,K160R,E170V	0.0529803694317887
F6S,N21S,I186T,K212E,F221S	-1.3346625651211852
M151R	-0.2126306314454367
D17G,F44I,C46R,F81S,N147D,I150T	-2.799285170219555
T7A,D74H,S145R,K207R,D232N	-0.5421746232399189
G158V,N162S	-0.3491355238014716
N147S,V191E	-0.46289312909409575
L16P,M86V	-1.9877845412396338
T47S,L62R,F82S,D100G,K111R,K164E,Y198C	-2.132112575878859
L58P,T60A,Y72H,D74G,N162I,Y180N	-2.102862596430166
K1R,G114D	-0.4146499539869686
D214N	-0.35798737233373235
E3V,H23Y,T36A,N196S	-0.04089551641538675
E15G,S145G	-0.3872272765906721
V91I,K111M,N147H,N168Y	-0.29374635459832515
I12V,I165V,D188V,P194L	-0.48152317381524695
N21D,I165V,K207I	-0.2963706991586332
V10E,N21S,I96T,K99E,S145C	-1.9549715102160095
F82L,F97Y,L176H,N196S,K212E	-0.6721517619520179
V10A,K105E,K111E	-1.2586619582063832
H23R,K164E,T228P,M231V	-0.04935492483275134
I134T,N196D	-0.30795508787734954
F6L,K138R,H229R	-0.19322359686062274
F6L,E15G,T36A,K156R,K160R	-0.49098322626534635
Y141N,N210D,F221L	-0.40111451756720806
E4G,N21D,N157D	-0.24293252002036786
F25L,T41A,K111R,F112S,Q181R	-2.508276687747698
C68R,H197Y	-1.9734295018534689
L5Q,V14F,N21D,T48S,S84T,S173C	-1.824901742427121
K164R,F221L,M231L,Y235F	-0.1208138850161816
K43R,E88D,N196S	-0.18597325115591312
I45N	-0.3410802538641395
S26G,D188V,S206C	-0.2327601302757337
V10A,S26G,V217I	-0.7082433120727247
L13Q,N147T	-0.162533535714525
I96V,D178G	-0.2812695780979821
F44L,D127G,D232G	-0.03846243115473967
I126N,N142S,V191A	-0.12962817890674583
L62P,C68R,F98L,G136E,N147D,N162D,D178N,D195G	-2.498109961716209
V14D,L58P,Y64C,K77E,E88G	-2.7750394940310623
I169V,T223S	0.10613086287724786
Y141F,D178V	-0.3059468701950946
S26R,D115G	0.05619909889722817
K24E,E88G,T106A,I121T,L139R,M151V,Y235C	-1.859747458012398
C46R,M86I,N157D,N162T,Y198H	-1.515100912509388
Y64H,H79R,Q182L	-1.3196506482744963
K129E,Y143H,S145C,N210D	-0.3253732575815783
K99E,V110A,E130G,I159F,I169N,M216I	-1.9314982392889675
G125D,H146Y,N183I	-1.5560662905937213
F6S,D100G,I165T	-0.7829857496263973
M76I,N142S,G189A	-0.4351306146214472
T57S,F82L,K154R,E233G	-0.5459581974207758
I12T,V20I,N21K,S28P,K83Q,P87S,E113G,H179P,L192M	-3.559775083054807
Y72N,R107H,K156E,N162S,H215R,F221S	-2.407714167644195
G2S,K77R,D188G,D214Y	-0.8608686036569777
E30V,N142S,N162D,K164M,H215R	-0.9429887783651506
N142D,V161A	0.09383116721421399
V59A,Y104F	-0.41117653272915694
T47I,I169N,T223S	-0.16812632937869135
K50R,I96T	-0.5930439518926555
E15K,L16Q,T57I,T61A,V110A	-2.5608844178715016
V66E,N157S	-0.47475243853692445
N21D,I45F,S70G,I150T,I165V,E170K,D171A,G172D	-1.7811977363130649
D19G,G65V,Y104F,N157S,N162S,K164E	-1.7549887030124742
L58I,Y64H,I126N,Q155L,I186F,K212R,D214V	-2.188395438786443
L13Q,V174A,I186F	-0.1997620180231771
F44S,T116S,H167R,S200G,D214G,T228A	-2.6221373772497856
T36A,K39R,K77R,H79Y,V161A	-0.21413398783552884
K129E,K207R	-0.05000055047399432
N21D,H75L,F82L,F128V,L219Q,I227N,M231I	-1.550824454070638
K50T,N162S	-0.08591324460838554
T47A,Y143C	-0.373311137976876
V27A,G33S,F44L	-1.8670549754935695
K1Q,N21S,V27E,T61S,S84P,N103S,N144S,H167Y	-2.149626639252838
N119S,I227T,E233G	-0.17256962927703662
S26G,I45N,I96V	-0.8904067452254774
I12T,F44C,F128L,K160N,L205P,A225V	-2.040956259200971
K111M	-0.09155306872280405
N157D,E170V,F221L	-0.14413382411794695
E30K,T57A,N147D,D188G,D232G	-0.648354595311904
T60A,Q182R,F221Y	0.09089547888574415
V53A,D101E,N119D,V161M,M216V,T223A,A224S	-2.582599085753979
N142T,L205P	-0.6717027461520915
C68R,D80N,F97S,N183S	-1.7158545847710933
D34N,K39E,T47A,G65S,F128S,Y149H,L176H	-2.4951809860232945
N142I,N183I,T201A	-0.9171759352395363
L5M,M86V,K124E,D171V,S200G,M216V,Y235H	-1.963831939141614
I126T,V148D	-0.9440859014422853
D34G,K39M,L51V,I96N,N142D,I165T,N196S	-1.6143858288140773
E15V,I159V,E220G,V222E	-1.5979202277140765
C46R,V59A,F163L,I186N	-2.1088862522441567
K24E,F97C,T223A	-0.38847803673831016
N119S,F221I	-0.16550067123698642
K99R,D131G	-5.057368695162573e-05
N103S,I126T,F163L,D214E	-0.4794688649789256
H23L,F97S,D115N,N147K	-0.2324318721649215
D171G,S206C,H215L	-1.3427694614740517
K43R,D115G,N157S,D214E,V217I,E233G	-0.9825277327190608
V14A,T106A,L135P,F163S,I169L	-2.2132794469590413
K1E,E30K,T95S,R213H	-0.28741663040857013
F97V,Y141D	-0.29894074530797576
S26G,D115G,K212E	-0.0959022689545071
K212R,M231T	0.22980956182350193
M86V,F128S,I169V,L192P	-2.0831445129365562
G102D,E140G,V148A,F163L	-1.7168588110392953
V66A,E140G,F163L,D188G,M231K	-1.1021232135837011
H23L,L62P,T116A,L139P,I165F,D195G	-2.2021729567764043
T41S,K111M,N210S	-0.18901582690962027
F44S,W55R,T116A,I121T,Y180C	-2.29850080643126
Y37C,T47A,I186T,I227N,M231V	-0.9806588408209844
N133H,K156E,I169V,N210D	-0.0444162106701577
K156R,N196D,K212E	0.1865378295639268
D101G,N119S,N162S	-0.6074132722805602
H23Y,K111Q,Y235H	-0.22045953013703182
K39E,C68S,D80G	-1.804719597028233
G22D,D34G,H215R	-2.0856626923133463
D127G,K160M,I227F	0.013043751481670807
F6S,F221L	-0.7075116393401737
L13Q,Y104C,I134V,K154E,V161A,I169V	-0.7494216475847112
E30V,M76T,D100V,K154E,F163L	-1.6856960693410807
H79R,G102S,Y149H,M231L	-0.9333867633684876
G49S,G114D,M151L,N162D,H167Q,Q175R,T223A	-2.3879774864101044
L13Q,V217D,L218P	-1.9591141130242582
V9E,F82I,F97L,N119S,K138R,I165S	-1.9376696993832903
G49D,R107C,N162D,D178G,I186V	-1.4723556028999059
K105E,K129R,N142S,T201A	-0.2947636920803385
L62P,H79P,Y90C,P190S,T223A	-2.496900251397035
M86T,I96V,I169V	-0.6940788800326586
E88A,S203P	-0.8351529267172485
I186T,D188N	-0.12503748718030153
L139P,V148A,I159N,N168R	-2.0895995004012593
S84T,D232G	-0.2261158387739668
T7A,L58P,Y64H,Y149C,K154M,F163L,I169V,D208G	-2.566748792178759
E4V,N162Y,Q202R,K212E,R213H	-0.37393040176359793
L123P,E140G	-1.8958787135655513
T7S,I126V,N147Y	-0.07964611932785415
C68R,T95A,N183S,K207E	-2.158809568256094
T47A,N103S,L234P	-0.0917616389690895
N103S,K124E,I134F,D195G	-0.6259975718518482
S26G,M76V,L176P	-0.6559666182832895
F6L,N21T,W55G,F98L,K154M,K212R,M231V,D232V	-2.85632482437613
N162D,F221Y,T228S	0.01952655448517491
M86T,K154R	-0.48972365249707284
I45T,D153N	-0.2500310953555943
N142S,N147D	0.05898110250649144
K24R,D74G,E113V,E233G	-0.25555472782117555
E3G,L16P,F82S,T116A,I150T	-2.4774899259703083
F6L,A108T,S145C,H167Y,Q175R	-2.2697943232213764
F97L,Y235H	0.23316335891212805
K43R,K105E,K129M,I165V,M216R	-1.6186104980688378
V66L,F81S,V110E,E211G	-2.7414678251834474
G8R,F81I,K138Q,N142H,Y180H	-1.3444469262583096
S84F,D115G	-0.13399944904364006
D131G,I169T,D171G	0.02619596173794743
N21D,K156T,K160M,K164R,V174M,D188G	-0.5034119251838778
K43R,M76T,G136E,L199R,Q202R,E233G	-2.014601865692206
V59A,Y72H,M86T,K111E,E130G	-2.720696268268182
N162S,N183D	-0.4028978629781427
D19Y,K24R,V161A,E170G	-0.3023889344336478
N133D,N144S,Y180H,Y235H	-0.32480457798396334
S63T,D80E,Q155R	-1.3124622809951987
I45L	0.2522093849020627
E122G,Y149H,K212R	-0.184458924041323
S63T,M231T	-0.4400997633872055
P11S,F69L,E88G,V91A,I96T,R107C,I159T	-1.910929597672327
T60S,K77R,N119S,Y143C,Q202L	-0.49426687923273915
V91D,T95A	-0.42603114472749837
V27A,D34E,F112S,N119D,V161A,Q175R,H179R	-2.9987814835713515
F81L,Y143C,V161A	-0.9734019460875333
E32V,W55R,Q67R,D127G,I134T,I150T	-2.4184597410189848
T57S,E122G,S145C,Q182R,L234Q	-0.7627136408727374
D17G,K24E,V53G,I96F,K111E,N133D,N157I,H197L,L199Q	-3.2869902727404625
V53A,M76I,K99R,T116A	-1.4911685946591249
F25S,N119S,F163L	-1.7174405681519798
L123P,K124R,D131N,K154E	-1.637328046441516
K111E,D131G,L176H	-0.49880022466192736
N144S,I165V,D188V,D195G	-0.06376203844374906
K24R,F128Y	-0.4998927733865487
F81S,T106A,N144D	-1.6396673665871957
K105E,E170K	0.12543053486110173
F82L,E130V	-0.25889980786674205
I169N,T184A,V217A	-0.42618941663544285
T7I,S26R	-0.01777644433779957
L5Q,N162D	-0.2391298969877082
K43E,I45V,K50R,F97I,E170G,S200G,S203F,D232G	-1.995320810134066
F6S,K24R	-0.6105206619279689
Y72N,D115G,I134S,K154R,N183D	-2.0601969440661003
S70N,E170V	-0.5345789572369721
L42P,L135Q,K164R,D171A,Q181P,S206G,L218Q,T223S,L234P	-2.7638786777590596
W55R,L62P,L123P,Y143C	-2.5708500023424965
I165V,S203T	0.1047838431397713
H75L,K124E,I165N,H179P,L218P,M231V	-2.474520630907893
E4G,G89D,N142D,I159V,M231V	-0.9342487763199808
K77R,N142D	-0.03566525836709953
K39R,G187D,F221I	-0.3411982133886017
F6L,I227F	-0.13516734987055173
E93G,S145R	-0.486213850615748
E32G,V66A,M151V,N162Y	-0.6383919046353501
K1R,I121V,D131G,N162S,E170G,D195N	-0.4776815830303146
L51P,V148D,N196I	-1.7279640565214989
D74N,D115V,E140G,N144D,Q155P	-0.7646762905314798
F6L,K77M,I96V,D115G,K164M,D171G,N183Y,V222A,I227V	-1.8000846888355506
L5P,T7S,C46R,T60S,N119D,N157D,N162D	-1.8936038669379052
H79Q,F163L,I169T,Q202R	-0.9916036269372462
F44S,N119S	-0.7383651606757021
I96T,N147S,N157D,N162S,H179R,Q181P,T201A,N210S,A224P	-3.1705996852925815
V10A,Q202L	-0.7605985563523687
F97L,Q182R	0.0032549859627517934
Q181R	-1.79444096735708
G18S,E109G,D208G	-1.9192917578620459
T95I,S145G,F163S	-0.6706329448805873
Y180H,N196I	-0.14721031267572668
L135P,D153A	-1.385545241676494
K43R,H79Y,I227V	-0.2348355969588512
N21I,F98S,V148D,D153H,D171N	-2.670823365043889
V66G,S84P,T95A,D100G,N162S,N168D,D208G,Y235H	-2.0511203981269923
F81S,T95A,D131G,E140K,V174G	-1.5789293411994418
H75L,H179R	-1.6639384311872745
L51P,N119D,Q202R,V222A	-1.6287425988778788
L13P,L139P,S203P,K207I,M231R	-2.6058266875838134
A35T,Y37C,V59A,D178G	-1.3471777946950505
T7S,P87H,N103S	-0.41493630412529875
K50R,F98L,N119S	-0.9375967476552429
F6S,S145C	-0.691242699103269
T95A,I126L,H229R	-0.06990780887720467
K24M,Y141H,I227V	-0.3432018341816647
E3G,L176P,D195V	-0.3457496640482971
G18D,C46Y,P87H,L123P,Q155R,K164R	-2.8454284595654125
E88G,K105R	-0.09951674523653216
Y64H,M86V,T106A,E130G	-2.0216035767133644
F82L,K154E,K212R	-0.20381524117397376
F25Y,E88G,K105R,V110E,I150F,R166H	-2.4203425815936592
V174A,S200G,E233K,L234Q	-0.22124744088134568
E15G,D115V	-0.5323370118409241
F25S,F44L,C68R,Y72H,S84P,E170K,Q175P,A204V,I227N	-3.2216452188328515
Q78L,N119Y,N147D,V191A,D208G	-2.074310937727321
S26C,N157D,F163L,S200C,I227N	-1.0696992628401678
D34G,V66M,E109V,I186T,E233V	-1.2926281515639995
V9A,F44Y,L51P,T116A,E170G,L192P,K207R	-1.5666746083356897
G18S,K111E,L123P,Q181R	-3.0807866104303554
S26G,K39E,M76T,F112L,M216L	-1.5134609117959013
K111R,I186V,T228S	-0.10419931572704813
K50E,D74E,F163S	-0.5794825893312364
F221L,Y235F	0.13102442810094891
H167P,T184A	-1.08569902686169
V174A,L193P	-0.3013246300009524
S70C,I150T,N196S	-0.5224158858223559
E122V,L199Q,T201S,E233G	-1.2565047905642515
I12N,S70G,Y90S	-1.5580915584274726
F82L,T116K,D127G,D131N	-0.5483426257309315
L40P,K105R,N119S	-1.241943708498123
Y37H,K43R,K77M,D100G,I169V	-0.36585075218453333
T95A,N210Y,L219V	-0.04468284505883856
C46R,K77R,V91A,F98L,N147Y,S203P,I227T	-2.489691798580929
F6L,K164E,M216L	-0.5491543706221421
E93G,N168S,D214G	-1.649562960969353
S70N	-0.6609723141233695
F97I,T106A,I134V,T223S	-0.48449238635359665
K24E,H137R,M231V	-0.23505824911790762
E3G,N103D,K164R,N210S	-0.41142001290732777
V14D,F44L,S70G,N103Y,K160M	-1.4559062488182852
E3G,L5P,K138E,K156M,I165F,Q182P,V191E	-2.234575472178137
S63T,F97L,K111E,E211V	-1.4617938229688994
K39R,P54S,H75R	-0.6552289346900965
I126T,I169T,D171G,P209T	-0.17977409111560524
L5Q,N21S	-0.32494905846552474
D19N,P73L,K99R,I159F,L219P	-2.125040412156853
S26C,Y198H	-0.17229532600324537
K24M,Q78L,I126V	-0.26913261672071453
I121T,K154R,I169T	-0.42757223816711953
V10A,N119S,T223A	-0.613609119984339
M76L,Y180H,Y198C,I227V	-0.38392814484778914
S63T,F128L,Y198F	-0.6352408207444106
L51Q	-1.2752165835250289
T7I,D127G,D195G,I227S	-0.08510117341452235
L40P,H79L,I121N,V148D,Y180C,K207N,N210T	-2.773720065019945
K83R,Q92R,A108T,K138E,F163L,E220V	-3.500501283811037
D34V,Y198C,E233G	-0.7123897537718153
F98S,N183S,E211G,H215R	-3.088989269409489
E3V,S70G,T223S	-0.03155028531658977
K111R,M151K,K160E,F163L	-0.5323479735819299
T41S,V110A	-0.23385139300198476
E3K,N21S,V53E,F82S,E93V,S145C,R166G	-2.4348658841270066
S26G,T57A,D74V,I126T,K154R	-1.0502713470718699
T47S,D101G	-0.6309180516312889
I12V,I134V,K138R,I150V	-0.36549852079859113
E4V,E15K,I134T,N144S,S200C,T223A	-0.9952666607197111
S28A,I121V,I126T	0.031186868730447688
G65S,H75P,F128L,N183S	-2.283379534159531
F25I,E113G,Y141H,K207R,L218P,F221Y	-2.4244291607371533
M86V,V91L,N157S	-0.6683744458998849
F81S,D131V,Y198N,I227T,Y235C	-1.7270256226360583
F97I,V110A,S203A	-0.5802241801343426
F25L,V27M,N210D	-1.3209832124514629
K83R,I126T,N142K,V217A,L218P,D232G	-2.2045135704460956
K50E,N162D,S206G,E220G	-0.9428391854550454
S26G,F69Y,Y90C,D115G,F128I,Y149F,K154E,D214G	-2.501065539802541
E3G,T116S,N183S,D188G	-0.6535179685293139
F69S,I121V,N162D,F163L,V191A	-1.3942427540401883
T184A,D188G	-0.10127692120612171
F6S,E32V,Y90C,K164E,I165T	-1.7734258047409446
G29S,E88V,E113G,S203P	-2.3074749626685724
N133D,V174L,Q182L	-0.12153542337612189
G8R	-0.11990769693931079
K1M,K24R,T116A,E130G,L176P,V217D	-1.4731717469457497
T48S,D74G	0.0034800807935114475
K1R,S26G,L62Q,Y143H,E170K,I227V	-1.177635766111674
T7A,K43R,L123P,Y149C,M151T	-1.6847927850252669
V59E,M216V	-1.9785572902456223
K50E,L135P,I186F	-1.4593367606232817
V9A,K43R,D115G,M151T	-0.17322093326695448
L16Q,A108T,K156E,N196D	-2.2873801865830563
R107H,D171G,T184S	-0.310171276432232
M76K,I134F	-1.255496353403663
E113V,N183S,T223A	-0.4488160011901618
H75Y,Y141C	-0.3267185536313736
T95A,N133S,K138R,Y149C,N196S	-0.5814066505339766
I12F,V59A,K154Q,S173G	-1.392884097753647
T116A,K124M,F128Y,I159F,N162S	-1.522684971371095
T57A,I121V	-0.24821328646606222
F25I,T36N,W55R,D127G,N210Y	-2.0776898968099027
I12T,F97L,I227N	-0.9641240560102518
N133S,I150T,I165T,P194S,H229R	-1.3666557620470852
I12F,I96F,L123P,K164R	-2.8438803394855667
V110A,N142S	-0.2823066580770558
H23L,F69L,K156R	-0.263717427507683
G31S,F112S,E130G	-2.1351868102885287
L5P,S26R,L51P,F81L,D188G,E233G	-1.8583990670180046
C46S,D101G,F112S,D115G,N119D,G189S	-2.316119373018437
K1E,L42P,T57A,H146R,K212R	-2.0394665416794093
N21S,T60A,K138R	-0.2164587482045093
D74G,P87S	-0.39986692070996527
T116K,V148A	-0.4987279126504636
K154M,I165T	-0.32418571022071707
G132S,D178N,I227V,L234P	-0.6473818313338512
L16Q,T47S,D74V,M86T,R166C	-2.117045521734581
K124R,D171N	0.15133821776248432
T47A,T60A,F82L,D188N	-0.46922307238901967
L16Q,I45V,N168S	-1.1507451411007712
V10A,F97S	-0.7892768487323598
N142D,N168S,N196T,K212E	-0.1421902717951613
V53A,V66A,K129E,E130G,M151V	-1.3617668241738274
H79L,D131G	-0.2204478652690373
F97L,N133S,M151T,I227T,Y235H	-0.4588060666463213
M151V,V161A,N162D	0.12627657908132936
H23L,R71C,M76V	-0.6635627941027807
T47S,R71C,N210S	-0.2703396769349667
K1E,S70G,N103S,Y104C,G136E,Y149C,V174E,V191A	-1.6472684626390521
L16P,Q92R,F98S,K154R,Q155L	-2.8257059503917805
G29C,L58H,H137R,F163S	-2.380620194864147
F6L,F98S,F163L	-1.8620389064581926
N21S,F44L,Q155R,T223S,M231T	-0.6001744364648736
V59A,V66A,E88V,N183D	-1.0392473508472841
K111R,Y235H	0.17367458087057544
M86V,N103H	-0.2977683521049056
K39Q,M151T,E220G	-0.8062862201003896
V14A,S145C,Y198H	-0.7542538229981692
V27A,E32G,T57A,N196D,L218Q	-2.229281330970749
N133Y,Q175R,D188V	-0.7647793867163079
H23L,K124E,D131G,I186V,L192V,K212E	-0.809157371292641
E30K,H137L,I169N,S173C	-0.2834857308926954
E4G,N21S,G38D,T41S,T57S,N144S,N147I,I150V	-1.5759347348408328
T57S,I134V	0.028876563349843253
N142S,M151T,N196S,Q202R	0.04256713257527151
E15G,N21D,H23R,M151T	-0.5473635725763561
E15G,D34N,E140V	-0.39769229651638227
K43R,F69I,I126V,G136R,D171V	-0.9749285177569545
T47A,F81Y,M151T,N183D,S206G,D214E,A224V	-1.839091053831476
N144D,V161G,Q182K	-0.08907899602585623
D214E,F221S	-0.3531857347858133
S70G,Y198D,E233G	-0.6258194337432089
L13P,T48P,K50E,K160E	-2.0650215081344707
F97I,E109G,V222A,M231K	-0.8032789820370346
G22S,H79R,K129E,N157S,S203P,I227T	-2.222857018942318
F44I,I126T,K160Q,D232G	-0.47534357957924733
E3G,K43R	-0.16417848667081658
S173G,I186N,D195G,F221S	-0.23751715189200745
S145G,Y235N	0.012016133478982139
K43E,H79R,K83E,M151V,Q182L	-1.9704768136439106
D80Y,I165N	-1.5024994334268624
H137R,D208G,E211V	-1.6794615514257833
L51P,V59M,D74G,F112S,I126T	-2.183071319094413
K77R,Q182R,V222G,G230D	-0.7385393210288997
K1M,T60A,H137L	-0.6518252262959634
I126V,S145C	0.00883377321956846
I12V,D101V,I126V,H167L,N196I,S203T	-1.4532470001459958
E3G,Q78R,I227T	-0.2676663771896383
I45T,Q78L,K99R,R120H,M151K,G158S	-1.3284631701052492
G8V,L13P,A85V,I134T,N147I,K160E,K164M,V174A	-2.011818219327017
T61S,D188G	-0.15573590963493603
I134V,F163S,K164R	-0.44391384779832815
E32G,V91I,E220G	-0.9214276704966761
H75L,E93G	-0.5420950004522016
I126A	-0.061141105940671986
T47A,N142S,E170G	-0.11218688763026272
K1E,S26R,N162Y	-0.04452715814861677
H146Q	-0.32686076946753695
T95S,Q155R,L176P,N196S,F221L	-0.4128763696280338
K43R,L62M,K138R	-0.8903510152144944
N21D,K24E,Y72C,M151T,N183S	-1.8604180807088109
H137R,N168S	-0.13718302384328873
Y143H,H197L	-0.8900486807284752
V9A,K99R,S200C	-0.01791787218977827
F82S,F98L,V148D,K156R,N162S,R166C,L192P,N196I	-2.277765219592954
F25L,F128S,K164R,Q202R	-2.0214769862233997
K24E,K124R	-0.026439513933124936
T61A,S84T,F98S,F163L,K212R	-2.3657521606366663
T106A,D127G,R166C,S206N,E211G	-1.4991319779855603
S28P,S70N,M86T,S206I	-2.5329991933460896
K1R,K43R,I96V,D115G,N133S,Q202R,N210D	-1.111025259712405
V14A,R71H	-0.7123037847328244
E4G,D34E,F69L,D115G,L234R	-0.9651530187916595
T7I,V14A,Y64C,H137R,K207R	-2.1838951686277133
S63P,D131H	-1.7755595711984133
F6L,N21S,K24R,E30G,D74G,I150T,M231I	-1.7661206314872315
T7S,T47A,I96F,K154R,M231K	-1.31952272789123
K50R,D127N,M151V,K164E	-0.10719218642510431
K1E,L58F,F69I,M86T,D131G,I165L	-2.303911445192327
D127G,I159T	-0.2252679225280563
V66M,V91A,D100G,Y104F,N144D,K160E,T184A	-1.0124764902901495
E15G,H23L	-0.4410521873290847
W55R,K83E,R94C	-2.9103699080035623
N21I,I134V,L205P,L234R	-1.3577993816184197
I12V,N157Y	-0.38571031629828556
V66A,I169T,K212R,L234P	-0.3312824643479186
K1E,E30G	-0.3295746867536904
I12T,F25L,F44S,T57A,D131G,D188G	-2.356317832296981
S26C,G172A,H179R	-1.841689934700074
N119S,S145G	-0.2322519828806603
C46R,S84P,T116S	-1.9566610029864284
Y37C,T184A	-0.02591438471385507
K24M,K43R,S70G,I165V	-0.3887896693478726
E3G,K154R,T228P	0.010455895491645798
E4V,N157D,M231T	-0.14995985024821862
T41I,T60S,Q67R,F112L	-1.433785912651457
K1R,G38C,D127E,Y149C,N196D,K207I	-1.7977960118296288
F25L,N142D,M151V,K212E	-0.9196060873320497
C46S,D127V,L135R,E140G,L192P,S203T	-1.6389794254472996
E130G,D153Y,N157S	-0.4332690159911086
E15V,L219R,M231L	-0.14140386874743407
H75Y,H79L,M151L,V191G	-0.586007981884996
I12T,L51P	-1.4900598835699796
F44L,N183S	-0.4066029320331064
I45F,F98L,I169V	-0.810268352848863
F25L,F69L,A85S,G226W	-1.6744649194870853
T60N,Q155L	-0.6069539391239883
L16Q,D131G,N144S,K160M	-1.2278691651736369
L16P,Y104C	-2.088402548941527
G132R	-0.5061173251659611
I45T,K105E	-0.3023096926121291
K24E,S145N,Q175R,L205Q	-1.6453298912862109
K24E,T36A	-0.14567850784167208
K50Q	0.14178626791374818
K43R,K99R	-0.04592913471374806
Y90C,F112Y,K207T,L219Q	-1.4187859374739877
L123P,S145C,D178G,L193Q,K212E	-1.7987529321009712
F6L,I12T,K24R,T106A,E113K,D131V,M231V	-2.0058660448093297
D17G,D80Y,K111E,D127G,I134V,H167L,A225D	-2.0649554432470616
Y37F,E130G,M231V	-0.12957237762643348
I159G	-1.0366116166060753
K39E,K111R,H215R,F221I	-1.7372837107904464
T60A,N144S,K164M,G189C	-0.3496370834796169
G31S,F44L,E113V,K164E,I165V,V191A	-1.7478120166318607
D19V,M86V,K99R	-0.6018608391060435
E15G,I45T,I126V,N183S	-0.7980670271542449
F44S,R120H	-0.9829392338758304
P54S,K99E,H179R	-1.8742385698879118
F25L,K43R,L192P,H215Y	-1.9093174574885405
V91A,Q182R	-0.18048530128182833
N133D,E140G,V174A	-0.3904257273123716
T36S,Q181L,L193P,T223A	-1.9557838099132812
E93G,N119I,N196S	-1.0577737859018819
L176F	0.08681943114804225
E140G,M231T	-0.12329333346406231
K77E,H167L,M231V	-0.5531543252695966
T47A,T95A	-0.2626354218278287
D17V,N21Y,F44Y,W55R,H137R,Y143H,K164R,L193P,K212R	-2.1350594499003743
Y149C,Q155R	-0.14164848373811628
D19V,V27E,K77R,A85T,I96F,L139P,D214G	-2.734539802293161
V91I,M231T	0.08216586108103066
T57S,E140G	-0.24199016274611587
L5Q,K99E,F112L,K154R	-0.39005926076943637
K24R,N142D	0.11286205693326326
D34V,S63P,N144D,N162S,N196D	-1.7465875207748256
N21S,I134T,K154R,H167R,L192P	-2.047829817460805
N119D,L139P	-1.7947180325361907
N144A,G158C	-0.5662852487651849
F82L,I169T	-0.1711382114617853
N133D,F163I,N168S,I169V,K212E,M231V	-0.6875602230917622
T41A,Y180C	-0.14583605805183916
E3G,S26R	-0.0022895574357596933
T36P,V174M,N196D	-0.37090339721783194
K1M,V14A,Y37C,H137R,I169V,Y180H	-0.8387851101891226
T41A,E88G	-0.022384699661604918
M151T,F221S	-0.1406860846473053
M86V,D232G	-0.3565940564249799
F112S,L205M	-1.24155428084167
C46Y,D80N,G172A	-1.8874551706958875
P54L,K83E,F128S,R166H,L234P	-2.363217523430842
V53L,D127G,D153G,K154E	-0.5865366067548303
I45V,H79R,I227N	-0.5686823415549822
L16Q,V59A,K138E,G230A	-2.189182317225743
E32V,T36I,T47A,E88D,K154R,H179P,D188G	-1.5703772752675271
K111R,N147S,K156E,I186T	-0.5222803929101308
V9E,T41S	-0.1753518752823293
L5P,K124E,S173G,A225D	-0.6955777666730913
E30V,I121F,L139Q,F163I,V191A,D214G	-2.383064853042234
F97Y,I169V,Q175R	-0.36161742155887344
N183S,N210I	-0.4862762304611592
I12F,V66E,M76V,K124R,I134N,D153G,Q202L	-2.2478326447341925
L5Q,D34G,R94H	-2.265605133696813
L13M,G65S,T95I,Y149N,M151V,N196I	-1.5298656419501775
F25Y,Q78R,F81L,F98S,N119S,L135P,Y198H,K207N,M216L	-3.2269315024626875
D19G,M76T,Y90C,I165T	-1.8531303582854888
L123Q,F128S,L139Q,S145G	-2.460719929820461
N119S,D153G,K207R	-0.49694131877185593
H23L,M86V,K105E,I134T,N168S	-1.7049311556813778
L58P,I121N,K129R,Y198F	-2.2532197369886875
W55R,Q67R	-2.3442022186884883
V191A,A224V,M231L	-0.4441945919327003
L40Q,K83N,S84T	-1.7841106624250231
K1E,V53M,I126T	-0.6664105014989041
I12T,G33C,K160Q	-1.596966039970829
K124M,I150V,H167L,H179R,Q202R	-1.7363707665732306
K111T,S173N,D188G	-0.042451495365904326
D115H,Y141N,N168S	-0.6411507074637134
V91A,I121N,K124E,N144D,Y149C,I159T,Y180C,E220V	-2.5410682141225576
E4G,V53E,S84T,T106A,D188N,P194L,D208A,V217A,T228A	-2.4021505477848195
D74H,D131G,Q182L,S203P,K212R	-0.9698366973501071
E30K,L205V	-0.050043541152659715
H75Y,E113G,N144Y,M151K,M216T	-1.7415748894186915
T36A,N144D	-0.057444276327154674
S26G,V53E,L62Q,F81I,K111E,N142H,R166H	-2.694648263888208
G65S,K138E,I227N,T228A	-1.886269118705912
K1E,F25S,H75L,Y149C,Q182R	-1.7055032874805618
K1E,D74N,N157D,D208G	-1.1193983257500366
S26N,K50R,M86V,I126V	-0.6554605091394353
E4G,T116A,Y143F,I165T	0.00913920206309008
G65C,R94S	-2.143061635477699
K1R,N21S,K212E	-0.12320855829881333
S26G,T47A,Y64F,D74G,K77E,I96T,T116S,H167L,L176P,I227T	-2.5412725129113607
Y37C,F128L,D153G,K160E	-0.4447174305223557
I126F,Y180C,L234P	-0.0575352602761378
V66A,I121T,G230D	-0.37945512801155207
T48S,T57S	0.07966274272637595
V66A,T95S,E211G	-1.1137515108396516
F6L,K77R,I150V,N157D,Q182L	-0.31142281462403315
C46S,Q181R,T184A,F221S	-1.8641491095478062
F6N,K111R,H137R,V174A,L193Q,Q202R	-1.1417572721737657
I45F,E122V	-0.19794985992601147
K1R,L123P	-1.7052654120255148
E3G,F69C,K77R,T95S,Y143F,A204T,P209H,K212T	-0.9984845097507467
K124E,S200G	-0.3840947263538047
F6L,K99Q,N119Y,K124M	-1.4400282414727918
N144S,N168H	-0.13457449220993928
N21S,T61S	-0.21301147445655794
K124Q,Y149H,A152V	-0.47749496691517634
K111E,T228A	-0.28869229605605573
F98L,A152G	-0.8409276835701308
K77E,F98Y,N147D,K156R,N157D,I227V,M231V	-1.2721332395585185
C46S,V91I,K164M	-0.3638434555743667
K43E,K99R,D100G,H146Y,L219Q	-1.0995280933385407
S26G,M76L,F82S,N119D,I134F,M151K,I159F,T184S	-2.5411099109054773
L42M,Y72C,F97L,G172D,D232G	-1.481098654354591
V148A,Q175G,D195Y	-0.9924071740504848
D19N,M76L,H146Y	-0.3202315320706375
Y143C,H179R	-1.4795597519604515
Q67R,K164E,H197R	-2.4634685051459764
S206G,A225S	-0.16261807280194765
N119S,N142D,V148A	-0.21993313005433163
H23R,Y37H,S63P,V66A,Y90C,L176F,S200G	-2.0052957003889036
W55R,K77E,K111M,K138R,M151V,V174A	-2.032982316617572
I45T,F81S,D101V,F128S,I150N,E211G	-3.651823645210687
V10A,G65S,E122G,F128S	-2.855101577911313
R71H,G226W	-0.13471522663511712
V9A,K164E,N168D,V174E	-0.08154689205447507
N133Y,Y149S,S200G	-0.5460686527786471
S28A,Y72F,N144Y,Q175R,N183Y,D188V,L192P,K207N	-2.721377159142927
E140V,Q182L	-0.11588155607463382
F6L,H79R,R94C	-1.9400703866019033
G2C,E3G,V91A,F97L	-0.6808862876837529
T116S,L176P,S206T	-0.7278761713988171
D74G,F97S,S145G,V174E	-0.6074855819011364
R94H,K99E,E170G	-1.3400960549641163
N103S,D178V	-0.20535148833277506
Q67P,K212E,L234R	-0.8941023655695373
D19G,V66A,V191G	-1.1473094586602481
Y72H,K111R,N119D,N133D,K160E,S200G,K212R	-2.3702334358687636
K154R,N162V,N183S,L193P,A225S	-1.4516233779417362
F44L,V66A,N168S	-0.47867334482850565
K39M,L62P,S63P,Q67R,T95I,F128L,G158C,I159N,I169F,V174E	-3.016367828202426
Y143C,I227N	-0.333693865236484
F69L,H75R,H79Y,D131G,I150T,I169V,G187S,E220G	-1.8932575358492416
D195V,D232N	0.0046092100328470765
D153G,I165T,M216T	-1.0216817559272238
E113D,Y141H	-0.03213396519614191
I165T,Y235H	0.029894609771681388
I12V,K24E,F69L	-0.44619126845513957
E88G,K105E,I121F,Q202H,F221L	-1.5987303081592643
K207E,M216T	-0.9708701198400304
V66E,N103I,I121L,Y198F,L218P	-1.8121761726466357
N133D,K164R	-0.009972274633166564
V20I,M86T,Y141N,K154R,K156M,A204V	-1.0880321713617795
V66A,I134F,N142D,K212R	-0.6458967155829785
N133D,Q155L	-0.09241496102374136
N133I,S145G	-0.42817092855829386
E170G,Q202K	-0.024735370737209994
I45T,N157D,N168S,I227T,M231T	-0.7201048111583057
E32G,K160N,I169F,D214G	-2.0327636581784745
F82L,F98L,V161A	-0.9371755637373834
E140G,S145R	-0.24263649172722854
T47A,H167P,D171V,Q181R,L199Q	-2.8171459718223626
S28T,D100V,K154R	-0.5714527846088059
I169T,L193M,N210D,H229L	-0.17402091474329975
F163L,S173C,T223A,Y235C	-0.46130895105688285
L42M,M86L,K138E	-0.6434404939266154
Q202R,T223A	-0.11836476218989295
V9A,K50R,V66A,D127G	-0.28260549241111
K105M,Y141N,I165T,N210Y	-0.6300454039833266
F81L,V91I,Q92L	-1.6872780381949095
G8E,K124R	-0.08415488401418515
P11H,Y64H,K111R,L205P	-2.2891500908019724
E3G,E32D,C46R,F97S	-1.5456033503642006
K43R,C68G,E140G,N162D	-1.7184081484569773
F112L,N142I,E233G	-0.36091573717579306
D131G,N210H	0.18589940567476726
K1R,M76T,N210S	-0.3918050538046747
Q78L,Y180F,D214Y	-0.966553000972792
Y90C,N119S,N162C,P185L	-1.2527098084773682
Y143C,S173R,L176P	-0.39441993224854943
V10G,C68R,F69L,G125V,N144Y	-2.378995545251304
I45T,Q181L,L205P	-2.227930495360569
K39R,S84P,N103I,D188G	-0.511076161357167
E30V,I96T,N168S	-0.4089663609520948
T60A,V66A,S145G,N157S,F163L	-0.9913457251931506
K39E,I121F,V174E,G226R	-1.6266655415388105
V9A,F25S,Y64N,Q92R,N183D	-2.9381219349133714
W55R,H75R,K105M,E211G,Y235C	-2.1180483206234486
E4V,L13Q,F44S,C46Y,E211G	-2.2193605765890254
M76L,F112L,K124R,S173G,S200N	-0.5754626782071959
D153G,E170G,L176P	-0.401169271129323
M76I,K124T,F128L,K154E	-0.8980661352558929
K1R,V9E,V66M,H137R	-0.6136603037973859
D100G,S203P	-0.8676611907227432
K39M,F44Y,V59E,Q78L,F81S,E140G,H146R,Q155R,K156Q,H167L	-2.4183019216273447
R71H,F81S,Y90H,I121T,S173G	-1.9775006456175936
N21S,T60A,S173R,K212R	-0.30830985253476817
F82I,S84T,E93V,I134F,E170G	-2.0708875230555086
D214E,D232A	-0.12963797857976705
N147I,N162D,S206R	-0.49271924937720313
I126N,N142D,N144D,I186V	-0.21340381546806986
F44S,K124R	-0.5434132285470732
K24R,G31C,F69L,F82S,I134V,K138E,G158V,E211G	-2.831175314235485
L13P,L42V,Y64H,K99E,V110A,L205R,F221S	-2.753146565837076
M76K,I126F	-0.45909172953985117
L135Q,N196D,L205P	-1.1268098734497718
V20E,V91A,D127G,E211K	-1.6137793389656978
M86T,F163L,I227N	-1.4032000708238297
E4G,S63P,I126T,K138R,M151I,H215L	-2.0310933726485128
D34N,P73H,E93K,T106A,L139P,K156E,H167R,I169T	-2.4766062668401294
E15Q,L51P,N103D	-1.0159460375262195
T41S,T60S,H75Y,N147S,L193P	-0.7814720413735698
K24R,D153G	-0.1175114527880255
K129R,F163S	-0.5112923787181756
T41A,N103S	0.15187914586061546
D100G,V148A	-0.22448337178349448
T47S,V91A,K212R	-0.3067744000129807
T57A,K124M,D153G,Q182R,Y235C	-1.173331308288379
Y72F,Y149N	-0.5512607845534783
F97S,K207R	0.011319238732908517
L51P,H75R,K105E,K138R,Y141F,N183Y,L192R,I227V,D232G	-2.362217425934246
D17G,G89D,N142D,N183S	-1.4267689769379945
D34E,T61S,V66A,K77E,I126N,H146L,Y149C	-1.7456868095626834
S70C,D74G,I96T,D100H,V110E,K129R,V148A,D188G,D214A	-2.1983718822515046
V59A,F98L,N157S,D232N	-1.5673782406153285
E3G,G125V,Q181R	-1.9282524276547313
V59A,K99E	-0.5634446676597983
Q78R,E113G,L176H	-0.9134678469158527
F6L,K50R,K124E,H137L	-0.7822430990673782
K105M,N183S,N196D	-0.36311493010544466
F44L,V174M,T223A	-0.35474366519914424
M86V,I165V	-0.3683035358050813
L13Q,L192Q	-0.10544479637128405
Y37H,V66A,K105E,K138R,K154E,N162D	-0.7266281732255313
K111M,N144S	-0.24697734660784446
K111E,N133S,E170G	-0.6199316876789267
G18A,I96F	-1.3344834882095118
K154E,D171E	0.1591669172676131
G132S,V174A	-0.26547369783699787
G38C,L51P,M76T,F81S,Y104C,I134F	-2.978833241923679
T36A,L192P	-0.25383851623777365
F44L,I121V,Q175H,T223A,T228S,M231V	-0.705775805555292
Y37H,S63P,E122G,D127G,L135P,L219P,T228S	-2.6022897584551736
E15G,T95A,D178G	-0.5853752717991803
K50M,C68S,Q182R,I227F	-1.145708441211343
G158D,N162D,K212E,T223I	-0.7674557128994162
Q175R,G226A	-0.7783684316015016
N103D,M151T,H229L	-0.3497361060761338
I96V,E113G,L135P,N157S,H167L,N196I,T223A,A225V,E233G	-2.291819452511341
K1M,I12L,F98Y,N162I	-0.7304304774076361
K39R,D80G,N119D,N144S,K154R,F163S,Q181L,F221Y	-2.588168749630955
Q155L,E170G	0.09029722620177433
V66A,D127N,Q155R	-0.2019510979674119
M86K,K99E,N103I,D178G	-1.1685920825118044
T47S,N142D	-0.0775272674245889
N21S,G29C,E32V,K39T,F44I,V191A,D208G,M231L	-2.400790003036395
V91I,F112S,H229R	-0.7110670155506762
F82S,N142K,V148A,K156R,K164E,D171G,M216T,L218Q	-2.300840854993255
K43R,S200G	-0.36612229048979295
F6L,C46R,F69L,S84P,I134T,G230S	-2.297642452286528
D19V,L42P,F44L,K50R,N142D	-1.760846959911562
E30G,N133H,N183D,S203T	-0.6875104364475028
I150T,Q181R,K207R,I227T	-2.231754133174986
E88D,F97S,K154E,N183D,D188G	-0.6432923174686315
L16Q,T36A,V53A,D74G,I134N,L139Q,N196S,T228A	-2.2999311928231796
E93G,E233G	-0.4006978828834265
T36A,K50T,Y72H,Y141H,K160Q	-1.1109497855919706
N162S,S200R,P209S	-0.20273517093108565
E122V,E130G,G158S	-0.20085057553811705
D34E,T57P,D115V,K129E,K154T	-1.9846832559824268
S63P,F82L,F128Y,K164M,F221Y	-1.974788979769416
L40P,Y64N,S70C,Y143N,M216T	-2.482552257452943
Q92L,S200C	-1.0915131626836234
V14I,K24E,Q182R	-0.32479437374192544
F112L,Y235N	0.11589142612875533
F6V,V14A,E122G,N162D,N168S	-1.8152699177602991
F69S,K160E,Y180F,Q202R	-0.7481164009050429
T47I,K50R,V161M	-0.2285798164895193
G49S,N162I,N183D	-1.0920485140193847
N21D,K24E,W55R,Q78R,N147D	-1.7682744859492603
D115G,N147S	-0.07412158551184318
V20A,N21S,G31A,I165V	-1.2610506781094255
E30G,F69L,I150V,N210T	-0.48265972882784947
D34G,Y37C	-0.6834901861058456
N21D,Y141H,H215D,L218Q	-2.0074622098249906
S28Y,V174M,H229R	-0.1454738072292907
V14A,S70C,L135P	-1.7479131161693429
N144S,M151T,I165V	0.022599385442172437
N103D,T116P,I134N,N162Y,N183D,M216V,M231T	-2.4411058948536706
F98S,F128I,E130G,N144S,L176P,E211G	-2.5588419433962617
F6S,L13P,S26G,T57A,T60A,Q78L,K99R,T223I	-2.203617712248481
P54S,Q202E	-0.6574588604422751
Y180C,N196Y	-0.23864484712968362
I12V,T60A,K207E	-0.39425869861089824
F44Y,F128L,R166C	-0.38309281942542983
T48A,F82S,N119S,I186N,D232G	-1.7769984754742807
N21S,F25S,F112L,F128S,S173G,I227V	-2.5290619642577186
N103D,K124R,L219Q	-0.27070470102111177
T116A,K138E,M216T	-1.3078095340947533
K1R,S28P,S206C,A224T,M231I	-1.4078976674162427
D17V,T48A,K160R,N168D	-0.3393115633565582
T61A,S70G,K111R,Y143C	-0.7746970000895215
V27E,N133D,V174A	-1.7880251477266143
N119S,K138E	-0.365276827125788
W55R,H79L,M151R,F163I,N183S	-1.7994354358764766
Y90F,K138M,T223S	-0.6842442341174308
K1E,N210S	-0.12499714566055542
I96N,F128S,S173G,V191A,T201A,E211G	-2.5331177174397603
N119S,N162S	-0.09577720760449332
I12L,P73H,K99R,Q155H	-0.9759732105161796
T60I,E140G,M151T,V161M,L205P,I227T	-1.8327891516699863
K50E,R71C,Y72C,I126N,N162D	-1.5603765210604659
L13P,K77R,E130G,V174A	-1.7784371943994048
T7I,V14I	-0.24585236110986772
D115V	-0.4177547552906041
F82L,F128S,L135Q,I150F,K160M,G189R	-2.655784238702399
F82L,I186V	-0.29137364424444334
R213H,V222A	-0.38302584732531636
K105R,M216V,M231V	-0.516651473462878
C46S,F163S	-1.0462066208122853
N162D,A177T	-0.42669475678482416
F6Y,K164E,N196S	-0.34238385356070145
I96V,S145G	-0.15844951908946037
D34A,C68S,L135Q,N157D,L205P,K212E	-2.3565341994464184
Y141N,H146Y,L199P	-2.0902667278904885
K43E,K83M,G132S,F163L	-2.405981378778682
I12F,D34E,K111M,N162S	-1.2622974650262873
E4G,T36S,M76V,D80V,K83E,I96V,D115G,V217I	-2.111911225010289
T116S,G230D	-0.13520275836498416
L16P,L218R	-2.3582439583041905
F98S,D208G	-2.3325472647476713
K124R,N183S,N196D,L205R	-1.291629077533026
I121N,L135Q	-1.510198906638842
Q155R,H179R	-1.4795319959402282
E3G,F44I,Y141C,N142S,K207E	-1.362609449023036
T7A,L13Q,I45F,F69L	-0.4492576341228487
W55R,F69Y,N133S,E220K	-2.5307106628362837
K43R,E93G,K129R	-0.5590974543183274
K83R,Y141N,A225T	-1.3936329686499158
G22S,T61A,I169T,F221L	-1.1900974878849915
K1M,E4G,K212R	-0.11334997748857079
D19E,N103S,K160R,S200G,D232V	-0.4151446613747697
V14D,K124N,I126V,I134V,M151V,M231L	-1.4204219573266978
S70C,T95A,F98L,D153V,N183G	-1.673010965335013
Q155R,E170K,Y198N	-0.285327431858415
N21Y,F25Y,G136E,L205Q,D232G	-2.6020546119501007
E15G,T36S,S173G	-0.198252538102526
I150N,N157H	-1.2691016662929224
K43R,I169V,F221Y	-0.009063584126766583
N119S,N162S,K164E,I169T,Y198F,V217A,M231T	-1.13892015358215
S28C,N119S	-0.3952067525884442
R107H,N162D	-0.26818995386248007
Y143H,N168D,D232G,E233G	-0.24407854188903055
S26G,T47I,I126V,S145C,D195G,I227T	-0.8310722552282235
L13Q,S145G,M151I	-0.3078113418400312
E88G,K129R,F221S	-0.4057723477198867
T47A,N133D	-0.30903378143030213
L16P,H167R	-2.7042510054221145
L62P,Q92R,N119D,Q181K,M231T	-2.6547346388150572
F81S,F97L,M216T	-1.850266284114381
T7S,L58P,F81L,I134T	-2.175344535551346
F69I,I134V,Q155L,N162D	-0.4327116670661174
Y37C,V66A	-0.178676726094677
N119S,T228A	-0.006807664487026119
L40P,L139Q,D232G	-1.82353429981048
K50E	0.15381967632843613
L62P,I134T,H137R,N144D,N147D	-1.9147211105454074
T223I	-0.3282584557491136
E3G,I169V	0.08106027927329848
F163L,M216L	-0.5145819955901998
V10A,L16Q,L40P,W55R,K99M,D101G,L135M,N168D,D178N,Q182R,N196Y,H197L	-2.9118274788484784
S26I,R94S,E130G,L234Q	-1.2381442262176052
L51Q,V66A,F98Y,Q175K	-1.4299489454408227
D153E	0.1977830378514428
N119S,D188G	-0.07699380090922686
N21D,M86L,K105E,T228P	-0.5236750270227399
S26R,I126T,K138R,V217D	-0.2434899691984601
K1M,T7A,M76I	-0.2572334205875449
V10A,T41S,A108T,D178G	-1.9397227920897702
K164E,V174A,N196D	-0.046238878837977615
Q67R,K77E,Q78H,T116A,N162D,E170G,N183D	-2.0809485037752853
H23L,F112S,E130K,N133S	-1.0939730741707574
H23R,T41S,F97S,K111R	-0.14391745473067158
W55R,T57A,I150V,K156R,E211G,L218P	-2.6388002260447228
E30G,L192Q	-0.23488460341203032
E4D,N147S	-0.16088396379818176
F44I,I45V,T61I,L135P	-2.1743644027974804
D17G,D34G,F112L,N133D,E140G,N142S,I159V,D208G	-2.3878998035906265
S84F,E170K,Q182L	-0.14070661979051247
D100G,D127G,V174E,D178V,Y198N	-0.9499921344991005
K43R,N142S,K160R	-0.1445545633576818
C68R,F97I,I134N,Y198H	-2.0733699948954047
I96T,V161A,I186T,M231L	-0.798122056935193
Y64F,D171G	-1.4900155812542994
K43E,K77R,N119C,N142S,F163L,T223A	-1.8076103451060013
I165T,M216I,E233G	-0.5390438978121611
V59A,L62P,L199P	-2.625668829649392
T184S,V217A	-0.3751008667778784
V66E,Q67P,K105E,I227N	-1.6792752225345284
L51P,V53A,H75L,K124R,L193P	-2.208038569373045
D131G,K212M	0.22019994101360485
Y143F,S145G,D171G,V174A,Y180C,I186L,V191A	-1.201558851433086
F81L,Y143H	-0.7005928635743098
K83E,E122G	-1.3901889728354795
I159V,L192P	-0.22594046443673255
D19N,A108V,N119D,T228A	-1.9818101756778275
T7A,K39M,K124R,T228A	-0.13647261188865784
S26C,V91A,N103D,E211G,I227T	-1.698069152772674
S26G,K111R,I126N,Q155R,L192P	-0.5614083085925907
E130G,N144S	-0.1652592887363622
N21T,Y104C,F128S,T184A,V191G	-2.4555464931924478
L5Q,G22S,W55R,N119S,D188G	-1.9295749103007798
T57A,V91A,Q92R,N119D,N147D	-2.195345631636762
V14A,R71C	-0.9372740782081876
T60S,N210S	0.1045487775845968
I45F,H75P,K154M,L192R,N196I,K207E,T228A	-1.2599432968570003
F6L,S84P,I96T,F98L,F163L	-2.577260655415462
T41P,F81S,T116A,V148A,K156R,Y180F,S206C	-1.9086802690651115
K99R,D153G,K156R,S203A	-0.3740643580415335
N21S,K111M,F128S,F163S	-2.347353847708317
M76R,Y90C,I169T,L176P,Y180H	-1.68985672262549
F98S,K129E,D171V,L192P,H215L,V222A,M231V	-2.722032878951927
E3G,D100N,K111R,T223S	-0.0847407968842493
V91G,I96V	-0.6925312458120934
C46R,K50R,H75R,M86T,N147D,Q175R	-2.2716907790049365
F81S,F82S,Q92R,F98L	-3.2597944195072475
N119S,I159V	0.044924610054717345
E4G,Q78R,F81L,H229L	-1.2517018078668471
T7A,V59A,Y235C	-0.7053990445018519
V9G	-0.38248233431681217
L13M,E122G,G226R	-0.6557430622157079
V14D,M76T,F81S,D100G,D131G,L193P	-2.5394823853288537
E3G,K124E,K164T	-0.1652030868666228
I150V,K164M,S173G,K207R	-0.0822292675249489
I45V,F98S,K124M,N168D,E220V	-2.136114559654018
F25L,K83R,N103D,K129E,I186V	-2.327668270429254
I121T,N183S	-0.6848320658967038
K1E,R71S	-0.1574483959919645
E3K,F163L,R213C	-0.5498499732832278
V20A,K99E,D214V,H215R	-2.735716904164015
F44S,I134T,K160R,N168S,P194T,F221I	-1.8991083487605078
D34G,F44I,S63T,F81I,N142Y,Q181R,E211G,H229R	-3.214074646863336
L5R,G38S,F69P,K138E	-2.150163851818451
F97Y,K111R	0.2029588306248741
T184A,K207E	-0.3749501351480687
I12V,K111M,N210S,T228A	-0.5085622831764101
K50M,T61A,Y72N,I96T,F98L,E220G	-3.1129781798856464
V27A,T95A,N103D,D115G,Q175R	-1.9689342601473911
V110A,K124E	-0.5190705705645139
F6S,I45V,G132D,V161E	-1.7253715469984945
K39M,H179L	-1.0802510761948074
K24R,K160R	0.09313423034486434
D34G,K105R,T116A	-0.8696804124271312
T106A,I126T,T228A	-0.25491359909485156
K99E,D171V	-0.27150930246894867
T7A,F163L,V222A,I227F	-0.5749632768003012
F97Y,T201A	-0.016941376923362075
Y37H,N144D,E170G	0.004003047809994734
L139P,F163Y,F221I	-1.3078460907614464
V66A,N210K,D232G	-0.09071511963150278
L16P,L205P	-2.3272142898001023
F6L,S84P,F98L,E113G,G114D,I121V,I134T,I227N	-2.4730701439785387
I12V,F25C,F82L	-1.3246570418647632
V59A,F112Y,M216T	-1.3559924200455558
S70C,E93D,H137R	-0.17796898140826364
E3G,D115V,N142D,F163Y,Q182R,F221Y	-0.6322207190612508
F25Y,I96T,N157S,V161A,V217A,I227T	-1.7278099749056146
F6L,P52L,L123Q,K156M,L176P	-1.9786611334580648
K138R,N142D	0.1284294932400468
K39R,F97L,N119Y	-0.8499945797114351
Y143C,E233V	-0.18667538208597712
I45T,K50R,Q67R,N147D,I159F,N210S	-2.225104391558387
F6Y,D100G,N144D	-0.48639800260984367
F44Y,H75L	-0.23500996595163082
H75P,E140G,N142D,L192Q,G226R	-1.1969417737584764
K99E,D171G,K207E	-0.2754168760794723
D74G,N196D,M231K	0.0355405330128564
K43R,K111R,G114V,T116P,N144I	-1.7300891161309675
I12T,F25S,T95P,K212E	-2.6412993794470125
E3K,F6S,F69L,I134T	-1.4829918836971199
I12T,V20A,K111E,L123P,E140G	-2.7422556013067427
I96V,F221S	-0.17969464038445687
K156E,N162S,K207N	-0.32266915997386636
E140V,Q175R	-0.7327319336974436
N103D,N142Y	-0.4405489230765251
D34V,T41A	-0.2535573237401829
D101A,D115G	-0.34499700734951533
K43R,T47S,L58P,L192P,K212R	-1.9905938266638408
K77R,Q92R	-1.5718574719484453
V66A,F81I,I126V,V161A,Q182R,D195V,H197L	-1.3478209258301548
S26T,M231K	-0.15812514538347366
F6L,S206N	-0.3231922876336797
F69S,I96V,K105R,F128S,Y141C,N162S,I186F	-2.593772692009012
F6L,G31S,C46R,Q92R,E122V,N168I	-2.804829403237098
T36A,L176P,V191E,L199P,T201A	-1.767667004866429
Y37H,T228A	0.1190683335096289
K50R,I186F	-0.13354089104528424
E30G,E130G,S203Y	-1.039860775071169
F128I,D178N	-0.3915794147533539
S70G,K154R,I169F,F221L	-0.530225356867056
K83R,N119V,K164R,I186N,K207R	-1.8998164126719832
H215R,T223A	-1.8344102130302176
V9E,E30V,K77R	-0.3029140354199237
V91A,F97I,N133S	-0.4437824722720224
E3V,D74G	-0.06248664211715067
Y90N,F112L,M151I	-1.395039512621143
W55R,F112S,D195V,L205P,V217A	-2.6449254193100478
I45S,Q78R,F98L,N168D,T201A	-1.6876049907504596
H146L,H229R,L234P	-0.6034832193160288
T7I,N142D,L176H	-0.15505397957841685
L40P,Q92K,N157D	-2.042344912054543
V161A,S173C,L205M	-0.06362233631824855
I45V,T57S,Q155R	-0.036023523380897454
T7A,V161E	-0.1578074387093184
T60A,T61I,F221L	-0.767914793826554
D100N,I169T,N196Y,K207Q	-0.43943223047617547
S63P,K111Q,E113V,R120C,I126V,N157D,I165V,L192R,K212E,E233A	-2.1356977529379506
I45F,V66A,E88G	-0.6105778584726541
L42P,V53A,W55R,G102D,Y141F,K164R,L193Q,M216L	-3.15074602650847
K1R,K83V	-0.8964103722636985
T116I,D131Y	-0.33733098815033474
N147D,A225S	-0.06980826737700369
T116A,T184A	-0.19636932359419962
S28F,Y141H,Y149R,Q175L	-0.4551174306734932
E4G,I126L,E130G	-0.1774403990327195
H75L,K212E	0.01967784615312477
V14D,K124R,I150V,T184A	-1.2754523154366348
T36S,F82Y,K160M,N162S	-0.38419770863054237
Q78R,N210I	-0.13927998223096216
L13R,F25S,S70N,K124E,L135M,N142Y,K156E,I159V,M231T	-2.190557230378545
F6I,S206C	-0.5048356638808047
D100N,V148G	-0.6386899688578798
F25Y,N157I,D171A,T184S,L193P	-1.7526082095720847
N133I,K207R	-0.2803343609310497
H146P,M231V	-0.5838607088400822
R107H,N168D,Y180C,H229R	-0.3345315558225445
K124T,N142H,N162S	-0.35048305883810255
E88V,F163S,T223S	-0.658480524630678
H23Y,F97L,I169T,T223S	-0.09714664745278181
K156T,S173C	0.044538117758699994
F6L,E93V	-0.5130783945695359
K43R,F82I,K129M,I150S,Y235H	-2.133261354040414
N142S,N147D,T184A	-0.08458514513117789
K105R,Q181R	-1.6347971935613668
K24R,T36A	0.009149843299509009
N147I,I150V	-0.2051635280193495
K39R,E88G,N103I,K154R,L176P	-0.6470913907418476
V9A,F69S,K124T,N142D,L218P,E233G	-2.2885917272802017
K24R,E30K	0.21252265926020592
K77R,M231L	0.0007853933447158068
N147I,K160R,I165T	-0.12614267184871264
S145G,F163L,D195G	-0.40386438023615967
Y37H,F82L,N210Y	-0.2600778183043257
I96V,Q181K,T223A	-1.0041931557793435
E15G,I126T,N183I	-0.6493795812808794
N21D,S200G,I227N	-0.5360117206635073
K1E,V161E,I227T	-0.42857642622459724
W55R,H167R	-2.7756551845674657
K39M,K43R,H75L,E140G,S173G	-0.9130791596274566
F25Y,Y72D,I96T,K129E,V174M	-2.3147691873210974
N157D,Q182L,N196D	0.009085589557320556
K156E,D171G,N196D	0.06782212661774786
F81Y,K83E,T95I,S206C	-1.5622008077901715
C68R,K83R,I134V,D178G,P185L,A204P	-2.3197339263963537
E32V,N147S,I227N	-0.329802404633021
E122G,L192P	-0.447094830658589
M151K,K207Q	-0.3161599167926677
A85G,N144S,I186V	-0.4592813199453509
K1M,H79L,F98S,K154R	-1.3146367308270248
K1E,Y143H,N162I,F163L,Y180F,L192Q	-1.114047606059475
T7S,I12T,E93G,F163Y,E220A	-1.9232957639690968
L16Q,T36A,K39E,T61S,K124R,S145G,N162Y	-1.6339988364999507
H23R,K154M,M231V	-0.11224111310290806
C46R,M86L	-1.3518706283298927
K129R,I134T,M151I,V217A	-1.0559226587920068
Q67R,P73T,I126V,H146R,M151V,D208G,D214E	-2.5682678407465733
W55R,M216V,D232N	-1.912399094893142
T106S,D115V,N133S	-0.38605423131754474
Q92L,E122G,N196S	-1.4023605578283527
N21S,I45T,S70N,K77R,I227V	-1.1165743605597507
V66A,I159T	-0.36691642709283606
V14A,K39M,D115G,I165V	-0.5330982435807419
V27M,N157D,H197L	-1.7387740225822257
I12T,K24E,Q78R,S203P,L205Q,D208N	-2.3792711089709777
T60A,E109V,I186N	-0.5524883957178506
L13P,S28T,Y37C,L51P,F97S,N162S,V174A,M216I	-1.944255009861669
F81S,I126N,S145G,I169N	-1.3790478441606955
H23L,K154T,D195N,M231V	-0.3639542644399798
G65S,K77E,K111R,F112I,N133I,H167L,I227T	-2.276296593355625
Y141H,D195G,V222G	-0.7287340369643839
H23R,K111R,K160E	-0.06444747200231717
K124E,N147D	-0.1089352403922472
L42P,D115G	-1.1632211060149957
V66A,S70G,K164E	-0.11462384431568992
K1E,F44L,K105E	-0.46571619753050664
N21S,Y37H,F69Y,F128L,H167R,I186T	-2.2516346499079636
G18A,V66A,K129R,V148A	-0.5800093010285491
T48S,D115N,K160R	-0.004681287886126213
E30K,K39E,V59E,N168D,H179L	-1.9311238448519426
L5P,T106A,V110A	-1.280783152204303
S26C,F98L,D127G,F128L,G230S	-1.2246380849416192
K77M,N119S,K160R	-0.3202960715151719
K1R,S26C,T60A,H79R,K111R,I150T	-1.7249661275751849
S63L,D80G,E88K,Y90N,I121S,H146L,Y149N,G172S	-2.7953033279913866
N162S	0.10201860104876277
K24R,G29D,C46S,I126V,G132S,S145G,G158D,H229R	-2.2997860949395603
V91A,S203T	-0.12429811868363624
V9A,L16P,W55R,Q78L,V91D,F98L,F163S,S206G	-2.9197856491894885
N21T,Y72H,N103S,K138R,V174A,N196S	-1.530975535655095
H23R,T95A,N157I	-0.2307063634916453
G49C,K83E,E122K,I165F,V174M	-1.956952908670325
E32V,T41A,F128L	-0.16244538452553
V9A,H23R,K138E	-0.4157941103894068
K111Q,E130K,K160E,G226R	-0.6053135832314684
E32V,Q78L,K124R,M151V,K160R	-0.16210294812366619
I134V,L135Q,K160R,Q181R	-1.8415279892327103
K24M,H229Y	-0.09674267637104306
L13R,D19V,H75R,F128L,P185S,D195V,V217A	-1.5167505314770888
M86I,L123P,L135P,L139Q,A152V	-2.8182234700927804
K39E,T41I,K83R,M86T,D115G,N142S,K212E,L219P	-2.436729638586691
E15G,F25I,F69S,K77R,Y90C,I121T,S206G,K207T,N210D,H229R	-2.720064360068286
K1R,E15G,K77M,I227T	-0.6872819292495791
V66A,C68S,I96F,K207E	-2.3310750627243104
T57S,T60S,D178N	-0.011772275440871505
N157S,N196Y	-0.08218838571269281
L62R,I96V,V174L,L193P	-1.6557198354127256
K1E,C46Y,V53E,H137L	-2.676175044096487
D100G,K164Q	0.08441130054426402
G29S,Y149C	-1.230750198753339
E32G,F98L,I159F	-1.700408126396951
F98S,S173G,M231T	-1.4371268638112071
K39T,T48A,E140G	-0.5809343921472175
G31S,F112Y,N119S	-1.14386352521865
V66A,K99E,T223S	-0.163922822377959
F6L,N142T	-0.1406197397341075
I12T,S63P,D80G,K212M	-2.6428994928672997
T106S,F128L,P194L	-0.669952785094292
V91I,I150T,D153G,V174M,N196I,D232G	-1.630104176911032
Y90C,R94C,I96F,F98L	-3.3733399523594034
F6L,G22S,K24E,Y90C,M151V,N168S	-2.01330034082917
C46G,V66A,M76T,E109V,S173G,E220G,M231V	-1.6874164535817167
K1R,K43R,K111R,M151V,A152V	-0.5248053566101369
L5P,N103S	-0.1766492702460396
K77R,E88G,Y104H,I134V,H197R	-1.5729590735554835
L13M,M151V	0.05622178374195723
Y141F,L192R	-0.07105546248158598
Y37N,S203P	-0.747673701509767
I121T,K164M,N183S,E220V,V222G	-2.1086679562666126
K50R,T60S,M151T	-0.05332790259829422
F44Y,I45V,I96N,K105R,E122G	-1.1333049892287737
Q92R,I121V,N157I,H167R,Q182R,L192R,D208G	-2.3847228631658197
T57S,D232G	-0.04438347125656904
W55R,V59A,V66A,K111N	-2.0210139931238524
M86K,D115G,G172A	-1.2118913916337801
G132S,H215R	-1.5940658481819467
D131G,I165V,N210Y,F221S	-0.28134882265736116
R94G,I96T,K156E,H229R	-1.3620082335232864
T36S,F82L,T223S	-0.3112696065651064
T61A,Y90C,Y143H	-1.1903892706793773
Y104C,I126T,Y143H,N157S,L176P,I186T,P194L,T228A	-1.5470710637818974
L16P,F25L,V91A	-2.4833696975355686
K24R,V66A,R71H,N196S	-0.18025166987258745
S84P,I227T	-0.5124177457254234
D17H,K77R,T184S	-0.2198966318532607
V53A,L58P,K129M,M151K,N162D	-2.210096023563096
P11S,F25S,I45T,N183D,L205Q	-2.7051871287654485
D34Y,K129N,Y149C,K156R	-0.8266002972034152
F6S,E15G,T41I,T60A,S84P,F163L	-1.9821088850440134
W55L,F81S,T95A,I121S,D127G	-2.0711076657077263
T7A,Y141H,Y235C	-0.06460417130217672
E32V,I150T,N168D,D171G,M231V	-0.8745653584476089
K43E,F97S,K99E,N133Y,V148A,I169F,L193P,M216L	-1.9829845722377832
T95A,G136W,K156R,Q181L	-1.7289548613025654
V14D,E88G,F221S,T223A,D232G	-1.6122235035880572
K39R,H229R	-0.006131346902524225
K99R,G158R	-0.17546804827611212
N21D,V222A	-0.3870894664594813
F25L,L42M,T47A,C68S,K83E,Y104D,F128Y	-3.266635299215443
E109G,N168H	-0.4337295985798071
Y90C,K207E	-1.2760142637316614
F25Y,Q175R,T201A,K212R	-1.568869022336995
F98S,F112L	-1.6091905429363496
F25L,K43E,D195A,V222A	-1.6814638746316866
K105M,N133D	-0.2725956712068181
M76I,M86V,D101V,T184S	-1.8056652019847617
K99E,Y104N,K111E,D214V	-2.0611687437235133
I134N,N142Y,I165F,S173C,E211V,H229L	-1.9595699288356192
F25S,Y198N	-2.029512468576997
F81V,I134T	-1.0813812083560341
M231K	0.19482108560565248
K77R,E109V,E130G,G136A,H146R,N162Y,V174L	-1.4281653236344385
K50E,D74G,N142D,N147S,N196D,T223A,T228S	-1.079655239746831
E15G,H23R,Y37F,H75L,L193Q,K207E	-1.4105136185126468
I126T,D178G,F221Y,I227V,Y235H	-0.32654900400142084
V10M,F82L,M86T,K207E	-1.8756533493260314
K160M	-0.05640421249995839
R107H,D195V,S206C	-0.24845813206332906
I45V,K124M,S200G	-0.2867373192394066
F44I,T57I,E109G,V110A,K156M,F163L,N210S	-2.5485659364155335
T60A,K129E,N168D	-0.29761890546304637
R71H,M86V,K105R,T116S,M231V	-0.8771182493454686
I12L,K24R,V161G	-0.39273618408656397
T57S,I121F,I165V,P190S,N196D,M231L	-1.12492406459461
E109G	-0.4805599010973811
K1R,E88V,T201A	-0.3922164334896219
D17N,I96V,S145C,S173G,D195G	-0.17888741338030742
M76I,A204T	-0.18538006551442449
T36A,I159T,I227T	-0.49285721323925613
D188V,A225V	-0.14856187481442423
I45T,N103Y	-0.0956035679534161
K24E,T36A,V53A,T116I,V191T,T223I	-1.7517640265260224
V66A,K111R,N142S,H197R	-1.3045599547535165
H137R,N142D,Y149H	-0.1938005393759012
I96T,L139Q	-0.9934675026602847
N103D,F163Y,I227T	-0.5634336292029322
F44L,V53M,T61A,Y64N,F82L,F98L	-2.9211664570411062
T60P,I126V,N162Y,Y198F	-0.2885502135364151
N21S,T36S,K154E	-0.17097740609902495
I227T,Y235H	0.024959496715281637
K39R,A177T	-0.30932868193831775
Y72C,I121F,K160R,K207R,H229Y	-1.4333576692581993
T95S,I159V	0.03589257474562764
D19E,K24E,S84P,V91D,N157I,H167R,T201I,K212E,H229L	-2.1095519334386186
K1R,T36A,K99M,H179P	-1.1542142847743968
Y37N,F82L,N142I,D208E,D232G	-0.9531362165519821
E15V,N183I,K207E	-0.7864932903395121
F6S,S26C,C46Y	-1.8650106742017416
F25L,S28P	-2.1060437561985905
E4V,H79L,K138E	-0.4369598321611494
L16P,L123P	-2.5176121229511037
T7A,R71L,N168S	-0.0642189948424149
A108S,Q175L,L192Q,I227V	-0.99506356806534
V110A,M151T,H229R,G230A	-0.8458560776320525
E3A,M216V	-0.4472145139434667
K77M,I96V,D127A	-0.43707071513066464
E15K,V20E,L58P,Y64H,E93G,N142D,N147D	-2.790464176651127
Y143F,P194L,T201A	-0.4609322984583326
W55R,K99R	-1.8058608550715929
K129E	0.34559358476887386
A204G,D214E	-0.4863181688151519
D74G,F97S,N103S,D188G,I227V	-0.2889920305725433
T7S,K105T	-0.07401812053845633
D17G,G187A	-0.40769709193812326
L13P,I45T,I126V,K160R	-1.5582807667445706
Q78H,E88G,Y143H,M151V,S200G	-0.6725041374527416
T116A,S173G,D214E	-0.3881200841234821
F82L,K156R	-0.14358419289011248
T41A,S70G,K138E,D171G,I227T	-0.7288134724338133
N103S,F128L	-0.10029403472107198
V27E,T48S,F97L,Y149C,L199P,T223A	-2.3779140358786246
K50E,C68S,E93G,F98S,N119S,N133D	-2.2242527081312637
T7P,V27A,V66G,I150T,V161E,R166H,H167R,T184S,S200G,A224T	-2.939205709892068
I126V,N142D	0.20676021752961687
L40P,C46R,T48A,K50R,K77R,F128L,Y149H	-2.519001948812466
V91A,N157D,N162I,I165T	-0.7408944293448675
F25L,E30K,L51P,W55R,T60A,Q202L	-2.028991029068403
E15G,I45T,S70R,F81S,I134V,S145G,I169T,S203C	-2.6402032611127404
V27M,F81L,V110G,K124M,K154E,L193P	-2.5435901682523703
G172S,K212E	0.1541214563577123
D19V,F44Y,D153V,K154E	-0.4539676469402984
K124E,K160R	-0.023917365788242682
T48S,V174A	0.05032787903262441
K138E,M151T,S203P,D208G	-1.8377221400011057
L62Q,F81L,K83E,I121F,N183S	-3.1160278591749826
K1M,F25L,N183S	-1.1268551387782422
W55R,E93V,F98L,N168D,D208N,T228S	-2.4907657251454323
G2S,D17V,F97S	-0.0629220724201914
F25S,K164N,I227F	-1.7838334912293394
L13R,F128L,P194S	-1.0576010237562359
F6S,D131Y	-0.7035254981853188
V9E,V66A,D100V,K124R,S206G	-1.7354784158602858
Q155R,K207E,H229L	-0.2626923119598058
F6L,E32G,V53A,F128L,F163L,S206G	-2.3033150926052626
F6L,T47S,V91A,D100V,N103D,N147S	-2.268361596474136
T41P,T223A	-0.6544498752015602
D34V,S173N,Q181R,D188A	-1.7507024710064543
K77R,V91A,D127G	-0.25154657737834973
K43R,N144S,N162D,T223A	-0.4159468981085045
T106A,K207R	-0.451475632515561
K39R,F44L,V174A	-0.24871702162133857
K24E,K50M,I165M	-0.6159754736580048
I134V,P190L	-0.024254740768460577
V53A,M216I,V222G	-2.1644430714272884
N119D,I121S,M151T,D153V	-1.6901056328833577
L16Q,K154R,I186N	-1.5915098031234127
F44Y,E140G	-0.1798712652953745
T184A,D195V,K212E	-0.045158234393343544
L42M,F44Y,M151K,M216V	-0.8574899085612903
E122G,N133I,S173G,F221S,I227N	-0.9701144306353712
K77R,F112L,I121V,E140V,N210D	-0.19274469135161681
F25S,F44S,Y90H,N157K,V161M	-2.5230798852283742
H23R,E32G,K207R	-0.38586098522074047
K1E,K39R,T116I,Y143C,K207R	-0.8025815730955258
D17V,C46R,D101V	-2.0209104046556083
Y37N,D153G	-0.17309095167705335
E122V,N142D	0.1593112515975965
N119S,Y235C	-0.0544612542968539
D74N,E93G,F128S,D171G	-1.5908034266033544
E170D,N183S,Q202L	-0.33961033151883485
N119D,N196S	-0.7143609954026751
W55R,N142S,T184A,D188G	-1.6486307071017703
S28P,Y149H,M151K,V174L	-1.4165684554112499
Y90F,F97S,I227T	-0.47598665966972775
Y37N,T60A,Q155R	-0.3206436816393231
F163S,I227V	-0.4185072977066868
K1M,Q67R,N103D,T184A,F221L	-1.8154132365433433
E3G,Y104F	-0.14800608637068857
V27M,T60A,K99T,K105R,K156E,G158S	-1.4701163492503184
A85T,K105R,E170G	0.11942491831511731
M76T,N103I,F163C	-0.7365929506701391
I134V,K160Q	0.058441609783627814
L40P,S84P,N103S,N133S	-1.8592740137745878
E3R,I186T	-0.29913695886447944
N21T,H23Q,V27E,F44L,N162S	-2.2014950966549893
Q78L,F163Y,S206G	-0.4649265046590485
V20I,T36A,F128L,N210S	-0.27694071923890823
V20A,V161M,Q202L	-0.8617232617952021
K24R,V222A	-0.23844532513972166
C46R,Y180C	-1.4524798040612126
V27E,Q78R,E109K,N119D,E170G	-2.073019995068862
K83E,G136V,Q175L	-1.7105935191507982
V66M,K77R,I165V,V217A,T223I	-0.6408554638422841
E32V,L42M,T60S,Y180H	-0.03811762464425761
D80V,L135R,T201A	-1.728464961418605
Q78L,T95S,N183I,G189C	-0.8659824245070463
E109V,E122G,S145G,K154R	-0.34175015762037847
G33S,P73H,M76V,K99E,K164R,S200C	-1.5844181251988383
K105E,I165T,H229R	-0.2031746665080762
I12V,L13M,Y37C,F82S,I96T,D127Y	-1.6763530571942398
F44S,N168S	-0.6090200832178362
L13P,C68Y,V110G,I165S	-2.614756794339437
Y90D,N162D,V191A	-1.1972025359563263
N21S,D178G	-0.4347839448540785
I12V,N157S,E211G	-1.3117708240594501
V9A,R166H	0.039973498114578454
D74V,K83E,F112C,V148A,Q175L	-1.766762385611104
T41I,Y149H	-0.10721476980643913
K1R,I126F,F221S,V222A	-0.395307585467673
K105R,I126F,Y141C	-0.34533823867826674
T95I,L199Q	-0.7516662343490501
F81I,Y104H	-1.6448896989759652
T36A,E122G,N133S,S206G	-0.48674291064756753
T60A,F81S,L123Q,M151T,H167R	-2.2879518335439224
K77R,N119S,D127G	-0.05080470041893395
H23R,T47S,Q155R,K156M,V191A,N196Y,L219P	-1.703599076630215
F6S,T36A,T47P,V66E,D127G,Y149H,Q202P,I227V,M231L	-2.172095754270534
F97L,F112L,M151V	-0.21488862084916424
T60A,S70G,E122V,I165T	-0.09417949086188326
I96T,Y104H,F128I	-2.035745579476349
D115G,K212E,I227T	-0.009333397270015448
F25S,E30G,M76K,H79L,K105R,I186S,Q202R,K207R,P209L,L234P	-2.1029849288222064
V59A,M151I,N196D,M231V	-0.651428460334539
D131V,N147D	-0.21250688214156913
D115G,N168H,D178G	-0.2829798177622717
M151K,N168S	-0.0969816871820068
C46R,T47N,H79Y,D188G	-1.547924379642332
E93D,V161A,F221Y	0.15935362379405993
E15V,N133S	-0.1276721211747677
K1E,V53E,F81L,K156E,N210D,L218P	-2.7715758641134887
C68R,K77R,T116A,E211G	-2.2919584369848
V148A,K154Q,E233G	-0.30331952680522045
F81I,G226W	-1.0394892732048884
L16R,K77R,I96F,K111R,L199P,M231K	-2.7679240155148417
K124E,N196D	-0.07706294675922509
N21T,V66G,N119D	-1.65759309500169
L62P,K129R,N147D,T184S	-1.6737780669593127
N142D,V148A,M151V	-0.1736459603058237
L5Q,E15G,K43R,Y72H,M86I,E122K,M151L,I159N,N183S,V191A,N210D	-2.9670570142588293
T36I,I45V	-0.013470853838375051
H23R,I45V,Q78P,N147I,D153G,Q155R,K156R,L199P,H229Y	-1.5805698445135794
H23L,Q92R,T95S,N157Y	-1.6684611645981737
K77E,F97Y,I169T	-0.24935615871573838
F25I,N119Y,D131V	-1.991245572021577
E15V,V66A,H79L,K83E,N168S,Q181R,K212E	-2.101487574393581
E3G,F128L,N183D,E220G	-1.4608186779225178
I45V,K50M,N142D,S173G,Y180H	-0.15545157751781868
S26G,I186N,I227V	-0.37126723023711705
Q181R,N210Y,H229R,D232G	-1.3440511030547468
Y104C,F128C,N147S,L218M	-1.5259816458373947
L16Q,Q67R,F98L,K124E,N168S,N183D	-3.0222928051356996
E15G,D34G,T57A,V59A,E93G,H137R,M151K	-2.1575375304247024
I45V,Q182R,S200G,Q202R	-0.09046480384140448
N21D,Y149F	-0.1706979750828317
R107C,I227V	-0.2215911639319237
H23L,S26T,V59A,D127G,N162S,V174A	-1.4149010882266408
K124R,V148A,D195V,F221L	-0.43709050992408865
T60A,K156R	0.004673737438533165
L5P,N21S,F44Y,I45T,D115V,R120C,D131G,H137R,K156E,Y198N,E211G	-2.5426014389333553
E32G,V59A,T106A,K111E,G132D,M151I,T184A,L199P,L218P	-3.039023781327396
L51Q,V59A,I134T,E140V,A152V,V161E,H167R	-2.938494414053219
M76T,I150T,L176H	-1.3464870266147027
G189D	-0.06121238753465067
T47A,Q92L,K99Q,N162S,D171N,V217A	-1.7780987622472164
V66E,N133D,I150V,S200C	-0.9224456536679755
F6L,N119S,N162Y	-0.36285181624602697
F6L,K24R,F82S,V110E,F128S,D153G,V174E	-2.8030459931267786
F6L,T36A,N168D	-0.32599544872989794
S63P,S70G,M86T,D131G,Y149C,S200G	-2.334703960875024
I121F,L205P	-1.7686412589093046
F82L,A204T	-0.24023556707562543
D17G,I126V,V217A	-0.49705641867743744
I186T,N196D,I227V	-0.18042435530533601
F69S,I159V	-0.6653698834531118
N144S,L192P	-0.2549754729839029
V66M,F98L,K160R	-0.7124512638596092
N133S,N157D	0.0491120898012629
K39M,H229R,E233K	-0.14366307571141296
T61S,E130V,N147H	-0.2681631646460003
S26C,M151T	-0.1305898357359797
E30A,K138R,I150N,Q155R,N183P,S206G	-1.7994680684132645
I126F,N133S,K160R	-0.14523331333327139
D153G,V161A	-0.08084794145181895
E3G,E88G,V217A,I227V	-0.5445276156993564
F163L,D195G	-0.2270181828139521
Y149C,N157D,E220G	-1.057384907930389
N21S,V27E,Y64N,E113G,I134T,I150N	-3.2953453975688336
T95S,H167L,I186T,E233V	-0.4469662477818559
N157S,N168D	-0.018383585680184555
E4G,K154E,F163I,V174A,Q182R,S200C,M231V	-0.991160118993211
I12V,S84A,I96T,D188G	-0.9469644996290203
M76T,F81L,Y104F,D232A	-1.58142729059365
L16Q,H23L,H179L,D188G	-1.9606063271503624
K50R,L58P,Y64H,T95A,I126F,I134T,N183D	-2.2718963577969884
Y90H,V110A,K156E	-1.5549597369405896
E88G,K156E,T223A	-0.25992586002465407
D34V,C68R,K99R,V161G,Q175R,D214G,D232G	-2.2072668302148406
K160Q	0.17871752973482669
I12N,I45V,Q92R,K164M	-1.8621275518078542
F81S,L139Q,N144S,N168S,A204T,F221S	-1.6935135440041158
E3G,N147S,N162H,R166C	-0.1309865092434528
V14D,D100G,E122G,L219Q	-1.4683635181223313
F81L,S84P,T106A	-1.712146483573378
L13Q,K24E,F44L,G158D	-1.1567097302844473
K1R,F69Y,L135P,N162C,I165V,V217D,H229L,Y235C	-2.0779461328823303
K160E,K207R	-0.07165734371129767
T95S,E109G,N119I,H137R	-1.4207392330146236
P11H,W55R,D178V,V191A,Y198H	-2.1351721458557185
T7S	0.29303017858337616
K50R,Y149C	-0.32115015883606685
T61S,E140K	-0.049457864984213604
D34E,Y141H,M151V,M216V,L218Q	-1.5863182660699802
L5R,S26C,Y72H,Q78P,K83E,D127G,L205P	-2.233245394802139
E15G,I121T	-0.7871333285943352
N21S,F112S,I159T,N210I,I227V	-1.6643773078269584
I121V,V161A,S200G	-0.01244761887590816
F25C,L51P,F81L,N103D,F128L,E140G,D188V,Q202L	-2.4896987387924407
K24E,I45V	-0.022547477210436775
E3V,S70N,I134F,S173R	-1.1054687516598518
K77E,Q92L,F98Y,N157I,Q202R	-1.7624498804919928
I45S,Y180C	-0.5447583001475693
V27E,V66A,R94S	-1.8341769549722853
H75Y,H167R	-1.5282142096668285
D80V,L123P,A224V	-2.4611469402816324
I96F,N133D,N144I,V174E,T184A	-1.744595775720996
V161A,G226R	-0.3267869205877269
T57S,I126V,Q175H	-0.1330245861593151
V9A,E15K,F25L,K39E,L51Q,H137R,I227T	-2.2490127986778976
D100G,R120S	-0.33258828523917644
I12T,V20I,V27E,F44S,L51P,S84P,L234R	-2.726236139396006
E30K,Y141F,I227N	-0.13414170953154236
E140V,K212R,Y235H	0.03451060784243713
K156R,I169V,S206G	0.14115199233209702
T48A,T60A,N103T,Y141H,Y180C,N210Y	-1.1255292502547394
G31V,T106A,E122K,N133D,N168S	-1.7084595725749117
N168D,F221L	-0.08869230489163221
D19G,N103D,L205P	-1.6734543454229645
T116A,K138R	-0.16220839437830514
V14A,L16P,F98V,N119S	-2.308820801139289
V66M,H75L,V91A,I150L,K164R	-0.656254369409315
N21S,S26G,S28P,Y64F,D100E,E109K,N157I,K160R,I165F,Q181R	-3.6275209731811584
G2A,F44L,K124M,K129R,T223N	-1.0674627765891231
K111R,M151V,L193P	-0.28961191649755774
G49S,N103Y,L193Q	-0.7548371588089284
V91A,N147S,N162T,I169T	-0.5354896931726534
N168Y,F221L	-0.26391198418224915
H137R,Y141N,K154E	-0.2611331996686941
K1E,K24E,F44L,V66A,G89D,Q155R	-1.630508635576935
M76L,N210Y	0.008536183402833485
I45V,K50E,H79N,S206C,T223A	-0.9868841025040823
D34E,I126F,E233G	-0.1757215305627236
T41S,L58P,Y64H,N144S,R213S	-2.049539737385352
N21Y,D171G	-0.26989281333419357
R107C,N133I,H215R	-1.849854816455606
T41S,T116A,N162I	-0.1766515943840561
T61S,H146R,Y198H	-0.6993451426648294
K24M,S28T,V59M,P185T,L192P,K212R	-1.681746926339709
E140V,T228N	-0.17451607396447022
F69L,D188N	-0.08733897941133695
F97Y,K105E,N168D,N183S,T184S,S203P,E220G	-2.0611859816091824
V53E,H75Y,I96F,N142D	-2.4637777996157033
S26G,F81Y	-0.35048530543710843
E15G,N21D,E109V,N133Y,I159V,K160R	-1.1136559286474217
L5P,V14A,V27M,L40R,F97Y,N133S,N196Y,L205Q	-2.537754496753191
K24E,N147S,N196D	-0.285243205422979
D17G,L62Q,D171G,Q181L,N210D	-2.089550388849542
T60S,S70G,K77R	0.0705364646243956
K99R,I159T,F221Y	-0.21638896760904575
C68R,K156R,K212R	-1.4746086168981853
K1R,T36A,N157S	-0.11263378194275944
L51P,F81L,N103D,N144S,D188G	-2.150471273218629
T57S,N142I	-0.2999051198454533
D19G,N144D,N162D,H167R,D188G	-2.0313985485748716
S63P,N162D,T184S,D208G,E233K	-2.158857006492614
E113G,K124T,N183D,I186T,Y198C,V222E	-2.530693215281878
D34G,L58H,D74G,F163Y	-2.097951601582114
S70G,Y141F,E170K,H229R,M231T	-0.04628851240207839
E88G,I126T,G172S,S173N,L219Q	-0.7698479975522791
K1N,T7A,F69Y,D153N,V161A,L234Q	-0.5541980170447601
L16P,V27A,L40Q,N168S,S200G,S206G,K212E	-2.5147338571991775
M76V,D131V,I159V,F163L,N183S,L193R	-1.898774556464796
N21S,K138E	-0.22158772726861664
K1M,D100G,E130D,N157Y,G172D,L219P,H229L	-1.6814299481479256
T106A,N133S,H229L,Y235H	-0.6553078136106616
L16P,E93V,T116A,K154R,N162Y,L193P,D195V,K212R,A225T	-1.8539180768450017
D74Y,V110A	-0.7346209669317354
V66A,D101G,K129E,N196S	-0.8292826193169364
Y37H,L193P	-0.3586511261761403
E30G,T48A,D80V,D100A,I126T,F128I,H167R,I186T,E220G	-2.9450214300749993
H23R,A152V	-0.18876360496989614
T47A,K99E	-0.15242366523039064
L16P,D17G,F81L,D195N	-2.2832398421077214
L5V,D17G,K43E,V66L,Q78L,E211V	-1.9022087094628668
K43R,Y64H,T95A,E170G,L218P	-2.1004351421423366
V27A,I126T,M151A	-1.3317097560813351
K50E,D100G,K156E,I186T	-0.4423407596529942
P56A,K124M,K156E,Y235C	-0.6385542090856373
K50R,K160M,L193Q,K207N,R213G	-1.202011017253731
E3G,F98L,D232G	-0.7575522790906046
D34V,F221Y	-0.2568181577325434
I121V,K124E,M216R	-1.0071039682314364
Y149F,I159T	-0.19900078105817454
K39E,T95A,D115G,K154E,S200G	-0.7121598541072509
C68S,V110A,E130G	-1.5741673482667111
T116I,I121F,E170G	-0.9683869981990934
L5P,Y64C,F128L,V174E	-1.950129057116445
F69L,S173R,T184I	-0.3590155265501367
C46R,F97S	-1.3341393932233871
F25L,S63P,F97L,N157S,L218P	-2.7963212761220007
G102S,Y143H	-0.49909191198960795
E88K,T106A,I121N,N142D,K154E,Q155L	-1.6478346843567528
K99R,Y149H,I159V,V161G,Q175R,H229L	-1.1138041400877297
F98L,I165T,D178G,L193P,H197R,H229R	-2.1885813770651446
F25S,S145N	-1.8175359927141819
D127G,L192P	-0.07549825278822943
E140G,M231I	-0.0948295435676367
H146R,K160M,H179L,H197R,V217G	-2.534166200024094
T60A,E109G,N144D,S173G,M216R	-1.6202810941762684
S26G,T47A,K83R,N168Y,D178G	-1.898691415213356
S145G,V148A	-0.31324586683067224
K111E,V191A	-0.5212079372990976
V148A,K160E	-0.18601061473805636
E32G,S200C	-0.39897729777325086
N133Y,N196D	0.01744288521300677
T106A,I134V,V161A,N168S	-0.18644521385708024
F163Y,Y198H	-0.2814701035816548
P87S,E140G,I150T	-1.2380435323925427
F98L,N157D,E220G	-1.496183704683225
M76T,K99R,T116A,T201A,Y235H	-0.9551089643575845
D19V,E30V,K164R	0.11199207835438968
P87L,D195V,N196D	-0.26069406343228746
S70G,N147I,M231V	-0.21289333886913703
F25L,K43M,I126V,H146P,T184A,K207R,H229R	-2.0626027722903224
Y72H,K77R,E113G,N162S,Q182L,N183S,I227S	-2.0641422521890633
K1E,Q155R,V174A	-0.24107231638854246
K1M,D115V,H137L,Q202R,G230D	-0.7899275168913682
F69V,H146L,Y149C,V174A,L192P,K212R	-1.73393104175073
F69L,M76V,I121N,A177T,D188G	-2.2729301992218107
E3V,I45V,N119S,K124E,N133S	-0.4915023419509067
K50R,N157D,G189D	-0.20696184693821423
H23R,F44L,H179P,S200G	-1.4796954953781332
F6L,I159T,N196Y	-0.5213110159873728
T57S,F163L,D171G,H215R	-1.3516083843301774
N144Y,I169T	-0.22282187638794965
F6L,I134F	-0.777630949310692
G8R,D19A,F69L,T106S,L176P,G189A,E211K	-1.8933454601970372
T7A,T36A,K50E,M76I	-0.39531099758476657
V14D,H23R,D80V,V174A	-2.1200190420625455
T7A,Y149H,D153N,V191M	-0.1873828080868421
I96V,T106A,E170V	-0.3141377646246717
F82C	-0.46055726104537165
M86L,E130K,I150T,Y198H,I227V	-1.137729888604727
I165L,I186T,T223P	-1.088896477018808
K50M,D74V,N103Y,A225T	-0.141363489940727
K39E,M76T,L135Q,N142S	-1.2644680187957635
N168H	0.05415194502941954
K99R,D171G	0.08908033955934412
K1M,K83R,N144S	-1.2029124406930103
N21S,T36S	-0.19121263649831108
V10M,N21S,V53M,F97I,I134N	-1.8828139058394417
F6L,D17N,I150V,I227V	-0.20369676468234804
K111Q,D115G,K138R,A152P,H215R,I227T,L234Q	-1.6102164310771796
S84F,I227V	-0.11898868373723476
S28P,G29D,P56S,K207R,M231T	-2.50978788431932
K24R,H137R,H167R,D178G,L205P,H215L	-2.7367154069838375
N133S,N147Y	-0.3116489358620522
E3G,I150T	-0.7573746713108016
F6L,R107H,E122D,K138R,N142S,T201A,T228A	-1.0691934193062083
F163L,H229L	-0.32843577852074735
I121T,E122V	-0.3425969904981352
T47A,Y90H,K111E,A177T	-2.243371038732886
V9A,N196Y,Y198C,F221L	-0.40162015125191586
Q78L,N103S,N133D,I169T,E220G	-1.170308953379686
D34G,H79L,P87L,F98L,N157S	-1.977450320071231
V27A,L135Q,F163L,R166P,M231T	-2.169436349068641
G38V,I45T,K138E	-1.6405265853501818
V10A,Y37F,V53A,F69S,D74G,N157D,M231K	-2.200948842734467
L123Q,L219P	-2.606153261382076
L5R,E30G,V191A	-0.42637791932836305
V91A,Y104C,L135P,I150V,S206C,F221Y,T223A	-1.8738178473525884
I96T,A152P,D171G	-0.8443924872313004
L5M,N21S,D100G	-0.30598195186638016
K1Q,Y141C,N162D,S203P,A225T	-1.4302296167480675
E15V,C46Y,K154R,V174M	-1.1981652045549807
V27A,K43Q,K111E,L123Q,Y141H,S200C,T201A,M231V	-2.4586810660305725
E4G,N21S,P73L,H79R,H179L,S200G,L219P,M231I	-2.384313652388947
L13P,V53A	-2.2268332205200343
H23Y,K77R,N142S,K212E,M231K,E233G	-0.4935174528336534
Y64F,K105R,N168D	-1.7013091633902389
E88G,F128S	-1.4574261239523245
C68R,M86T	-2.111598582255607
I12T,K212E	-0.5225092464706391
F69S,E220G	-1.4097051054892118
D34G,Y180C,H215R,A224T	-2.436681279951743
T116A,K129E	-0.321984877921352
F69L,M86T,V91D,R166C	-1.4767908640359497
K111M,Y180F	-0.10808311682483807
K99E,E109V,F128L,I159T	-0.5647434693682705
K50E,E130G	-0.11045176094268715
L42P,G65D,N103G,I121T	-2.77909025014804
M216L,E233V	-0.2410707496892012
L13Q,L16Q,I45T,Q67R,L176P,F221S	-2.141415403782001
K1E,I96V,T116A,N147D	-0.43983764966488864
K77E,D100G,N147I,G187C	-0.9236890787563581
E3V,G29S,K39E,F69S,N103D,K160E	-2.0467044436501896
V14A,L51P,M151V	-1.2406961427368415
L42M,F69S,M151K,I186V	-1.163184721682561
K50T,V66A	-0.13575313072326792
N147S,Y149S,Q175L	-0.33045023811769364
T41A,T60S,L62P,K83R,K105R,K154E,K156M	-1.6801510041008847
V27A,K77E,M151K	-1.4875348548615304
K99R,N183S,D188N,M231V	-0.39084357636733763
P73S,I227T	-0.11181835319274852
D100G,L139Q	-0.4134867971577699
F112I,E140G	-0.31425514066850213
D131G,N157Y	-0.15414555816729258
N196Y,T228I	-0.07920278519055582
M86V,K124R	-0.34210554675805066
I96T,Q182R	-0.6151119443581525
I12F,K24Q,Y72H,F98S,I150T,K156R	-2.894657941077593
Q78L,T95S,T106A,K154R,V217A	-1.0692605772810875
D17G,T57S,I126V,H137L,N157Y,S206G	-1.3937732838580872
D19V,V27A,C46G,N133S,G189D,L193P,A204T,K207R,H215L,M216T	-2.6830115226219773
K43E,K105R,I150N	-1.9057726800019386
E15K,Y72F,L123Q,K164E,S200G	-1.829013185358881
S26R,F44L,V59G,Y90N,D153V,H167L,L193P	-2.2791627394615164
S63P,I96N,V110E,D195V	-2.962906027743262
V10M,S26C,E109V,G172S	-0.9207915231866224
Y143F,H179R	-1.4168417560379543
D17G,A108V,Q182R	-1.5013829372627658
I12T,W55C,I150T,K160M,M216V	-2.5433917445549525
K99M,D101G	-0.5936355792122757
G29D,V66E,I121V,L139P,Y198F	-2.2756571172547013
Q92R,A108P,E140G	-2.227870447461016
I169V,D232G	0.15821776512916141
D34E,N133S	-0.09881139965225107
K43E,V59M,A177S,H215L,G226E	-2.347870637988996
K156E,I165T,T201A,Q202R,G226R	-0.8122558521618243
F69L,K77E,D80V,I121F,N168S,D178V	-2.6251146882156524
E4V,T95A,L139P,N162S,I186V,T223A	-1.6475525375713478
D80V,N119Y	-1.8881849830248503
E15G,N21D,K99R,N168S,M216V,E220G,V222E	-2.4038082532480036
K43E,T57I,F98S,G102D,T116A	-3.094868124277301
F25S,S28Y,F81S,F97S,F112L,L123Q,D153G,N157I,L193P,E220K	-3.2811330196631516
F25L,S63P	-2.2007730501617058
E30G,L40R,T60S,S70R,D74V,E88G	-1.8064503185435643
E88G,N133D	-0.1693229562109089
N157D,I169T	0.0642202844119286
I121V,V148I,N168D	-0.02342569453527253
H137L,I227F	-0.252836219481159
V59A,K99R,V161A,K164R,Y198N	-1.0298808574067473
D34G,M76V,E88V,N142D,I159V	-1.243487740133347
F6L,M76V,H79Y,L123P,H229R,D232G,L234P	-1.845928539190555
I45T,K124R,N168Y	-0.348617359295458
H75R,Q78R,M86V,K99M,D115G,N119S,P190S,T223A	-1.3744006370039499
V14I,V110A,N144T	-0.8120508783461409
K154Q	0.38369698906084887
M86T,Y235H	-0.4904551489644394
F112Y,N168Y	-0.1874635032333605
Y37N,N103Y,H179Y	-0.43757306071730584
E4V,K111R,N119S,K138R	-0.14674632628966114
N119S,N133D,D171G,N196S	-0.2788583621505457
H137R,V222A	-0.36356414814829613
F128S,K129E	-1.603828870647755
E3V,T106A	-0.30147462579374384
N21D,L176P,Y198F,H229Y	-0.26898397053214435
K24T,D100G	-0.10966199924826203
D131G,N142S,N147S	-0.19670246292436078
T116S,I159T	-0.46112493048660474
T106A,M151T,Q155L,D171G,V222A	-0.9212835692069115
N21D,S28T,W55R,I186V	-1.5511261314499059
C68R,I159V,Q202P	-2.0518761784619115
F97L,K105M,T106A,S200G,L219P	-1.7657737759703682
I12T,I134T,S145G,K160R,N183D	-1.8341217811240258
N21D,K105G,K124R,N142S,I165V,D171G,V174M,M216V	-1.5827556410536243
T36S,E140G,K160E,K164Q,V217A	-0.6695568187701849
L5Q,Y37H	-0.18285672650352477
I150V,L192Q	-0.055566896855516634
T47A,M86T,D101G,F112Y,Y141C,E170G,M216V,L219Q,H229R	-2.3239706209551847
E32G,G33S,I45N,Q202R,N210T	-1.8354934796752307
K77Q,E140G,M151V	-0.37371712683254743
L58H,D171G	-1.6722229504094543
S28P,G33D,L51P,I121N,E130G,V148A,V222A	-2.9990548742837078
L16Q,I45V,S63P,D127G,E140V,V191A	-2.1645489592670044
H75R,H197R,I227V,L234P	-1.3137682099095456
S173G,P185R,K212R	-0.2064063869412897
D34E,T60A,F98S,E220K	-1.8285648687417417
I45F,N183S	-0.5668213061831111
I45S,K77M,E88V,N119S,L123P,N133S	-1.9358714823675816
E88D,N142D,K212R,E233G	-0.16628964270482427
K24N,Y64N,Q67R,K83E,F98Y,K156R,N162D,L192Q,L199P	-3.278671070390858
Y149F,Q155R,N168S	-0.25425339910719513
R107L,S206G	-0.5375374629622652
S28Y,T47A,Q155R,L193V,L219R	-0.7124566688877754
S70G,N103D	-0.2168335903952662
E4A,V10A,K24E,V27A,L51P,N142S,V174A,L199R,M216V	-2.773023735794631
K43R,C46S,K50E,M76L,D100G,M216T	-1.4598023941920233
Y104H,H137R,N144D,V148D,K160E,K164R,H179L	-2.351597570820631
S70G,E93K,I134V,L192Q	-0.46418158695539824
I96T,K138R,H179R,M216T	-2.6755605202010004
K154R,K164E,I227V	0.02669000531146183
E4G,T7A,I12T,K77E,D100V,E170G	-1.9448413140749394
D17N,Y64C,S70C,N119D,N147S	-1.768856684661813
D34G,E93G,N142S,S200G	-1.3079340736408522
D74V,D101E,K105E,E113G,K160R,N196Y,L218R	-1.9646159312287859
V53A,Y72F	-1.4510182893750454
H75R,K156E,Y180H,K207R	-0.37094067090133814
E15G,N103S,K138V,Y141H,K164E,D171G	-0.8582448027356422
F69S,K111M,D195G	-0.8878839649390444
V20I,E32G,T41A,S70R,N103D,E122G,N196D,G226R	-2.265649154936639
D74G,N157S	-0.08078813090271332
T7A,S70G,I134T,N142D	-0.4858451531575906
D115N	0.13102465855251283
K50E,M86T,N119S,H146L,F163L	-1.847752849195395
E30V,E32G,T47A,F97S,K160M,H179R,G226E	-1.6341329639625377
K1E,K39R,K105R,Y149N	-0.31996952977939286
I12V,K50Q,K154E	-0.10607320460992042
F97L,N147D,F221V	-0.13071010075484688
F69S,K83E,N142T,Q175R,L205P	-2.7565857993029175
V20A,S70G,K129R,N142Y,N144D,D208G	-1.9033949224311126
E3V,E93G	-0.32312347948071074
D74G,M86V,K111M	-0.8260369608892753
Y37C,R71H,D74Y,H75L,T95S	-0.5100432612850095
T106A,A152T,N196S,L219Q	-0.4732455876311701
V148A,I227V	-0.12341176934328926
K1E,F69L,K77E,T223S	-0.7537076485370123
D153G,N196H,S200I,N210S,G230D	-0.4537111052005517
F82L,K111R,N168I	-0.39130305102977614
D115V,N144D,D195N	-0.2732929207502944
D74G,E88G,D195V	-0.170554804059526
M86V,I126F,N147Y,I169V	-0.6169164681178756
K164E,N210Y,Y235H	0.13631698071825518
F44S,I121T,D214G	-2.115953283039447
T7A,Y72H,N147D,N168Y,L192P,K207N	-1.815940334545064
N133D,K160E,I227T	-0.35075601004255974
Q155H	0.32701244098763155
F81S,Y143H	-1.0794963998269238
F81S,E140G,V148A,K164T	-1.4835526713709029
V27G,F44L	-1.440422523454997
Y104C,K154R,H229L	-0.5873577578394596
K39R,R94H,F163S	-1.5962007366181221
T7S,D34V,M76T,F97S,Y104C,S206G	-1.922611706800024
E3V,K105E,Y149H,I159V	-0.3498775917987064
E32G,T106S	-0.4208129035254874
S28F,Y90F	-0.4166135330586912
F6L,T48S	-0.0798765204855802
K24R,N133D,H137P,K138E,V191A,L193Q	-1.6242195329947022
S26G,I45F,D80G,Q175L	-1.6567345578016628
G2S,S28P	-1.4965673110280395
K99R,S203P,T223A	-0.8067813743743641
K111E,F112L,F128S,I134V,Y149C,L176H	-2.21914763638168
P73T,Q78R,F97S,I134N,I169T,L192P	-1.3970844739392305
F44S,K105R,K160R	-0.5967954199894521
T47A,H79R,G89R,N147D,K154E	-1.9096160184226412
Q67L,Q92L,T95S,D153G,V161A,E170G	-1.4732379116152912
I45F,M86T,V91A,N162S,L176P,V222E	-2.3015886523586015
E32G,K99E,K129R,E170G	-0.3280199603359403
L13P,L40P,F44L,E122G,F128S	-2.7920804171090277
S70G,N196S,M216V,E233D	-0.4041378441507026
E15G,T41S,Q202R,I227F	-0.24632155458779229
F128L,M151K,E170V	-0.3131166833770348
G158S,S200C	-0.15088393435840883
I45V,K164E	0.15579263667376667
V27A,Y37F,F69I,I165F,V222A,I227S	-1.9525091495226614
T47A,E233G	-0.1356055619243577
M76L,N183D	-0.41932344950375416
F82L,T228S	-0.16654611707845546
I45T,L62Q,K83E,E130G,P209S,N210D,D232V	-2.4794031496885625
K1E,G31A,R166G,P209L,T228S	-1.5001900332238007
E30G,Y180H,I227T	-0.3240007808510933
D34G,N133D,N147D,N168D,M216V	-1.6237576643759835
Y72H,F163S,T201S	-1.9407314155836184
K154Q,Q155E,L199Q,S200G	-1.0421656928859935
F6L,Y198F	-0.1484548996004505
F6L,V27E,F81S,S84P,V148A,E211V	-2.7723188308953746
Q67R,F128S,N162D,N168S,Y198C,I227T	-2.4017868970345306
V10A,E30D,T47A,H197L,F221S	-2.198056242242395
K39E,F44Y,K154E	-0.4000433492191943
G187S,H215R	-1.8113337397266136
L16P,L40P,K129E,I159T	-2.4989338297632027
V59G,E88D,T106A,K160E	-1.482014877251156
K1M,D100G,I126N,N142S,S203T,K212R,R213H	-0.7400356220761913
I45T,V110A,N133S,N144S,L205P	-1.7881891611194047
K138E,M151V,S173N	-0.2521716364654704
K1M,K77E,D131V,L193P	-1.1804331665392294
K77R,V91A,I121T,A152P	-1.0612076112368596
F69L,Q182R	-0.13999318252490675
I12N,L16R,N21T,E32G,E93G,S173C,D178G,L199P,S203Y,K207E	-3.930814109774895
D19G,F128S,T201S,T223A	-2.276623197763605
G38V,D127V,D178G	-1.910589185205218
Y37H,M151V,Q181R,H197L,S206G	-1.7079292715949188
K124R,D153G,Q182L,L234Q	-0.2652997318401813
Y149F,K164E,N210D	-0.10422299773745948
K24M,T60A,E140G,N157I,I159V	-1.096011787597941
V91A,N133I,K156R	-0.3495905351234783
S84P,L123P,D214G	-2.716649721042578
T47A,I96V,Q182E,E233K	-0.5097983889892861
N103D,D131N	-0.1788344273944073
E15K,E88G,F128L,K129R	-0.38059413751673615
I96F,F128I,H179R,I227T	-2.9415152014198434
E4G,E30K,M151V,I159V,I169V,D178V,K207R	-0.7949701069777843
D34V,K99E,D131G,G187S,N196S,S200N	-0.9746464500429829
K43R,I165T	-0.12203766807473398
T7P,C46R,W55R,F82S,D131G	-2.665145044744208
I45T,V66M,N210G	-0.30624996686703343
K24E,Y64C,E88V,Y104F,I165V	-1.5263787294790534
N103Y,K105E,N119S,K124E,K138R,Q155R,N183S,E220G	-1.5731131002216023
E32G,T36S,L51P,T106A,H146L,Q175R,Y180H	-2.258623461965587
K156R,I186T	-0.07380949526846074
E15G,K24R,Y64H,R120C,N133S,T201A,K207T	-2.0384906055039993
E109V,M231V	0.04829254863719375
F6S,Y90H,N168S,L199P	-2.7656988426537783
V161A,L218P	-1.4563669020002268
V53E,Y90C,N183S,D208N,K212E	-2.6730653332384797
K83R,V110E	-2.0331961994844914
V10A,S70C,H75R,I227V	-0.5709003550883478
F25L,M76S,K83E,V91G,T106A,K124R,H146R,N157S,V191E,D195G	-2.8757073116965963
F6L,S173R	-0.18660651443045634
E88G,N183S	-0.4768467981444354
E3G,L5P,F81L,I169V,L199Q,S200G	-1.716199588776246
E32G,K105E	-0.4170826410502343
V10E,D127G,I159F	-1.5937741988090368
S26G,Y37H,L139P	-1.1869041603954296
K24E,V91A,N119S	-0.5285350985971473
T7A,S28T,L139Q,K154E,Y198F	-0.755913883935559
G8R,M76L,K156E	-0.2035751003648586
L5P,L192Q	-0.38502062101332857
D17G,F25S,V27A,I96S,K212R	-2.413585171334681
C46S,I126V,H146P	-0.9271412919776484
V59E,V91A	-1.808709604669415
N21S,Q155R	0.004081898546148238
E140D	0.3569028440549466
T57S,K138E	-0.2028941527564027
N21S,F82Y	-0.037807085591607816
K111R,D115V	-0.24286900145237883
E88V,N168D	-0.1365948302430519
I12V,K105R,T228S	-0.09696527719119276
S70C,D153N	-0.09482544447610881
P56L,V148A,I150L,F163Y,S173N,N183D	-1.8788148537611498
F6L,S63P,M86K,F98Y,T116A,L135P,G172A	-3.2014446046508
M151R,D171G	-0.05249285527093825
G38S,T48S,L139R,Y141H,D153G,I165N,D214G	-2.7573942785619563
I45T,V66M,F82L,N144S,Y235N	-1.052992305560822
V10A,T57S,L58P,F82S,N119D,N162S	-2.493773842565223
I12V,K105R,K129R,E130V,K154E,E233V	-0.7174697603102183
L58P,C68Y,N210S,L219P,V222A	-2.733706277565797
L13Q,K99R,D131G,F163L,E233G	-0.9779011814881677
D17G,I45F,G226A	-0.6814337440294485
Y37F,D178G,Q182L	-0.05949114170572618
D100V,K111E,V174A,D208G,T228S	-2.2005481730996856
I121V,Y235C	0.052121645198638905
F6L,T201S	-0.5047252510022775
K1R,T61S,E109K,G114S	-0.6386069321233011
K50E,E88D,Y143C,G158S,Q182R,L219P	-1.41048059278993
E3K,K24Q,K99R,K105R,V161A,T223A	-0.14478789021878935
V148A,A177T	-0.5610009928759269
V53M,Y72H,M76L,A85V,N119D,E122G,V148I,F163Y,Q181R,T201A	-2.8551655433451106
S26C,K39M,E109G	-0.48236175092537825
F97I,V222A	-0.27664837462028236
E113V,K124R,I165V,V174E,N210S	-0.01032256277902649
G136R,L192R,N210S,T223S	-0.39543373786915037
K1E,I186F	-0.2670847610572144
V20E,F82S,L139P,N142S,H146L,N162D,P185T	-2.8488743661578866
S26R,S200C,L219Q	0.07484503090934146
K1E,T41A,K138R,K156R	-0.08088551206102215
F6S,V27G,V59A,E109G,L135Q	-2.5823726620748984
K43T,Y141C	-0.7836528084239037
E3V,F163L	-0.36715264852631674
G2S,M76K,N142D,L199Q,D214V	-2.4526697928278964
V10E,I45T,V110A,K154R,E170V,D188V	-1.802637001451351
K77R,M86V	-0.5092130592093802
E30V,A177V,S206C	-0.26020325322758114
K1E,N21I,L62P,V148A,H179R	-2.6220809085464536
F98L,L193P,K212R	-0.9104979719426568
Y37N,L40Q,F128I,K138M,Y143F,P194S	-1.7666445888844595
L42P,F44I,F128I,N142S,H146R,K164R	-2.367329731920011
V10A,L13P,F82L,F112L,I121T,K164M,T184S,M216T,L234R	-2.647060029065588
L16P,N21S,M76V	-1.9737167638500817
N133S,I165V,N183S	-0.3256344271213396
K138M,I159N	-1.1670942027589097
E32G,K77E,N157S,M216V,E233V	-1.4520900519641635
F97S,K111E,I126F,N144S,T223S	-0.7415856677284967
K39M,K43M,F44L,L234Q	-0.8113287341755046
N168S,I169V,H215N,E233D	-0.4111768397921656
F6S,N21S,I126T,N157I,V161A,M216V,H229L	-1.6433278519607322
T36A,K156M,Q175L	-0.05509258507527494
F81S,Y104N,F163S	-2.362547177985108
D34A,V66A,N142D,L205Q,T223A	-1.6782039310978252
H23R,V161M,N196D,H229Y	0.02019834022556681
F6S,T41A,E88V	-0.7251731503873349
K164R,Q182R,T184S	0.0016948309071045317
V174A,N183D	-0.4970520541901962
I169T,L176H	-0.12090010546984838
T7A,D19G,K43R,L58P,S63T,D115A	-2.1977148917637352
K43M,F97I,K99R,N147D,N157S,L199P	-1.955964682678338
E130G,K138R,N142Y,F163S,I165F,V217A,T223S	-1.958466561223164
T36A,F82L,S145C,N157Y,N196S	-1.08038269499013
K77R,F97S	-0.10595200513668433
I12T,K111G,N162S,T184A,P185L,K207E,N210S	-1.9976863549148973
E30G,H75R,Q155R	-0.2827606385819522
V10E,I96N,D153N,K207E	-2.3582691041395236
D171G,F221L	-0.0282118414516992
C46R,S70C,H79Q,L135Q,M231L	-1.7618112448987262
T57S,R107C,K154T,V222A	-0.9783848530058525
V20I,I45F,H75R,I165V,N196I	-0.5848245232786828
D34G,S63T,F82S,T116S,N162D,E220G	-2.3754985198416234
E4G,D74G,Y235C	-0.1500080960346113
K99R,K212R	0.14897242024465165
D19A,H79R,N119S	-0.9603861354753718
T106A,M231V	-0.2683010395965094
L16R,S70G,E88G,K105E,V148D	-2.072017743194258
T95A,L192P	-0.2165940466253707
T7A,F81I,S84P,K105R,Q155R,Q175R,N196S,Y198C	-2.1162211853319217
I12N,F25S,M86V	-2.7334285573007056
A85T,K164R,N168Y,L192R,T201A,H229P,D232G	-0.8373958983911487
F98S,T116A,D171G,D208V	-1.660984548411874
D19A,G230S	-0.3030172841350318
M86T,I96L,D188G	-1.111937958971962
T7A,D34G,V66A,K99R,Y143N,L192R,T223S	-1.521148988140753
E15K,R107S,I126N,E170G	-0.36595327481401835
S28T,N103S,K138R,Q175L	0.11678222610370428
F6S,Y64H,M86V,S203P	-2.7358061778605096
N144S,T184A	-0.13906219498180736
K39M,K43E,T47I,F81S,E93K,L139Q,S173G,V217A	-2.207123436315764
F44S,H79L,D101G,K111E	-1.6414677199237886
I12T,D74G,K105R,D127G,N142D,Y149N	-1.202955868894335
K129M,K156R,I165N	-0.6080001517141198
R71C	-0.1502529603620585
F25S,V59M,T106A,I126L,Y198C	-2.467546982249644
D100G,K129T,Y149H,Q175R,P209S	-1.3271425988833303
S70R,P87A,E220A	-1.6348455421948633
K24E,H137R,K154R,F221S	-0.4309398792336139
E88G,F98S	-1.4105081238344361
K111M,D131G,Y149N	-0.3827632448848142
N142T,S200C	0.01327777056710984
F98L,F112Y,N157D,N162S,D188G	-1.0354789923176386
D115G,I169V,L193P	-0.144369674346407
D19N,I45T,V59E,F81S,K99E,I126T	-2.0510558146640636
T7S,S28P,M151V,I169F,T184A,D188G,L199P,L218P	-2.8108168560048252
F97L,K156E,K164R	0.06539719765073358
F25L,Y149H,K164R,T184I	-1.0410752912548502
K1E,G132S,N157S	-0.7047187521670994
F82Y,R213C	-0.2324807413573885
L135P,I159F,E211V	-2.473572754120884
I165T,N183S	-0.2921953756318343
K1M,N21D,Y104F,N183S,D232G	-0.5091443482134133
N103Y,N119S	0.04317554832734252
D131G,E140G	-0.08171436046798067
S26G,M76V,D127G,N133S,I169V	-0.48207008217382563
L62P,Q202H	-1.844689701083972
T7S,P11R,L219Q	-0.21534842221729034
L5Q,E233K	-0.11579644046629418
K24E,N196Y,D208G	-1.105068931955782
N103D,N133Y,H215R	-1.8957388638389248
G29S,L62V,N183S,D188V	-1.8315508953494075
F128L,G189C	-0.43166965111640154
K129M,N168Y,K207R	-0.31900007892207327
L42P,C46R,T48S,F69L,D100V,I159T,S200C,E211K	-3.0703651944426174
H75L,L139P,Y143H,V148D,N157D,D214G	-2.4947294840525513
T7S,F25S,K39M,M86V,N210D,D214G	-2.481558253066871
Q78R,I134T,M151I,N162D	-0.5148271377343909
K43R,K124R,K156E	-0.206919991750041
H79L,I150V	-0.15040382569776178
Y37D,Q92L,F163L,I169T,D178N,D195N	-1.5618327965106784
N21S,F44Y,V91I,K99M,D131N	-0.5495388104991554
K124R,D131G,I150T,K164M,N168D	-0.9005851632955001
I12T,T57S	-0.5628407319202111
K39M,L51P,N103S,A225T	-1.0576993757927478
S26G,L40P,S206G,E211K	-2.1604481432331326
F82C,I227V,M231R,D232V	-0.8080397969838354
I12T,N119S,I227N	-1.0373718780973944
F6V,V9G,K43R,T95A,N103D,H146R,K154E	-2.0642008792570934
E32V,L42P,K77E,I186L,T223S	-1.6553350309669306
D17N,F44S,L135M	-0.5510650493718215
G132D,N142D	-0.4923399961447592
H137L,E140K	-0.18446663325710905
Y37N,F44S,V191A	-0.9404450099464154
V10E,L16P,I45F,K111E,N168D,S200G,I227F,T228P,H229L,Y235H	-2.3793155213670714
H75Q,K83E,K124V,S145G,I169V,L192P	-1.9216244181821969
S70G,H79R,V91D,E93G,N183S	-1.9212350191780083
H23R,K207E	-0.26676689562980616
V66A,M151V	-0.11542216875081769
L51P,K129R,S203P	-1.6030468635802706
T95A,V148A,L192P	-0.6244264373608535
D19G,M76I,Y180H,Q181P,E233G	-2.0304619835503295
F112S,K164E,D188G,K207E,D214V	-2.2576792185555923
R71H	0.11156939528252682
S26G,A224V	-0.41515281933885617
V9A,K39M,H146L	-0.6945555339460951
K111R,D178E	0.0645743020819809
E130G,E140G,D208N	-0.4543950637016315
K111R,N147S,M151K,N183S,M216K,F221L,M231V	-1.9759531903133474
D34E,Q67R,R71L	-1.720105437028431
F98S,K111E,F112S,D115E	-2.807074123391881
L40P,V59A,T60A,L62P,I96F	-2.7968494189615005
V66A,I126N,N147H,K160E,F221L	-0.916397691431398
V66M,D100G,Y143H,K160R	-0.15610586837189064
I134T,V161A,N168D	-0.3414159763456952
N21Y,K24E,V53M,K77E,Q181K	-2.2055267363778785
T95A,K129T,K138E,I150N,N168D,Y180C	-2.084607412849723
Q67R,F98S,N162S,I186N	-2.4198970637129142
I134T,N144S,H146R,I150T,K207R,I227S	-2.102639861761145
F25S,S84T,F128L,N142D	-1.93877370331739
V10A,V14A,F25I,D127V,F221P,D232G	-2.7802576126737546
K124R,Y141F,N142V,I159T	-0.4235015158038875
Y143H,K160E,Q202R	-0.1350402529092847
S63P,I96T,D101G,I134V,S173C	-2.358814254715861
I169T,E170K	0.1599369847214985
L40Q,H79N,F98P,K212E,L218P	-2.3424653270694735
F44S,C46S,M86L,D100A,E113G,I126N,M151T,L176P	-1.8465296216205682
L13P,K83E,K111R,I126T,Y180H,M216V	-2.3908708719910123
L16Q,V91D,M151T,L199P	-2.464190828189653
S70C,I96N,E113G	-1.3515902173897745
S70G,K77M,K111R	-0.203877770826747
D80N,K105E,D171G,T201I	-0.8199336974272236
F6L,S26G,I45F,W55R,N119I,N196S,K207I,E233G	-2.423230852127414
D34E,N144D,N210S	-0.22219165934781243
P87S,K207R,H229R	-0.5307930606782372
K39R,K105Q,I227V	-0.07358784513902825
V9G,V20I,F82L	-0.6515529834350877
T41A,K154R,K207R	0.00594041528161493
F112S,M216I	-1.5009739843177952
N162D,I169T,E170G,S203T,F221C	-0.3233089728531994
Y141C,N183D	-0.888485359296512
L5R,E140G	-0.20399211894025476
V174M,I227T	-0.10535175826309595
Q67R,S84F,E113G,N168Y,L193P	-2.168776731885053
H75L,N162D,I165T	-0.37135544015865657
M86L,N103D,E140G,N183D,T201A	-1.3632095330792002
S26C,Y37C,F112L	-0.14608877438768708
K99R,N119D	-0.7748618669039192
F44L,N133Y,H137R	-0.4002563820329488
N21S,K138R	0.0520831183556639
E30K,G33S,L40P,T57I,I121F,D195A,Y198C	-2.718528310728959
C46R,I134T,K156R,I186V,Y198N,Y235H	-1.8752411530547788
T61A,E113G,N162Y,F163L,N183D	-1.9289413161908282
L5R,I45V,V66A,K212R,M216T	-1.1618388449590162
A85T,K154E,Y198H	0.010607123990756535
G102S	-0.45340133680541067
V14I,D74G,S84P,M86L,N119I,D178V,V191E	-2.079595905776665
L13Q,V222A	-0.26457493827127987
K77E,F97S,N133S,N157S	-0.6683606746838546
F6L,K111E,K129M,Y141C,N147T,L218P	-2.6340963760721596
T41A,D188G	0.030642226343228
T41A,T60A,I126T,I134F,H146R,K154R	-1.2986841995507261
I159T,D214E	-0.45287615540294324
F6L,L16P,E88V,I150V,E211V	-2.1471629277041737
L16Q,T60A,K105R,K156E	-1.3348439483677979
E15G,K50E,F69S,S70G,S84P,N144S,N147T,V148D,N157I,Q181H,M231T	-2.689793671393019
V14A,E15G,D19G,A108G,N162D,K207E	-2.527316819298326
C46R,L123P,K129R,L135R,H137L,D153G	-2.4069719153664924
F44Y,I126T,K129R,N162D,G189A,Y198F	-0.9307665517747548
K156M,K212R,D232N	0.13771122647235723
D100G,F163L	-0.3570202061065253
Y37F,T106A,K160R,H179L,I186V,K207E	-1.7559578924660835
D19V,V53A,S63P,S173G	-2.075696929552114
Q78L,S145G	-0.2719191947410083
Y198F,N210S	0.07023788797787797
K160E,F221I	-0.13370365492019182
L58P,L176P,D232G	-1.8996382266617853
V59A,T184A,Y198F	-0.5510511472172638
M86V,I165V,I186V	-0.650717109585089
W55R,Y64F,F81L,E88V,Y90F,T106A,L139P,I159N,K160E,T201A	-3.442007317513188
G31V,Y90N,Q155L,K164E,N210D	-1.9010552920911508
N21D,T36S,S70G,E88V,Q182R,L219P	-1.4362962716215395
K99E,N103S,I134V,Y141N,I227V,D232G	-0.6630076917478795
K39R,L176H,D188G	-0.10208274503999258
F163S,L218P	-2.1886220602409017
N144S,H229R	-0.08908424469903987
M76K,K160E,Y180C	-0.7505723264152722
V10E,Q92L,N119S,H146R	-2.090911123488432
V9E,E170G,Y235F	-0.1412215515333132
R71H,N119S,Q181R,S203T,V217A	-1.206682239200819
I121T,K154E	-0.3401193598551681
T106S	-0.059004868769369376
N21S,V27M,N103I	-1.1460832644986265
N142D,V161A,Q175R	-0.5207639329294356
V9A,K77R	-0.06236079477151748
I12L,L13P,T47S,T57A,F82Y,D100G,D127G,E130G,T184S	-2.028752373260787
K24Q,I45T	-0.2515386870746602
M76V,Q155L,L176P	-0.5599921447436674
V10L,K24R,S63T,M76V,D178G	-1.3824358322699106
E130V,N183S,K212E	-0.2944353318732548
K43R,F69S,K156R,K160E,Q181L	-2.1243736847989925
N210I,M216V	-0.5568515193223288
N144D,K154R,N168D,I169N	-0.14115698707111884
T41A,R94C,T95A	-1.4075609358255774
F25I,L40Q,V66A,Y141C,D153V,Q175L,G189S	-2.0714246485323122
T41S,E88K,K154E,N168D	-0.05078268397807431
F81S,E109V	-0.959894023421295
F6S,N21S,K39M,E122G,D178V,N210D	-1.7050650127493943
H75P,D100A,K124R,K138R	-0.4934835782159647
N144S,F163Y	-0.22665591354430314
K111M,F128L	-0.43329203638717884
T7A,D17V,V20I,H75R,G89S,T116S,D214N	-1.9548994056392017
K124E	0.12728298071282446
F97L,L123P,I169T,R213H,V217A	-1.8386985718519075
F97S,Y104N,T223A	-1.0147877209343312
K207I,M216T	-0.8113982889754591
W55R,E88G,K129E,H137R,I159T,N162S,N183D,L199R,M216I	-2.567164469446784
N133S,T201A	-0.18363311307087526
T36A,F112L	-0.21770926080612374
E3G,I12L,Q67L,Q92L,M151T,I227T	-1.6198141808494895
D34N,H75R,I121S,M231K	-1.1544166232144177
Y37N,D74G,D101N,N119D,T184A,F221L,G230C	-2.0128324588898936
L58H,L234Q	-1.5861440603507462
D101G,N133D,I150T,K207E	-1.7750404545615328
D115G,K164E,I165D,G187D,S200G	-1.4366130956349763
H75L,T106S,M231T,L234Q	-0.6335665828873286
V9L,L16P,K43R,P87R,V161A	-1.4067375542503286
D80G,N103D,H197L	-2.15657511275971
I159F,S203P	-1.3171726895466336
N21S,K160M,K212M	-0.18001649567177946
T47A,E211K,H215Q	-1.8856738785280662
K43R,K138R	-0.004711572714457171
F97S,K129R,I150V,I169V,S206G	-0.3327401914903155
D34N,E140K	0.09455418957570938
K111R,D131G,F221S,I227F	-0.17505972068751854
T7A,N21D,T36A,Y64C,M76L,K105E,Y180D,L199P,M231L	-2.524155239870682
T47S,F69L,K154R,L219Q	-0.4430191028183913
I121V,I134F	-0.39078561079348184
I150T,M151T	-0.8496171288180927
F6S,S26G	-0.7822822511184531
S26G,K111E,K138Q,Q181R	-2.000810903392731
S70R,E88V,V110G,N119S	-1.9462353977452895
C46Y,Y180H,E220G,E233G	-1.8987963879109322
L5Q,E15G,T36S,N157S	-0.7151734495028024
K43R,K83E,N119S,R213H	-1.720722795086283
E170G,I186T	-0.1670623112130713
I12T,K212M	-0.8088365964614372
N21D,T60S,N119S	-0.146751446480008
E4G,G136R	-0.30616117579131746
V9A,G172D,Q182L	-0.2564769265314828
F82Y,N142S,L219R	-0.08222319266903837
F98L,K212R	-0.3089017955745641
N103S,Y143H,D153G,K156R	-0.17320864551114157
K99Q,N103T,K105R,N142D,R166H	0.03964822093954202
F112C	-0.21021992472268067
I134V,H146R,N162S,F221L	-0.6241538491984594
K138E,I227T	-0.27719271737245277
D100G,K129E,Q155R,V161G,K207E	-0.8590701126345415
N21S,D34N,I165T,S200G	-0.6722941105658218
T48A,E113V,Q155R,F221I	-0.34161854960735116
V191A,N196H	-0.03734882247453197
M76L,V174A	-0.05753938856196454
F44L,H75Y,F97L	-0.16618263273949904
Q78R,F97S,N119S,E233V	-0.26604841701124143
F25L,W55G,N103I,Y141H,S173C,L193P,M231T	-2.1062832578873083
F25S,I126V,H137R,N144S,K164R,T223S,L234P	-1.7161551674320115
G33C,L58P,N168D,N183Y,N210S	-2.8055337480092954
E3G,K24R,F128S,M231T,E233V	-1.320171485493556
F44S,Y104F,T223S	-0.6234296371751419
K24E,F128I,N210D	-0.4611878039107298
I121V,D171A,N210D	-0.05724918136839664
V27E,F98L	-2.214596053457848
G136R,F163S,K207R,K212R	-0.9363790810604312
T95A,H229L	-0.08710396116037535
D188N	0.4278332578833771
D74V,R107C	-0.6063570533935747
L5P,F112L,G132C	-1.202605572289905
N103H,N157D,L199P,L205P,N210D	-1.9974018041959112
Y143C,I150V,I159V,N210D	-0.2236821924173676
E3V,I126F	0.008513140019550676
F25S,N103K,N147S,D214E	-1.936221877941885
E130G,L199P	-1.8230077063109884
T7S,F163L	-0.19899334684027453
T47A,W55R,F97I,Y141H	-2.0464156132103817
E32G,Y149C	-0.7065613171822763
K39E,K77R,M86V,F112L,D195G	-1.2342973795588397
L13P,N133D,H167Y,D171G,T223A	-1.908214795281416
T7A,I126F,N183D,G226W	-0.8228628401771074
I12F,Y72N,N119Y,A225T,M231I	-2.497287260629022
V66A,Y180C,I186F,H229L	-0.7164552111204434
K43R,N142S,Y143C,N196S,M216V	-0.8957058669444734
V66A,F112L,Y235F	-0.15190096862948918
Q78L,G102S,S173C	-0.5977558603979487
K39E,W55R,T60A,D74G,D80V,R107C,K164E,E211G,E220G	-2.7425713543843986
E93D,F128S,N168S,I227S	-1.884543125217164
Y149C,L199Q,L219Q	-1.021951768811169
F25S,Y64C,K83M	-2.822965607184202
V14I,C46R,Y143F,I227F,Y235C	-1.008046447997835
L5R,I12T,F81L,I134V,I186L	-1.8236043744451909
N119T,N210T	-0.41444161792826684
R166H,F221L	-0.014559743734880847
F128S,Q155R,I227N	-1.502624569524853
E15K,I45F,F112I	-0.4339990552802236
K43R,D171G,F221Y	-0.08318067897647646
L13Q,F69S,K83M,I121N,N162S,D214G	-2.7991329130813183
Q155R,L176P,N183S	-0.7752474662347631
Y37H,E93R,D101G,F128L,L139Q,E140V,D188H,H197L,F221I,Y235N	-2.0919546518890146
I45T,K50R,T95A	-0.2975827851369185
T60A,N147K	-0.09679207241560807
I45T,T48P,E88G,D100V,A108G	-2.342515333278448
D115G,H137Y	-0.23394477270577763
K39M,H75L,Q92L,R107H	-1.4778710661992185
I126N,Y149C,L176P	-0.5026785551818795
F6S,F82S,F97I,K111E,R120H,N142D,N183D	-2.7015360212354724
T41A,K50R,K124R,N183I	-0.34126620126950613
L176P,S203T,K212N	-0.2849216296538517
E3G,F44S,K105R,M151V	-0.7736466225837757
I134T,V148A	-0.6438635964089922
L5R,L16Q,V59A,Q67R,L135Q,H197L	-2.9248726208713056
K39R,K43M	-0.1642192930197727
N21S,Y141F	-0.05646841623342977
P54L,W55R,V66A,F82L,F98L,I165V	-2.505962191279324
V14A,K124R,I169T	-0.6176683923513022
F97S,D127N,D188G,P190T	-0.1188140666921425
K129E,Y143L,H146R,M231V	-0.7845349928723404
I134V,Y141H,N162I,N168I,I227N	-1.0804599238560466
T95S,K154E	0.1498180734268405
V27A,H79R,F97L,I150V,N210S,K212R	-1.5770846729205845
L58P,D80V,T95S,K129E,K138L	-2.3657177905119213
I45T,P190S,M231I	-0.12879305487005357
F98I,R166C	-0.4816052446260778
G8R,Y180H	-0.12170979152566261
V66M,K111R	-0.06314954644410915
K24M,S28P,D153G	-1.6923059078179816
L135M,H215R	-1.4751121893913082
F44S,N196S	-0.4772006600164664
N157D,M216L	-0.2962819087106492
N133S,N142D,Q181R,L205P	-2.2925518023204527
D74V,L123P,F128Y	-2.2028964854479387
I12V,D17E,F44L,T57S,I121N,Q175R	-1.7514657746194409
Y90F,I126V	-0.2035757503574077
E122G,N144I,I227V	-0.4303148793585535
G8E,L16Q,F69Y,E109G,V148A	-2.3254070586026527
E15G,V59E,S63T,T106A,I126F,N196D	-1.9475329425103087
Y90H,R94H,E130G,T184A	-2.3074075551554447
P11A,E140G	-0.4484613452753757
I12V,F81L,I96T,N133I,S200G	-1.9755927511316511
M76K,Y143H,K164E,E233G	-0.7250715717114263
H23Y,K111R	-0.023184995435850418
K1E,Y64F,T106A,M151V,S173G	-1.6370316196302395
V14A,Q78R,R120H,S145G,M151L,F163S,S203F	-2.2661139332620754
T95S,N162D	0.06691113344848058
K160N,Q182L,H229R	-0.10549473684231679
V9E,V27E,Q67L,N103I,N144D,E220G	-2.0187559774401054
C46R,F69S,Y72H,V91A,I96N,N142D,N147Y,V191M,L192P,K212R	-3.227305530039691
I134F,K138R,V148A,M151V	-0.8178743741033885
F69V,F81S,F97L,N133S,M151L,N157K,K160M,L193R,D195V,D232A	-1.9322785641318396
A35G,T47A,K99M,V161A	-0.6053914930231492
K39E,F98L,T116A,I126V,I134F	-1.7080221421689916
H75P,E88D,T95A,V148A	-0.8936680542221664
T95S,E233G	0.07661195748327995
T7A,V9E,N162S	-0.26590738802431113
K24E,I45V,V53M,F81L,I121F,K207R	-2.280444451835198
M76V,F221L	-0.356295985123794
T41A,M76L	0.016942388342766825
D17V,I45V,L51M,G158S,I227T	-0.49669350933144785
V14A,Y37H,N103I,K124E,F128S,Y143C,K154V,N183I	-1.841204975024532
L62Q,Y64C,V66M,N119Y,D131G,E233G	-2.1760955286978256
V27E,L58F,E88K	-2.046994205686746
G8E,K24R,F97S,K105R,I121V,D171G	-0.5120012003742231
L13P,V148A	-1.628076267635727
N119D,D214N	-1.1446936760769977
K124M,G125D,K212R	-0.8615223868558506
V91A,N168D	-0.2606256966107629
H23L,Y141S	-0.3343365165874488
K105R,L139Q	-0.526676521472073
D127N,K212R	0.34142074592346816
H215N	-0.6367356703488185
M151T,H229R	0.028914845195926266
V174A,L192P	-0.24437235398827228
T60A,E88G,F221Y	-0.12516363527869515
K77R,N103Y,E130A,K164R	0.14151833708993547
I45T,N103S,K138M	-0.3732445623776921
N21T,N144I	-0.6789426382588595
E15G,D17V,S26C,H75R,H137L,I227T	-1.1686448727788026
E4G,K124E,T223A	-0.33510107593386673
I134T,I186S	-0.7495741539903071
L62Q,S70C,G125A,K154R,L218Q	-2.009361000723347
H75R,L192Q	-0.22163753769117003
L58P,N162S,E211K	-2.0079316048063447
N142D,K207E	-0.2544230870769081
V59E,F69Y,H179R,F221L	-2.8632401422165175
D17V,K138R	0.0567448766881082
D115G,N147D	0.04781664431326343
K43R,G49D,Q67R,K105R,F112V,F163S,I169T,K207R,L219P,D232G	-2.7952644386002574
N21T,S26G,F44L,F128L,G132R,F163S,D171G	-2.2587365853271875
K39R,N144D,E170G	-0.02791496618417097
V27A,E93G,D101G,F112S,V191A,N196S	-2.6307133577840465
K39E,L51R,I165N,L199Q	-1.594768353276304
V9E,E32V,T106A,I169T,G172D,A204T	-1.1289082959261272
H23R,H75L	-0.16461771229646263
N183S,Y198H,N210S,L219Q	-0.5731388158194526
V53A,A108T,Q181R,T201S	-2.8716748844022484
N144Y,N183S,N210S	-0.624583599765659
E15G,D232G	-0.29532173035392945
E170A,D178V	-0.14566478054588058
Y37N	0.12250473091765787
F6S,F112L,I126F,M151T,N168D	-1.1441471663444096
I165V,A225D	-0.15402410079221165
T41A,L62Q,I126F,N183S,D208G	-2.0322255244176155
K50M,F97L,K156E	-0.12298141741206317
M76V,I159F,H167Y,L199M	-1.5235445203265763
L42P,F97L,S145G,L193P,L234P	-1.8029137280291596
E15K,I45T,S63T	-0.7552170593568703
Y37C,H79R,F112L,L139P,E170G,S203P	-1.9554729156152448
T7A,E30G,M76L,M151V	-0.15210053109052935
I12N,F25V,N133I,N144D,I150T,V191E,D214V	-2.929649978546231
I186L	0.38129016611872274
T41A,I126T	0.09175866568894403
F6S,K50E,N119I,M151T	-1.69846307637758
D17N,E88G,D127G	0.12432547240323133
K164R,D178Y,D188V,Y235C	-0.24828839093540012
N147Y,N162S,M231T	-0.20764848399687896
N168Y,I227V	-0.09450582478875104
K39R,M231L	0.04944160955110484
D19G,Y90H,T106P,N133D,K207E,V217A	-2.8863263055186286
H23L,N103D,K124M	-0.5916006194736948
V91A,K129R	-0.13353386235928505
L5P,L42P,M76T	-2.122588397737887
N144Y,K154E,D195G	-0.18072711743717018
F25L,R94C,K138E	-2.555917900682394
D74G,L176F,K212E,F221S	-0.3721090263163827
K138E,D188G	-0.13440643851073625
S26G,I96T,S173G,F221L	-0.9866861446797435
T36A,K39R,L42M,R107C,I134F,D171G,D232G	-1.2905214573253676
F97V	0.17086306670099516
T7A,D195G,I227T	-0.004196073179066104
K1R,I45V,N144S,A204S	-0.0903703162068073
V161A,K207R	0.02067068158965729
K99N,I134F	-0.5896397235372415
K24E,T41S,M151T,Q202L	-0.1790603496586219
N21S,H79L,N142Y	-0.504427437152714
N21S,E32G,Y90H,M151K,N157S,I165V,D214G	-2.333337981274452
F69S,K77R,V161A,Q175L,M216R	-1.3551601586947295
Y64N,N103Y,K160E	-1.5283198546919596
T7A,H23R,M76V,F97S,N168D	-0.8177081921249553
F221L,G226E	-0.10569042605887452
D178Y,L219Q	-0.1474578063722806
K77R,L123Q,Y141C,Q155K,K207R	-1.6682509469107538
N144D,P185T	-0.26546271139792815
E4G,K50E,K138R,N162S	-0.15613097173861779
N162Y,I169V,Q202L	0.13075818235654343
S26C,W55G,K124R,K156R	-1.3845728653108227
T95A,I96V,D195G	-0.13104120502543104
E3K,T61A,N168D	-0.42460524133891175
K24R,K39R,G102S	-0.37508313266085336
K1R,V110L,T116A,N147S,M216R	-1.4562209661521581
L5Q,E109V,V174E,V191A,A225T	-0.66640790930526
D17G,S28P,E32G,K39E,C46S,K156R,I186F	-2.269084431325715
K50E,V161G,Q182L	0.11403572281335665
Y72C,E211G	-1.979105685152298
S173G,S203P	-0.673306778259592
F82L,N103D,N142D,N196S,M231K	-0.9961036273310981
F221L,V222A	-0.3459235502341172
D80G,E113V,K129E,Y149H,H167L	-1.6577157303470607
M86T,I134V,K156E,N162S,F163S,N183S,M231T,L234P	-1.8907226449626215
I12T,K50R,V59A,Y198C,L219S	-1.9881796794225912
L135P,N142D	-1.3345555136287177
T36S,K212E	0.08203471105059201
K129M,S206G	-0.23971745085412868
L13Q,N103S,K138E,N142S,N196I,T228A	-0.6150773701842748
L16P,D101V	-2.3016567005638238
T36S,T61A,I96V	-0.5017780801698182
Y37H,F82L,F97C,N144S,N157D	-0.8227783491256375
K50R,D100G,V191L	-0.049425714231680115
Y104H,S145G,L176P,D195G	-1.3747147028971456
V10A,F98Y,G114S,L234P	-0.8471058267556796
K43R,I45N,V191E,T223A	-1.112025706953539
D19G,V27A,V59A,E140G	-2.2441051382651254
V59A,S70R,M76V,M86L,I150V,K156R	-2.098273540043097
P52L,F128L,H137L,I150V,K154E,F163L,I169T,D188V,V191A,I227T	-1.644925224118275
K24M,L62P,F97L	-1.743258552626505
V14A,I96V,T184A	-0.6930734665748273
V9E,H75Q,K105R,N157I	-0.713884353404293
M76V,A204V	-0.25662557771535893
G2S,Y104F,G114S	-0.3789008027513443
D100G,F221L	-0.12355288590919243
F82L,K212M	-0.17800199166866232
L139Q	-0.49225161270993756
E30G,N196D,V222A	-0.3712097510743404
N183S,K207E	-0.6408030659999964
F6V,Q92R,D131G,M151V,D195V	-1.7846527036461455
S84P,V91D,N162S,N183S,N196S,F221S	-1.7832865781470577
D74G,P87L,D131G,N144D,Q175R	-1.4359333186260064
D115G	0.031660974253403806
H23R,Y141F,K160T	-0.005096396536140791
F69I,F82S,N119S,K124N,M151V,T228S	-1.720618392171052
F44S,Q78L,P87L,D101G,K129E	-1.8418919790821615
A85V,N119S,E130G	-0.10022512849141811
Y198N	-0.4580529954567834
F6Y,I12T,G49S,L58S,N183S,T184S,I186N,N196D	-2.6919809264128087
K77R,T116S,H146R,F163L	-0.9662772458086726
T61S,I96T,N103I	-0.4840161647644612
D34N,F44L,M86L,E140G	-0.7406834325539505
T57A,D80G,I134T,V161A,I227V	-1.5061428603529787
F82S,N196D,Y235C	-0.9602592372133747
I12T,L16Q,Q155R,K156E,K207R	-2.0518782973986203
D17G,N21T,F25Y,D34V,N157I,I186N	-2.3456198095184524
W55R,D101N,N144D,D188G,I227T	-2.247392025419237
T36A,S206C	-0.13217707687072364
S26G,Y37N,E93V,K138M,Q155R	-0.7452491952945459
N133S,M151V	-0.07062382231331618
L40P,G114S,G125S,I134N	-2.55635069538983
D34G,F81L,K83M,I126V,K138E,Y143N,I150T,K154E,K156E,I165V	-2.970773812373637
C68S,A108G,H137R,L205Q	-2.2189830231072065
C68S,D100G,N157S,I169T,M231V	-1.1496428083008252
C68R,Q92L,V148D	-2.658006633746169
Q78R,M86R,Y104F,N210S	-0.7942262378873916
V9E,I45T,T60A,F98L,T201A	-1.663430378277544
K1M,V14I,Y143F,E170V,H197L,M231T	-0.8950184887123367
N103S,N196S,V217A	-0.27229444002711367
E30G,L62P,K83R,V91D,N157S	-2.5272269805764234
K39M,D80G,N162S,D214H	-1.7346705350709626
R166L,I227V	-0.024896313979855072
K50E,H75L,Q92P,T116S,I121N,D131G,Q175R,L205P,D208G,H215P,H229R,M231L	-3.846572518488764
S84F,F97L	-0.1908264829304968
V66A,E109V,H137R,I169T,M231V	-0.5463154883984824
E3V,H79L,D115G	-0.1326492680190069
Y72H,H79L,I96T,D101G,F128L,K156R,D214G	-2.7615060058403147
E3V,D74Y,N119D,E122K,D178G,E211K	-1.959414173032604
R120H	-0.21918367561715577
V9G,S28T,L62P,M86V,K111R,G132C,I186V,G187S	-2.536981001875215
K24M,L51P,T60P,Q67L,Q78L,F81L	-1.9073761595625904
Y37C,P56L,K77E,Q182L,N196S	-1.453599433606637
S26C,K77M,N142D,M231V	-0.2890431919682643
D100H,I159L,I165T,P190R	-0.7381748511606165
N21S,K24R,K99R,K111M,Q155R	-0.5382045020153852
S28P,C68W,F69L,Y143F,V148A	-2.256932960779337
H23R,E30K,M86K,N162Y,F163S	-1.6052483383990521
K111R,Q155L,K160E,D195G,D232V,Y235C	-0.6282677832880231
K1E,T41S,S84T,V174A	-0.5862322177297905
V9E,Y37N,K50R,Y72C,Y90N	-2.184454370312377
K99E,K111E,H197R	-1.718925575486545
K1M,M86I,Q175R,V191E	-1.086280862936859
L40P,T47A	-1.638337235764555
F82V,K105R,E170G,M216V	-1.0447450233074902
Q67R,F128S,E211K,E233K	-2.699441301679332
N21T,F44S,K207E,M231V	-1.3433291481846465
S26C,I45F,D127G,Q182L	-0.2622593611860505
D127G,V161M,D188G,D195G,H229L	-0.48406272728970906
F98S,R120H,S200N	-1.8320072143586832
V27A,C46G,K77E,Q78L,D100G,K124Q,F128Y,H146L,N162D,K164R,A177P,K207R	-3.153018346899962
D17G,N157Y,H215R	-1.9841435280191229
L5P,I45V,N157S,I165V,V191A	-0.5631950055783799
Y37H,S70C	0.018066715515020315
K111M,D131G	-0.07897883851346219
S26G,L62Q,E88V,N119D,Y180H	-1.9599569403117298
V20G,Y104H,D127G,G132S,L135P,H167Y,S206C,V222A	-2.791531295247871
V66A,F163I,I169T,Q175L,H179R,N196I,S206N	-1.5925287210230752
K77R,M231V	0.023507644311306912
D19G,C46R,D127V,Q155R,L218P	-2.785251955060647
T95A,I134T,K138R,S145G,F163L,T201A	-1.620630906522857
Y37D,Q92R,F163L,V174A,Y180C	-1.9941747487332748
R71H,E93G,M151K,M231V	-0.34309737276192853
E113V,I165V,N168D	-0.037027981224926156
D34G,K39R,D74G,H79D,F82S,I96T,Q155H,N210H	-2.3342606163797948
I121V,D195A	0.01840651698420792
N119S,N157I,Y198F,L205P,H215R	-2.0522021557699803
E3V,K24E,V27A,H79N,I96F,F112S,N119S,N147Y,N210S	-2.6983021354879377
P11S,S28P,Y37H,T61S,F81I,V91A,F163L,E211G	-2.832595111996407
S70R,M151L,K154R,S200R	-1.267204160520305
K207R,Y235C	0.1853102522497331
S70C,T184S	-0.07531868810016316
F69C,N157S,K207R	-0.458535521284388
I96T,F112L,I159V,H179R,N210Y	-2.1935987800215053
I12T,N103D,V110A,L139P,I186F	-2.5271028303124567
E3G,K124R,N210D,K212R,E233G	-0.2584123964552671
G22D	0.03938144442895844
V9A,N119S,L193Q,Q202R	-0.6970824973421956
Y180H,E220G	-0.6979773019380822
V9A,D34V,D80V,K124E,V148A,H167L,G172S,I227T	-2.03245489964202
K99R,D100G,H167R,E170G,H215R,I227T	-2.150143567169155
E32V,M86T,E109V	-0.7284386259045654
D178G,K207N	-0.5042616719311049
A35T,K50R,F128I,K156R,V161A,N210Y	-0.7670142847428731
K1N,D34V,V66A	-0.8754445072069488
D19G,V110A,T116A,V148I,K207E	-1.8257135062419025
I134V,S173C,N210I	-0.2190173415996645
E88D,T106A,N133Y,Y149H,D195G	-0.9026824899378088
K50R,D131G,T228A	-0.07632392634848974
M151T,H215Y	-0.7144490230886501
F97I,K207I	-0.06575477184909001
D74G,N119S,S145G,N157D,T223A	-0.8025409944432373
T60A,V66A,D178V	-0.597720456367778
F82L,N142D,A152V,Q155R,V161E,T201S	-1.7057890866260137
N119S,N196Y	-0.11801021611121387
H146Y,S173G	-0.1941697947124891
I45T,I150T,L192P,G226R	-1.6322293391507257
G158D,K207R	-0.5258799132163364
T60S,C68R,K111R,L176P,N196I,S203P,I227N	-1.782231251129883
F6S,V20E,T47A,N142D,K156E,V161A	-1.7301340967615038
K138R,T184A	-0.027696978434618626
T47A,S70R,N133D	-1.3616678631911263
N157Y,N183D	-0.7163771897711539
K77E,K83E,Q175R	-2.1376744477689718
K105E,H137R,N147D,N162D,Y180H,K212R,M231L	-0.7332863141000019
E3G,V10E,F44S,C46R,V59A,L62P,K77R,V161A,N162D,Q175R,N183A	-2.830609741669706
V59A,T95S,I159N,S206G	-1.852294343763258
T7N,T61A	-0.5002390713885488
F82Y,T95S,K99R,I126T,K129Q,H137L,I150N,T201A	-1.9685625626370085
K24E,S63P,F82S,K83R,I126A,K160E,I165T	-2.50350513912563
V20A,T36S,C68F,E122V,K156R,V174E	-1.5659211043044168
L13P,K50E,K77R,I96V,V161E	-1.6371458014658693
C46R,M86T,H197L,V217A	-2.629124102296705
D232G,E233V	0.19006290239838022
W55R,I126F,D127G,N157D,H229R	-1.4450641586107613
I186F,M231T	-0.08637462605465862
T7S,H23L,K77Q,M216K	-1.7303535931866105
I134T,E220G,F221S	-1.3173339603053207
M76L,I96V,V217A	-0.5264105340962237
V66A,D74Y,K129T	-0.4799065404509796
K111M,I126T,I159V	-0.1718983986693067
N142S,H179L	-0.5517291411718828
V10A,I96V,N183D,I227V	-1.0264141113898069
Y37H,N103D	-0.16488299252046829
M76L,M86L	0.12974393073026036
F6S,T41A	-0.6210861914851561
N21D,K43E,F44L,I159V,V161A,F163L,K164R,L192P,M216V,A224V	-1.974733123165722
D34G,L51P,Y90C,R107C,D188V	-2.29858425498084
N133V,N144S	-0.2722129691129255
K39R,E122G,I126V	-0.15711553588929036
N103H,I227T	0.013017084821097
I12F,F25S,I96T	-2.452665531088655
S28P,Y37H,I45V,T57A,A177T,D208A,D232V	-2.1667257431239557
S70G,I96V,N119D,I121T,I159N,S200C,D214G	-2.41309332008536
K83R,F97Y,F221I	-1.0310251731919116
D34E,M76T,I134V,N142H,S173G	-0.8798082021533083
F6L,G29A,I45V,M86L,G132D,F163L,I169T,V174A,Y235C	-2.007671509069331
G29S,S84P,N162D,K164Q	-1.3353892860671228
E30A,D34V,K50E,N168D,S206C,D214H	-1.001749760813366
V27A,V59A,K124E,H197L,G230V	-2.55922542421988
M86V,E88G,K138R	-0.7050016580826831
I134M	-0.11577517393548403
Y37N,K111E,L199P,E233V	-1.7197783232272508
K129R,L176P	-0.20144885905639265
E30V,N168K	-0.03282830020161245
D100G,E109G	-0.4116920414915757
N21S,E32G,F82L,E88V,N103S,N144D,L193Q,E211G	-2.0906229351490397
N119S,D127G,T201S,L219P	-1.715374237638829
L40Q,C46S,V59M,L123Q	-2.387891880995618
I12T,Y72C,M86K	-2.675405015479278
Y64F,I96V,N144D,D171G,H197R	-2.151433499013666
P52L,L62Q,D178V	-1.983661111519011
H146R,K212E	-0.3207141098130564
L5Q,G230S	-0.3779971172241104
D17G,R107H,D171G,I227N	-0.630800559964403
E3G,K43R,N168S,Y198H	-0.4240478573076668
H23R,G172A	-0.23089361317740692
N147Y,K154R	-0.060529834189378406
E32G,K164Q	-0.19583600418483832
Y143H,N147D	-0.06955466667410677
F6I,L58P,M76V,M86T,N119S,N168D,I169V,Q182L	-2.1648347193193453
I45V,T95A	0.11559674580741497
I96V,D178Y,N210D,F221S	-0.6222134318244472
M76R,Q181L	-1.8256375276942107
D19V,E30G,I121V,D127N,K156T,M216T	-1.099090463979632
L13P,F25L,M76V,V91A,K207R	-2.535443766827823
K77R,H167L,V191A	-0.35673157986473925
K1M,N157S,N162D,I186V	-0.37486613940123104
H23R,K111R,D127V,D153A	-0.6395943224818702
E4D,Y90F,E109V	-0.375457551802774
T60A,D74G	-0.1628041282146501
L16P,E109A	-1.5666623654513008
K1R,K111R,G230D	0.02405874058597103
D17G,I45T	-0.4362431538484977
L13P,F81S,I150T,H229R	-2.552545428401938
S70G,D188G	-0.006240304614953347
M86L,V148A	-0.31377988903954623
N103Y,N157D	0.11323484103287751
I45V,N157S	0.16315447327575472
E88V,I169L,L192Q,A224T,M231V	-0.9057969509717548
E32G,K99R,D195G	-0.3079147595820001
Y37H,L42P,L218M	-1.3432080793559862
V53G	-1.5271384382470432
Y64N,K160R,N168S	-1.5677465609808563
N103S,V191E,L199P	-1.986626781172372
I169F,Q181L	-1.7878742853774492
E113Q,N144D,L176H,I186N	-0.47876927620771204
K50R,P52T,N119D,I159T	-1.6960881316587888
V27A,V53A	-1.8244955084540646
T47A,F69Y,N162S,E170G,M216V	-1.2976832553241175
E109D,N210H	-0.09084351820595737
S26G,F128I,S173G,I227V	-0.44378217777184636
V148A,N162Y,V174A,D188V	-0.4607151282398312
I12N,T95S,N133D,I227V	-1.3478008365733167
D153Y,N210D	-0.17401108775194893
K43E,K105R,V110M,N133D	-1.4031902829784313
I45N,T57A,T106A,D171V,N196I,N210S,M231V	-1.8924232573306812
T41S,F98L,M231L	-0.6557461704369935
K1N,F44S,M86V,K111R,T116A,N142D	-1.6333827662109157
I45V,D153G	-0.1310140489504935
I12T,E32G,L42Q,V66E,Y104H	-2.5303014083199784
K105R,E109K,H137R,I186T,T223S	-0.624996580194778
K50E,I121T,L135P	-1.8882202877875165
T48A,Y143C,M216V	-0.8214354655632082
N142D,M151T	0.0035803199827103283
K1R,I126F,V161G,L176P,Y180F,T184A	-0.5169096552624088
E30V,K207R	-0.03573250491120027
V53E,Q155L,I165V	-1.1579779922473863
E3G,K77E,M151V	-0.3238437275738971
F6L,I126F,T201A	-0.3336570017564716
N21S,V59A,D127G	-0.5986732869603606
D127N,K164R	0.15403883084993247
E15G,T47I,D74V,V148I	-0.9534012468891184
V10A,L42P,K77E,K156E,N157Y,N183S	-2.605887588028284
N119S,N168S	-0.08731460494788137
S26C,K156E	-0.14875038688092457
F6Y,C46S,D74G,Y104C	-1.513276474227724
V66A,F69S,I121T,N144Y,M151T	-1.5167758100010122
G158S,V217A,T228A	-0.4174248522826708
E170V,I227T	0.0028733915675198934
K124R,M231K	0.04317486023634946
T47N,V91F,T116A,N133S,N157D	-0.985950011574577
G49D,V59E,F112S,I121V,F163L,L192Q	-2.3680022819971582
Q92L,D188G	-1.0352072733878952
T57A,V191E	-0.8580260968052855
T7A,Q155R,K164R	0.02984764180240289
F112I,N133D,N196D	-0.3049802755547999
K1E,F6L,F98L,Y104N,E109D,E122G	-2.3677066970669167
V9A,N157S,D178V,Q181L	-1.891814335771281
K43R,K105R,N119S,F128S,K164M,L205Q,L218P,V222A	-2.460424528854061
I45T,S173G,Q202R,S203P	-0.9423325912546902
K24M,K164E,V174A	-0.24570201450325382
M151L,Q182H	-0.24083832274721034
I12N,K39E,K77E,Q92R,D100V,I134F,Y149C,I150V,V191A,D214G	-3.7050031131692043
V59A,Y64C,H215R	-2.6669989360524413
K39R,K164R,A177T	-0.30040319309417096
F6I,T36A,K99M,I159T,H167L,D214G	-1.8532089924382023
I12F,K111R,F112S,N119S,K154E	-1.6161481134678364
K77E,A108V,E211G,D214N	-2.822092382624979
L16Q,S63T,M231L	-1.6104411354602413
Y235F	0.8505976074134804
Y37N,I134V,Y143F,N147D,N157S,Q181P	-1.2203797037545057
F6L,D17V,N21D,I126N	-0.46575422524063614
N21T,E32G,F128L,E170G,D171N,F221Y	-1.521388166076329
K24R,I96F,D127G,T201A,D214Y	-2.2543121942333113
L234Q	0.07825948859871132
N142D,F163S	-0.5256806563418073
V10E,D19A,F25I,M76K,F98L,T223A	-3.047933215842244
I12F,L123P,I126N,L199P	-2.4528002468879833
I12F,D19G,K83E,R107C	-2.4872188167275127
R71H,M151L,N210Y	-0.06076223897601276
I227N,Y235F	0.059960093865215336
N103S,G114S	-0.09269845384224298
M86T,N103I,I121V,I126T,K154Q	-0.7997747514438003
F81L,V110E,I159V	-2.1236092532765585
L5P,E30G	-0.4317313802957786
D100G,N210S	0.015187764678841965
V53A,V66A,I134N	-1.5296636940054533
T36P,C46R,V53A,V66A,K129R,F163S,H167R	-2.716876205263029
K77E,T106A,F128Y,I150T	-1.8924075453731786
E88K,F98Y,D100G	-0.23997124643486056
L5P,G65S,K160R,N196S,K212R	-1.5826530462612058
D34N,F81L,L135Q,Q175R,I186T,F221Y	-2.224191534359734
K39R,E93V,N142S	-0.1933740096437665
H79L,V110E,V161A,H179R,I186F	-1.8233797153531455
K24R,T41A,N103S,H137R,N210R	-0.16413272378366459
Y90C,Y143C,N183S,L192P,E220G	-2.0007114512895185
T95A,D100G,H179Q,L219P	-1.928071873757146
K138E,I186V,N196Y	-0.4855579162181984
E15G,M86L,N103S,I134V,H137R,E233G	-0.8517965187524492
L51P,H229L	-0.7159277486544994
N196S	0.22228904959374085
K164E,E233G	0.06614118022314089
T47A,K138R,N142S,S145C,V191M,M231K	-0.696458978542436
V53A,V59E,F69S,V91A,I96T,E122G	-2.9573131577682243
L199P,K212E,M216K	-2.588013001765853
S70C,V91A	-0.25715861263627027
E15V,I134L,N147D	-0.2878563892561991
D17E,E30G,T184A,S206G	-0.3295375239028201
D34G,L218P	-2.1263169472168046
N183H,D232G	-0.7634934301606127
S26G,I126T,M151K	-0.15109825954432665
H23R,M76V,K124E,K164R	-0.5882510492903953
K24R,E93G,N147D,N183I	-0.753665781815994
Q92R,E93V,Y143C,L176P	-1.6984361032061712
K43E,T223P	-1.1973649492048497
D17G,T95S,N147Y,M231V	-0.4092705569751047
H137R,L176P	-0.3274110140757325
F69L,D127G	-0.034195483615756556
D19N,F25I,N157S,N183I,M216L	-1.7642747596347683
V59A,N142Y,N168D	-0.8621111753879493
Y37F,T60S,H75R,N162D	-0.1582849184734441
S173C,D214G	-1.3173747423372628
Y37N,F97S,N103S,I186M,S206C,H229R	-0.4780892882227073
C46S,D74V,Y90C,F98L,G114C,K154E	-2.256755192554353
T7A,E15G,K50R,Y90S,H137L,N142S,S145G,D195V,N196S,S206G	-1.795660135967955
T47I,I121T,I159N,F163S,N168I,K207N	-2.3144526959576113
K77R,D100H	-0.2093977912471095
L13P,M151L	-1.639390746853088
F97S,K212R	0.21566081470459142
L51P,Y72C,F97Y,E122G,V148G,V174A,T201S	-2.4759178173643535
Q78L,A85T,N210D	-0.08896949680760094
K77E,I165V,P209R	-0.6561685405175608
N168D,N183D,Q202R	-0.4440942897756577
I45V,E140G,F221L	-0.2300429827177138
I45F,D131V,K154N,E170G,M231T	-0.7547307477570668
S173G,V174M,M231T	0.08290202832258714
N119S,N144S	-0.14003546679070922
M151I,F163L,N183D	-0.7160761517456946
F6S,P56A,F82L,F98S,F163Y,I227V	-2.5049311820961626
K77R,N133S	-0.039789678501672164
K154I	0.13396780919009602
K24E,V66A,T116A,I121V	-0.36773905299643145
E15G,K156R	-0.17855458626154472
T60S,D127V	-0.38367869954369915
S28A,A225V	-0.04622306158889489
K77E,N144D,N196D,S200C	-0.32964239345187585
Y141F,I227T	-0.06235602526782899
D74G,K77R,I169T	-0.04037567271758352
M151L,V217A	-0.3859746439317586
E4V,S26N,K111R,N168S,E170G,Q175L,D232G	-0.8058788849485583
K24M,K50R,N103S,A108D,N119D,I186V,N196I,Y235F	-2.367616465989462
F163S,I227T	-0.5975360881405938
K129M,Y180H,T228A	-0.11248640443240818
T57S,L205P,V217A	-1.2166089673382405
C46G,V66E,F112S,Y143Q,I159V	-2.3155374531196595
D131G,E170G,M231V	0.08083441175970213
D214G	-1.287295474753912
L58F,F97L,K129R,I150T	-1.8082968138956113
D34E,E130G,M151T	-0.2768719710628672
D19V,S63L,N144S	-0.8208305103577616
V10E,L40Q,N119H,K154E,Q181L,G189S,V191A,D208N	-2.790096830995695
Q155H,K164E	-0.007528848338200958
T48A,V66A,M76E,N119Y,F128L,K138E,Y198C	-2.511660209773181
W55R,V66A,I165V	-1.2139166702444002
D100G,K156R	0.0865680354404287
D34G,Y72F,K105M,K129N	-1.4690931230373097
K1E,S173G	-0.08874258633869395
E88V,V148A	-0.3514802441584489
T47S,E130G	-0.11206090791878355
V27E,T116A,N119S,I150L	-1.5534486086919552
T57S,R71H,T223A,T228A	-0.23328556229193226
Y90F,N210C	-0.6177808513831256
N21S,E140G,I186V	-0.4815553404027182
I12N,K154E,I186F,S200G	-1.7046331064573526
D115G,D195G	0.03355287218208265
T7A,Q67R,N142D,N144H,L199P	-2.2079536555590185
T57A,I96V,M151T,I227T	-0.8007898288752759
S63P,Y72S,H137L	-2.3655981654307605
F6L,Q78R,M86L,I126T,M216L	-0.7867664074426292
F69S,V174E,I186T	-1.0689523560192793
V66A,E88V,D100N,Y143F,N168S	-0.5562711061256447
H23R,M76L,D131G,L176P	-0.4824239699299406
E3G,E30K,Y72C,F81L,F97S	-1.889222039368028
C46Y,T60A,S70G,H79R,A85T,N119Y,E122V,D131G,Q202L,Y235N	-1.6649987244297226
L5P,Q67R,H75P,H215L	-2.52195425908861
Y37H,E109G,N144S,F163L,I169V,D188G	-0.9570035963538622
V66A,K99E	-0.09945772857599217
F128L,N147D	-0.18124302327016434
E15G,H23R,I121V,T201V	-0.5174560632387925
I126F,I159N,K212E	-0.8840096363636439
F82L,Q182R	-0.27374570539337423
E3G,N21S,T57N,N147S,N168S,V217D	-1.9917922603285247
G132A,H167R	-1.8193538612178053
F6L,H75L,K77R,G189S	-0.6466367464022325
E3A,F97L,E170G	-0.02069944420613776
E93V,L192R	-0.3375131121183096
E15Q,L16R,Q67R,N210Y,M216T,I227S	-2.5164352897709548
V10A,P56S,T95A,D101N,I165N	-2.1806513062082473
K111R,Y149C,M151V	-0.29941873369986044
V91A,K138E,N183S,S200N,E211G	-1.9210656284940044
T116A,N147S,K164R,Y180N,H229R	-0.47012794318519846
L58P,N183S	-1.7526031421987969
E4G,I12F,H75N,N103D,F112C,P209L	-1.9298088025387556
E4G,K77R,E88G,R107H	-0.501019225895125
K24R,T41A,E130G,D131G	-0.22079505526285567
R120C,V148A,K212E	-0.37018030374275385
V27A,E93G,K111M,Y149H,G158C,F163L,Q175L	-1.8301270830413214
K1R,M151L,L192R,Q202K,F221S	-0.4701807833962597
E93G,D100G,N162S,N210S	-0.5014663883264344
V66M,N168T,N183S	-0.333279976801052
I96T,G114D,N142D,F163I,D214G	-2.294772833920195
L5P,N147I	-0.5262250626647138
I126F,V148A,M151L,T223A	-0.33703478409731247
V10A,L62P,E122G,E233G	-2.0551245331147974
D17G,Y37D,L42M,K105R,M151V	-0.6945311730335311
E3G,I12F,C68R,N147I,N183I,P190S,L199P	-2.536235283249059
E3G,N21S,L62P,Q78L,Q92L,I96T,T228A	-2.2819528898151673
V10A,S70C,F82L	-0.7801579548084816
I45F,N162D,Y180S	-0.451373483827476
K154R,A224T	-0.3302056272844487
E3V,K50R,T60A,Y149L,M151K	-0.726725658359519
D34G,E109K,H197R,Q202R	-1.9606709691790656
A204D	-0.3756929659530105
P11S,F98L,L205P	-1.6771322178153913
S26G,G89S,A108T	-2.1690034477406597
F6L,K164R	-0.10043367887504806
F44V,S84T,E122G,I126T,L193Q,H229P	-1.268081284876678
N157I,K160R	-0.15823986664458795
S26R,E113G	-0.5300217125426151
D100G,I134V,N147D,Q155L,V174E	-0.5969073828699395
H23R,V91I,Y180C	-0.10699490048175879
H79R,F97L,F112S,Q182R	-1.5878747220581155
C68R,E113G,K164Q	-2.0342554585735364
K1M,F69L,N142H	-0.38182444353590356
F6I,M151T	-0.39682371058067
L13Q,V91A,F98Y,D195G	-0.37943838541993136
N21D,L58H,T95A,H179R	-2.6422908660769635
D17V,S26N,S145R	-0.08790264825763136
V27E,Y37N,Y72N,E140V,N144D,H146L,H167L,E233G	-2.3293962933947956
E122G	-0.23177278573246113
N196S,K212R	0.1894501620392886
F6S,I159V,Q181R,L192Q,M216T	-2.3440289122597564
D80N,F112L,K212E,D214G	-1.6931724856866495
N157S,N162S	-0.03531005405914796
N119D,M151R,G230S	-1.051759945633897
T116A,Q182L,K207N,E233Q	-0.3190528967603745
I45F,N103S,K129R,H146L,M216V,T223S	-1.463415136807413
T7S,E130V,E233G	-0.010688626705557036
T116S,N142S,N196D	-0.11872826258066721
D17G,Y141H,Y143H	-0.4346790768036239
V59A,D74V,M76L,N157D,H197L	-1.756060353161418
K39E,Y72N,F128V,K156M,D232G	-1.842191685511299
F44Y,I126F,S173G	-0.09191821718325496
N168S,D178V	-0.4220645125243186
L13R,L58H,K77R,K99E,K105E,N144S,I150N,I169N,Q182R,L218Q	-2.0541021168702223
D115G,Y180F,G187D,E233K	-0.17441367420625192
K39M,Q78R,K105E,I126T,Y143H,N157S	-0.801326592629849
Y64C,H75R,A85G,M86L,I96V,K138R,H229R	-2.180095579505508
K39R,K129R	0.055053076406414915
V27G,I126T,Y149C	-1.5533681156825918
E3G,T41A,L199P,N210Y	-1.620321579862784
S173R,G189D	-0.09222195227611
K129Q,K160E,S206G,M231T	-0.4640186126331227
F6L,S26G,I121V,K160Q,L192P,N196D	-0.956657295298878
K50R,L193Q,S206G	-0.2682278266353717
N133H	0.10214868825227716
I12N,E113K,G132S,K207N,I227T,D232G	-2.1888128731291374
N21D,D232V	-0.07064556184322693
D115G,N133D,M231R	-0.1671026748918446
H79L,D131G,T201I,D232A	-0.3494507500460569
D74V,S145G	-0.3326557142146651
K138E,N162Y,M231L	-0.3272568308546893
V27A,K77E,D80N,P190S	-1.9207219578024715
N133D,Y143C	-0.3086877090249901
F97L,M151T,N196S,M231K	0.03685861414305525
L62P,K154R	-1.6246273338791384
F25S,D34V,W55R,F112S,I159T	-2.8174686837328182
F128L,Y180H,L199Q,V217D	-1.4723112626520956
T47S,K77R,K83Q,Y104H,N142D	-2.1611564412914066
T7A,K43R,L62P	-1.7869936118348217
I12F,L123R,L135P,H167L	-2.7945533987776234
K156R,Q175L,I186F,N196S	-0.049034511731418595
T48A,N183D	-0.6498191569985319
F112Y,Q155L,F221L	-0.15576020098560775
F44L,N133I	-0.3996967396797128
K83R,M231V	-0.7664619482508319
F81Y,K160R,S173G	-0.5031551038270903
F82Y,N147S,F221S,T228A	-0.39565533484122584
V27A,T48I	-1.55741966560151
K105M,E130V,H146Y	-0.45828295523680884
L62P,V66A,N119S,F128Y,I169V,M216K	-2.302763836668028
P73H,R94C,L139Q,D153V,V191M	-2.514768347511046
K105E,E170G,E233G	-0.1502690769332339
L16Q,V20A,K50R,L192P,D208G,H229L	-2.603241008792345
K39E,N196D	-0.15764322652479312
H75P,T116I,K156R,Q175L	-0.3294621130703181
K111R,D131V,Y143C	-0.25585304307775436
T95A,K111R	0.016207462534769956
N21K,F163Y	-0.46332670154251154
Q92H	-1.2735832313653126
D100G,R107H,F221L	-0.3607141748543181
S84P,K105R	-0.5247420071673973
M76T,V174M	-0.3884421569671256
K39M,V174A	-0.13499336745678422
V10A,F69L,F82I,K156E,L205P	-2.5328659112622307
K111R,S203P	-0.7425822344004913
D100G,Q182R,N196D	0.08821641333793268
F6L,L40Q,P73S,Y149N,I186V,Y198H	-1.7692819000924482
V20A,K105N,E113G,I134T,Q181R	-2.6445581856951303
C68S,M76T,K77R,N168T,N183Y	-2.2279685574627166
K24M,I134T	-0.6985157465079275
F69Y,E122K,K156E	-0.49642892140091877
H167L,N196D	-0.19290600818758732
D34E,P190L,G226E	-0.24690570010579038
T116A,N144I,Q202R,T228S	-0.4448423592492323
L13P,H23R,C46S,N144S,N147S,H167L,Q182L	-1.6689586785009685
E3V,D19V,H23Y,S26G,E113D,K154R	-0.7408039144740738
G22S,S84A	-0.47605056375572685
H137R,F221L	-0.1627773832816639
N157Y,F221S	-0.39500525166121925
Q67R,F98L,D101N,N103D,Y104F,K111R,I121T,F128S,K138E,V161E,F163L,H215R,L234P	-4.248543696807141
I12F,Q78R,F81L,F82Y,F98L	-2.1357749839066513
K77R,L139P,I150N	-1.8559733217623815
K99R,D115N,K129E,H137L	-0.562441796251866
N133D,L135Q,K156R,D188G	-0.5670538011591516
L42M,I45V,K111E,N133Y,M151V,D195G,E233G,L234M	-1.1768108506728547
N142Y,K160Q,T228A	-0.12495243321759193
T41A,T61S,N162Y,I169F	-0.564967934802971
K124R,Q175R,L218Q	-1.4448368040656272
T48A,V91A,F97L,K111E,Y141H,N183D	-1.8306717220052577
E30M,M86V,Y90N,K138E,T223S	-2.274058727989187
K129R,P190H	0.14965314346606653
N133D,A152S	-0.13234448615686265
R94C,L139P,Y149C,K160R,I169N,L176H,Y198N	-2.152465879240012
V9A,D101V	-0.9097393454665769
T41A,K129R,E130G,N133D,D178N	-0.3472622670610521
T116A,N133S	-0.2836182925235195
E93K,M151V,V161E	-0.24971445333144515
K77E,E170V,E233G	-0.35428464797703835
K83Q,K138R,K154R,K160E,F221L	-1.4739905519447802
N103D,Y149H,T201A	-0.47934949740899474
E4G,K24R,M76L,K138R,I150V,S200G	-0.6574027985470454
I121N,K164E,D171V,N183Y	-2.2097430259460693
T201A,A204T	-0.03111809779828914
P73L,K105E,G114A,E122V,Y141C,H146L,N162D,L176P,V191A	-1.94132162008161
K1E,T47S,F81S,S84P,T95S,N133D,K156M,Q181R	-2.5540632760651025
N144D,V174A	-0.05332036603138325
V20A,Q155R,K156E	-0.6443552675781181
F69L,I134V	-0.11037962666679707
H167R,M231L	-1.4746037910834235
I45T,T61S,I96V,E170G	-0.543684368358293
L13Q,Y104C,I134V,H137R	-0.952445537054161
K24E,Y64C	-1.7325978612950634
Y72H,F112L,I227T,T228S	-1.3387161593200523
K124E,N183D	-0.5831569357051433
K39E,K111E,L135Q,K212E	-1.170951036630563
T36S,T116A,H137L,L193Q	-0.9919081981599089
F6S,I96S	-1.3254674824327073
F6L,K43R,I159V	-0.47315818332976495
V10M,I45V,M76L,F112L,F128S,K156E	-1.7586860052049809
G33S,T61A	-1.1390365796946433
F44Y,K105T,Q175R,N196D,H215R	-1.9170355525790193
F128S,Q155R,K212E,L219Q	-1.3501718504201843
H79L,F97Y	-0.06297859022213094
N142D,K154E	0.08237365656768339
F82S,I96V,M216L,G230S,M231K	-1.739853691614642
L5P,Q78L,F82S,E88G,E122G,S173G	-1.641124691469306
Q78R,F97L	0.01287722944903813
T41A,F97S,V174A,A225T	-0.20802571547269794
S26G,K83E,Y180N,M231T	-1.6093677389641803
N147S,V148A	-0.25820641769907193
F44L,D131G	-0.19956768859749113
I169T,I186V,L193P,S203P	-1.162050873969914
L16P,D74G,F112Y,K154E,N162I,Q175E,V217A	-2.199510291612335
L16P,Q67L,Q182R,N196S,H215R,D232G	-2.3087678065295205
K83R,S145R	-0.8498612144867448
T95A,D195G	0.0377815292993602
L42P,I134T	-1.7853469319423454
K105Q	0.12857541305289757
S63P,K99R,N210Y	-1.7157946968355287
T47A,D115G	-0.19681106621030386
V10A,L42P,K105M,N183S	-2.1055235641410124
