variant	score
V2Q,E15G	-0.9435972299956803
D13S,R20Q	-0.11783787893928388
N29G,G44M	-1.1377361514030289
F6S,N49V	-0.19309958616537554
M27W,N49Q	-0.1885374426227612
Q3S,T43V	-0.4609138413998075
A4V,Q42C	-0.9088580742371613
D7E,H25G	-1.117651219517972
Y1G,R20V	-0.6021394266677194
T43R,N49A	-0.10474027341486412
D31R,G41L	-1.2313487337022786
M27T,T43E	0.11879608198014263
Y1H,C39E	-1.0747280523984757
G37D,M45V	-1.0387183351776121
F6L,T52A	-0.28132127557829917
R20M,G41Q	-0.7465815980764636
Y1T,G41L	-0.8540558147298092
V2K,T43P	-1.380553149538557
M45W,N49A	0.29670473977296147
D22V,T43M	-1.0607936340162827
F6A,G44L	-0.8921667174320601
T43K,V54S	-0.14639067241410736
A4S,N49E	-0.6499763238063289
Y1E,R20C	-0.4611074413505472
Y1P,T43C	-0.6314265132257915
D7K,K36W	-1.0893886007999045
Y1L,T43E	0.2200035364143514
D9V,Y50G	-0.834624305926978
T0S,G44T	-1.0436228495859237
A4N,R20A	-0.9842476683377483
G44W,V54L	-0.9678654504580165
Q3L,N49S	0.05840146395578055
Q3S,F18I	-1.2967346319785273
Y1P,R48I	-1.0050366826532395
Q3K,T43H	-0.28747335339302704
D22G,T52V	-1.0556767360056258
A4E,Y50P	-1.28151134060683
Q42R,N49C	0.09917660666737757
M27S,T43C	-0.3558104317906402
A4H,M45D	-1.370257592275845
R20G,M45I	-0.45344030143373726
Y1F,T43P	-0.9507634967056295
V2Y,M27E	-0.14689750798531365
M27R,N49T	-0.2809809695602838
M27K,N49M	-0.3084422153808022
W35L,R48F	-0.9057444094556011
D28A,P47Y	-1.1352508857959163
N29M,G44C	-0.8718296197509672
R19S,V26F	-0.9798832830890687
Q3T,C39W	-1.0958875955383538
C39E,N49R	-0.8485026695710063
P10W,G44E	-1.289049292151456
T43P,N49F	-1.1273165701096042
Q3G,M45D	-1.3451942878357386
R20M,N55F	-0.4382964347836249
G21I,F46E	-1.2666147340214444
D9G,G44H	-1.3145807125715105
V2N,W34L	-1.0570105417766562
M27T,V51Y	-0.9425031799045063
Q3M,A38G	-0.5229963245096669
M45R,T52E	0.08649788018115598
W35H,Y50L	-0.6539959334901508
V2S,T43V	-0.6043571571619727
Q3H,R20W	-1.2520216073312698
R20M,F46V	-1.0209777000617895
F46L,Y50L	-0.7660002975849818
D9E,R19M	-0.18285659967204915
Y1C,Q42G	-0.5762814716274907
R20L,W35G	-1.2254115539691999
D9S,V51I	-0.6891749127719405
W34I,P47F	-0.7699498628482948
Y1K,A38D	-0.2526747202225671
Y1E,E15D	-0.3047873994905856
Q42K,P47G	-0.7009016522513343
V2M,H40S	-0.7908341504165171
Q3M,N49Q	-0.08459110042899236
R20H,T43W	-0.9217455013074117
G21E,R48Y	-1.2853620301728526
R19E,K36C	-0.5600408034790099
A4P,T43M	-0.9929221282868566
Y1Q,Y50S	-0.47599202526827267
R19A,T52S	-0.4058465900917848
F8L,T52V	-0.5350012569069241
T0G,G44W	-1.0404340654846116
A38R,T43K	-0.16759277805295358
A4S,Q42L	-0.9878122385689949
D9E,I24G	-0.9470976165249415
V2R,P32A	-1.0516297631221232
D7G,G44S	-1.2981882860503426
W34A,G44C	-1.153182839274564
Q3R,M27S	-0.2914787966174786
V2N,Y50L	-0.8347247621105458
F8W,G44R	-0.9878313816629216
Q42W,G44D	-1.1777179137768221
M27W,T43Q	-0.2243983637575252
V2H,W34R	-0.6303777510289463
R48W,T52I	-0.8327906647157668
A4S,C39G	-1.3393217951594485
M27K,Q42C	-0.20354562483714228
M27T,P47L	-0.6072865283244057
T43C,V51Y	-0.9332171068037617
T0R,F6L	-0.29812378520728267
F18R,T43E	-0.9398177722850033
D28Y,G44V	-1.1939910023284508
D9G,D22W	-1.1567892220428093
F8T,T43L	-1.1365357202139934
H25G,G37V	-1.314735507591054
F8G,R19K	-0.8363458660367931
Q42C,Y50S	-0.4358522965558063
Q42G,P47I	-1.1381091064236097
V2T,G41E	-1.0756033556459506
Q11V,R19M	-0.45650838261236176
Y1N,D31E	-0.8238949297546445
T0I,Q42P	-0.9354749556400896
Y1G,F6M	-0.7751642896934914
H25V,N49V	0.0008978041121946723
F18V,G44F	-1.2731013030919875
Q3V,F18R	-1.058699126042432
Y1F,D7K	-1.0611885457266688
M27R,R48K	-0.2870997114085847
Q3G,T43S	-1.0481090410471539
A4C,P47G	-1.3335438859857753
D7A,Q42T	-0.9118533757119957
E12G	0.026135595652767084
C39K,N55V	-0.7490195163359148
F18G,N49D	-1.0576455581964557
Y1G,V51S	-1.2526358732763505
F6A,G41E	-0.5615821157041938
G37L,R48C	-1.0616743897562126
W35G,T43G	-1.2849948548110866
A4E,K36Q	-1.1687559313811882
K36G,N55P	-0.9039224263097448
P32E,R48C	-0.026188761186701246
R20V,T43Y	-0.19702279178409443
V26G,T43H	-1.1470634510429094
M45R,Y50L	0.20390139188311673
D22M,G44C	-1.2363603356228068
G21C,T43R	-1.1694433629708916
M27A,Y50G	-1.2194903144393525
V2F,R48T	-0.38937227513307404
Y1C,Q42N	-0.09731153288656963
Q3G,C39G	-1.4058014395196379
Y1H,G44R	-1.1104029878533463
Q3N,R19W	-1.3304151332154759
N49G,P53G	-0.0029972000964444794
M27L,R48N	-0.17048544191576773
F8G,V26G	-1.3031989498868937
F8P,C39G	-1.3699553730740137
A4R,R19K	-0.9624852328937681
Y1C,T43K	-0.16423960050970637
Q42W,F46V	-1.2336324523387416
F6R,P47D	-0.688044387048838
Y1F,W34S	-0.6109998213638238
A4Q,G44V	-1.2456933498345992
T0Q,T43L	-0.25097176587495407
V2D,G44T	-1.2674812671465125
F6V,Y50R	-0.06690538298869865
M27W,P47R	-0.6366477234389833
A4H,M27V	-1.0119369713138613
P10H,G44L	-1.2294014121571655
Y1S,E12F	-0.5023005708669375
R20G,R48H	-1.0093778131722375
Y1C,R19E	-0.3957255683800565
D28G,C39G	-1.3238859682519466
G17W,T52S	-0.12008931677323302
D9V,T52L	-0.15243430832055196
W35L,Q42N	-0.3406042158668444
Q3K,D9E	0.08433535764584806
Q42T,N49R	0.061684775117462315
P32F,N49R	-0.46409452702994763
W35F,M45G	-0.9272117008280096
R20K,P47G	-0.6301607041456526
R19L,Y50T	-0.9416239191232045
D22G,C39R	-1.266626283119947
R20L,Q42A	-0.627756242903315
E15G,Q42A	-0.2729315082749071
F18A,M27Q	-1.0176617617517982
P10W,R20G	-1.2865994790218105
N29F,N49G	-0.38826108942084864
Q3S,G44R	-1.3341533295016856
C39A,G44V	-0.9837319623130046
D9A,F46G	-1.1250587229470228
F18A,W34G	-1.2492898318098873
D9V,N49K	0.2019669129441391
H40W,R48G	-0.9581274213278101
Q11V,M27R	-0.5027343829954662
M27P,N49K	-0.775101045923103
D22W,M45A	-1.010089069608712
A4S,Q42A	-0.9022035009585145
W34S,F46G	-1.1089749262808062
M45L,P53F	-0.11213770837272198
Q3K,T43A	-0.20948026201972675
W34P,G44S	-1.2976381691416226
V2S,R19D	-1.2539440997349567
D22Y,Q42P	-1.4228736383294556
Y1Q,N49R	0.07335688941319854
F6A,T43W	-0.5561056711361332
R20W,T52K	-0.6693156877397427
E12W,M45G	-0.7274996743518685
R19K,M27V	0.1846050650477253
Y1K,N33G	-0.39097152445294425
P32A,T52E	-0.13563707066151903
Y1C,M45E	-0.5431115595632579
Y1R,Y50F	-0.08247841905047006
A4Y,G44K	-1.3684689277464277
R20V,G41W	-0.8909299054957545
R20A,N49T	0.2196291672463394
Q3Y,R19V	-0.8169705046512754
D7L,P53R	-1.1868146405996283
M27L,K36L	0.0018863740236030532
V2Q,V54W	-0.8214083928991313
F18W,T43W	-1.3215144913285852
T0N,G44W	-0.9758898078916036
A38G,P53S	-0.36843537221903677
G41L,V54W	-0.7966195701636188
D28K,T43K	-0.9279683133845071
L16G,Q42K	-0.9508714254922132
A4Q,T43V	-0.9293803104288328
R20G,P53T	-0.6413455992394649
D9G,Q42M	-0.7723819777303664
V2G,F8A	-1.2711231194563148
E12D,G44R	-1.0551858477549576
A4L,G44R	-1.3641491872863818
W34D,M45Q	-1.0691571180927373
R19M,T43G	-1.0484601306057493
E15R,Y50H	-0.31946655402618396
D31V,V51M	-1.2882671916396125
Q3W,F46W	-1.2164594501740054
Y1R,Q42M	-0.126740552067232
D7A,T43F	-1.0754532745225915
C39R,N49G	-0.406128833210698
Q3I,M27K	-0.5172515601531548
Y1H,N55P	-0.3315214918016511
A4K,D9L	-1.2042543208140497
Q11L,C39W	-1.0502587145462738
D9F,M45G	-0.5920304973700586
A4W,N49V	-1.0343267068826858
A4G,I24W	-1.2362437852357018
D9L,Q42V	-0.2805932886051473
Y1G,G21R	-1.316450682836241
D7M,R48S	-0.8478204661985456
F8G,R19A	-1.1361547193590487
Q3S,W35G	-1.2721500548463103
M27A,T52R	-0.46435702285627445
F18G,Y50F	-1.0988397188031613
V2K,D31L	-1.2212248984174914
Q3M,F46L	-1.020564513972828
Y1N,T43P	-1.0765372517782832
G21V,F46W	-1.2557058391532312
I24G,T43V	-0.8563086158535894
F18E,N49A	-0.9028441668493186
P32A,G44M	-1.041458907661976
R20G,V54Y	-0.6269523438398696
Y1H,P32R	-0.3920490069418574
Q42T,P53A	-0.2527694105773197
D9R,D28E	-0.4787523384000286
F18G,M27K	-1.157496511883184
Q11M,T43G	-0.9880519499332087
F6G	-0.5038157491854707
T43E,N49M	0.017621666848150412
S30G,T43K	-0.6061592579851856
F8L,G41S	-1.0454890984993428
R19G,H40N	-0.49828697185377285
Q11R,M45A	-0.4173689429606109
Y1H,T43Q	-0.15714399368141505
G41D,R48N	-0.9455197240727399
F6W,P47A	-0.8637373640936542
V2N,T52G	-0.9290616020696879
D9Q,T43G	-0.8546674957955079
Y1K,T43G	-0.8572705116028132
R19F,M27G	-1.183515034899215
D28W,Q42F	-1.1291378812117705
Y1R,D22I	-1.1221058907853416
D22L,N49M	-1.0704065781513092
F18L,N49L	-0.7294872105805714
M27W,G44C	-1.0719950098819702
V26Y,R48V	-0.8990758658139719
R20E,V54L	0.07431725120217506
D9E,R19S	-0.05894159080750096
D7H,M45G	-1.0225290360027617
F18C,D31F	-1.2854689783850632
D9I,M27R	-0.48263487477384187
T43L,V54T	-0.40445027687766166
E12V,T43W	-0.6629324874170133
D7V,R19W	-1.2753967935391386
N29V,G41Q	-0.9344274763246616
E15S,G21R	-1.1625802786019102
A4G,G41Q	-1.1099787522995563
I24G,T43P	-1.353143710552025
E12R,G44L	-0.97887403830489
P10C,T43R	-0.8630173522347171
M27V,K36R	-0.11181963634867727
D31N,G44Q	-1.0962226607401875
F23G,Q42R	-0.772292004656541
H25V,F46C	-1.0491316958707981
A4C,Q42K	-0.8460312059979278
Q42T,N49K	0.13493586938542118
T0R,F6P	-1.152883472849318
G21L,Q42M	-1.0367872084872898
V2G,L16V	-1.281010379374268
Y1L,W34V	-0.0773566389797658
G21R,M45V	-0.8922402647549406
Q3W,P47L	-1.0452688511602908
V2C,T43S	-0.27870209683512226
Y1P,R19I	-1.0515379003792082
G21K,W34G	-1.3455321934554385
A4E,V26G	-1.321666040238895
D7G,P53L	-1.0406921860171245
V2L,R48W	-1.3051131716692903
G41A,Y50W	-0.9252195498808418
G37V,G44R	-1.282238134823328
G44V,N49K	-0.7167459105371952
V2N,G44T	-1.326999170185637
D9C,M27A	-0.6350953456887339
R20A,W34T	-0.20787485394158978
F18K,T43M	-1.0724435554662888
K36Y,R48C	-0.2859314422383835
F6R,V51G	-0.8847048702502076
Q11R,G44F	-0.9603709089504462
F18A,N49A	-0.7822584453488463
D9E,P47I	-0.7820997342595833
R19C,Y50R	-0.40520692360641236
M27L,R48P	0.10417874899631575
G37T,G44T	-1.1769418563444787
P10L,N49V	-0.9321573650258643
Y1G,R19T	-0.9022993288847055
R20G,P32T	-0.8347397546364499
A4R,F18D	-1.1938108228860933
K36W,Q42V	-0.33636682291054515
G41R,M45G	-0.9643691810538739
V2Y,G44M	-0.8651841492273648
M27G,C39R	-1.208308602282331
G17V,C39N	-0.9537616621352036
E12A,N49L	-0.2056036249241338
F18A,N49H	-0.9644935866180752
V2M,P47Q	-0.8523796925111613
Q3Y,M45R	-0.17912377241177652
G44V,Y50M	-0.8648093445663482
V2R,C39S	-1.2613722907584939
I24A,Q42E	-1.051359662206519
D13G,T43G	-1.1603277671808174
D22S,Q42V	-0.8911371726781652
T0Y,G44Q	-0.9995772561092001
V2D,K36R	-1.078798855718866
T43E,Y50C	-0.08899388377424096
A4P,C39D	-1.3236427642198219
F6W,T43Y	-0.4193698075873617
R20P,T52R	-0.6601819749466259
M27E,G44D	-0.9178383942224579
F6G,M45C	-0.7659625416822806
M27G,M45Q	-1.0594792326895788
G21N,W34Q	-1.0197829016686928
K36M,Q42M	-0.3531775527413751
Y1G,P53A	-0.6988225610920054
V2R,K36E	-1.0962082884322981
R20G,Y50T	-1.0448969566014688
V26K,N49D	-1.0265232191853013
M27L,W34R	-0.02942475392424744
M27L,G44L	-0.8017068958488356
D9G,V51F	-1.1810888161039743
M27T,G41M	-0.8033075421927398
Q3K,K36M	-0.1707632199056754
K36G,Y50Q	-1.2625889267674244
F6V,M27T	-0.14456083404932898
V2K,M27L	-0.8194911455750398
D7Y,Q42L	-1.0133453396803673
M27R,Q42E	-0.4490661920098756
K36G,T43S	-0.8986697622368329
F6G,K36Q	-0.7661623617966333
A4F,I24V	-1.193982600377117
G17S,Y50F	-0.06503724483493524
H40R,R48P	-0.1433630499675378
V2A,T43Q	-0.10987386436613014
R20V,P32A	-0.20105677017285037
M27V,W35A	-0.8840458831211057
D9V,M27W	-0.2970291812866926
E15V,F46G	-1.0173438016414655
V2R,T52I	-1.0417808798580679
M27G,G44R	-1.4098670236802928
W34I,G44D	-0.9286554517018253
T0S,T52K	0.17883752804217434
Y1C,M27E	-0.20271327879244064
Q42P,F46L	-1.3759278607923822
D7C,R20D	-1.360697744326558
T0Y,Q42W	-0.6538429738561778
D9S,M27R	-0.6012883897186317
D28E,N49M	-0.3193166655680517
Y1L,G44A	-0.7978662013372342
G37S,M45C	-1.135981271951821
F6R,G21V	-1.0084998822459195
A4Q,G44C	-1.29593879029711
W34R,T43D	-0.8056246786688875
V2I,W34V	-0.814374709727665
T0Y,T43G	-0.8583155935804729
F6L,M45R	0.039304095257648664
G17V,M45K	-0.2150027328331421
D31G,P53S	-0.4962832483333274
L16N,M45Y	-1.0915239090062685
G17V,R48W	-0.9857420026166572
F6K,K36G	-0.6874281702944968
V26G,Q42F	-1.0974749757522133
E12L,F46L	-1.07739450688233
G17N,Y50S	-0.778175465520198
F18Q,Q42S	-1.1482460421636638
G37M,M45T	-1.0889147514213535
R20C,D31K	-0.963382532235348
T0M,M45P	-0.9102283744884622
M27C,T43W	-0.8975515907451856
P32R,G44A	-1.0744428707877702
Q3L,W34L	-0.5140124818735525
E15F,N55V	-0.5057417217284054
I24V,M45G	-0.872272771549234
N29L,P53F	-0.5435836764535193
Q3S,Q42F	-0.8177233290142073
D22L,P32M	-1.196164060021351
D9A,N49I	-0.31876561419985977
R19G,F46M	-1.2121412864772445
Q42C,N55G	-0.273033463734755
M45D,T52R	-0.6501312088399569
F18S,G44E	-1.2770515532604192
P32E,M45V	0.014024587058950152
V2W,F6V	-0.4497702878028607
R19E,W35G	-1.0511672172308117
T43C,R48W	-0.8234720201136116
R19G,S30E	-0.8579534766995558
N33R,C39I	-0.6602288572574787
G14V,G41E	-0.8951845187061614
D22P,T43C	-1.0210777109589482
D9F,N49W	-0.15936432437530032
N29R,M45G	-0.44517389209195174
G44K	-0.9747624420350499
H40N,Y50C	-0.2776816523451122
Y1P,G44M	-1.3154437316279517
V2M,P53E	-0.46670568811592694
T0M,R20V	0.029965930363748432
T0K,G37V	-1.046492439628202
G17A,S30E	-0.34008715422041574
F18K,T43E	-0.9276733174913516
D22A,V51C	-1.020455306407914
D28E,Q42G	-0.7246351970658702
Y1E,G44P	-1.1363199274399074
R20W,Q42Y	-1.0696762910559845
D28G,Y50H	-0.8858100927203387
T0V,D9L	-0.2739016936603367
Y1L,G37L	-0.9827155106702715
M27D,P47N	-0.8385718674262486
C39R,G44M	-1.2456355894968723
V2T,Q42K	-0.6164557894116183
D9R,N29C	-0.39095248187709425
G41W,Y50V	-0.9447976642618581
D7L,N49S	-0.9232323652468402
G37E,N49P	-1.2899915885821696
T43A,F46R	-1.1147438181535991
R19V,T52V	-0.43321508847981266
D7S,T43K	-0.7126530639254439
D31A,R48S	-0.3698355447868333
D9G,Q42T	-0.7550239549478283
A4H,N49A	-0.9334698190836379
Q3I,W34G	-1.182226989203628
F8L,G41R	-1.0451305260881192
P10W	-0.9392990187420985
V2Y,P53S	-0.05396632838614992
Q3E,M45Q	-0.48385978298805443
D7G,P47R	-1.0357133838637704
R19N,Q42W	-0.8185950828002306
Y1F,R20K	0.22416331679777318
F18K,N55G	-1.1723033950767476
M27K,M45Q	-0.5034438068630444
Q3W,Y50G	-1.1770324940474568
R19N,M27P	-1.1592530241111976
R20Q,Y50P	-0.9766539856538992
T0M,F8Y	0.029736499751880485
D7K,N49W	-0.8222538145375596
E15A,K36V	-0.3929569197148815
D31A,T52K	-0.4212793948000335
D22R,G41S	-1.323971778293461
P10S,M45V	-0.2348863962276127
Y1N,G41K	-0.7637265567854767
Y1S,F46E	-1.1645926808696376
T0H,F46G	-0.9662924059342286
F18A,K36R	-1.0508255215085893
W34Y,G44W	-1.0399223443938146
C39V,Y50T	-0.7966887148449542
Q3C,G44K	-1.0446942719014691
I24T,D31V	-1.2055086384402713
R48F	-0.6127645113115288
F18E,T52R	-0.9852401296662168
G44A,Y50M	-0.8452250833931785
E12W,T43L	-0.668400722665576
V2Q,W35F	-1.247665692476146
W35L,Y50C	-0.43816272691536506
R20T,S30L	-0.8877168013101101
K36A,Y50L	-0.4534122813053492
Y1P,T43A	-0.7672735299218195
Y1G,V26C	-1.1963446358009697
V2R,P32G	-1.1727165729982596
D28A,G44N	-1.2784174074335652
I24R,K36W	-1.1632829820446489
G37M,N49G	-0.9751080424990786
M27D,P47G	-1.252347607423608
D9V,T43L	-0.21652835280003285
Y1I,Y50G	-0.6999047476686318
D9G,T52S	-0.7572896514325788
W34A,F46V	-1.220624661474833
Q3L,T52M	-0.15137762234119229
M27G,G37L	-1.4358148091000718
Y1S,K36E	-0.48549350075652464
K36G,T52R	-0.6536840718059189
R20K,P47V	-0.686787797503493
R19C,Q42Y	-0.5721582455875516
F18D,P53H	-1.0761026389106512
D7F,Y50L	-0.8388999237502257
Y1M,T43H	-0.27562012084522913
V2P,F18C	-1.3088181456382408
D9R,F23C	-0.3975377315702391
R19G,Q42A	-0.5040989154968247
Y1P,G41W	-1.1944314128758546
R19F,N49W	-0.4094324090318454
Q3R,D22K	-1.110981543299635
D9R,F46V	-1.0445878991798467
R19K,Y50A	0.05401715829714325
R19F,Q42C	-0.5049386108888778
P10N,Y50C	-0.7185798310216172
R20K,P47A	-0.5057049577727262
W35S,Q42C	-0.8529930404867361
R20K,F46K	-0.8334077915796988
F18T,F46C	-1.2749245027984524
A4G,N49V	-0.6697176203387317
R20V,M27D	-0.616653092463345
D22V,G41W	-1.3066821213146789
V2S,D7R	-1.2936685982894298
Y1P,W35V	-0.9159175464547034
A4Y,N49L	-1.0903261818897216
G41V,Y50V	-0.9911973934489519
W34G,P53E	-0.9584231750648311
Q3R,R19E	-0.2378476618890043
T0F,G37L	-1.0040020432842838
D22G	-0.9834609849768818
Y1P,M45T	-0.6354763108975969
Q3L,G21V	-1.1041781705282387
T0I,N49A	0.15097960903765334
M27E,G44K	-1.0223301158333342
D9G,T52K	-0.38145817953160494
W35S,T52G	-0.8577967429650294
G14H,Q42L	-0.5104817941039308
G44R,P53C	-1.1265952442107194
V2S,Q42M	-0.9249122073245805
E15G,Q42V	-0.24440812497838993
D9W,N55R	-0.46692113421865394
F23A,F46V	-1.1766369054224628
F18G,N49T	-1.0099654084945022
W34Q,N49G	-0.3270273883327079
Y1F,Q42Y	-0.22861426459631118
V2G,G44A	-1.3226044898723024
F23L,D31G	-0.40057403550892356
G44E,T52A	-1.0588498006912637
L16G,P53F	-1.1449630994341309
A4L,T43A	-1.1517905620625928
P47W,V54C	-0.8784624155163085
T0W,Y50C	-0.3957967585161788
D9V,V51N	-0.9886265534542928
D9K,K36M	-0.24211857120503308
L16C,G44V	-1.1811118548443948
F18G,H40K	-1.0314312944934345
V2E,G21C	-1.3284648528252019
D9R,G44F	-1.0360093198103375
T0S,P47E	-0.9158173871460057
D28E,K36G	-0.8851263692072746
E12S,A38G	-0.3898449865276698
V2S,Q42A	-0.8572484730882448
Q3Y,G41W	-1.1065036696553698
D22K,Y50L	-0.9117623046464151
A4S,T43P	-1.3735537992607407
D9E,Y50F	-0.03158729983253066
V2N,R48L	-1.34990468145296
V2N,M27R	-1.2480130493860198
Y1M,G17E	-0.10368068874456178
F6L,H40Q	-0.3958614582269933
R19K,M27W	-0.1046760560778558
T0Q,D7C	-1.0469500788016253
A4R,R20S	-1.1498658061435982
R20K,N33G	-0.1550561969144138
R20V,C39W	-0.9106722558164104
W34L,Q42A	-0.4429232176340356
R19E,P47G	-1.0330777839540606
Y1A,T43N	-0.801856885312624
D7L,G44Y	-1.3811916213263529
Q3L,Q42M	-0.26937773776701035
A4L,Q42D	-1.1442094715634545
D7W,W35G	-1.2622469030827308
Q11T,W34G	-1.0247501602009534
E12V,M27G	-1.0120549360681856
F18N,W34G	-1.255062751257909
V2L,G17R	-0.8559393761300134
F46Q,P53V	-1.068570287288146
V2A,W35G	-0.9663145999598186
Q11M,T43P	-1.0242909816782455
T0W,G44A	-1.0342718262983996
A38S,V51A	-0.45262163147324813
F6A,F46G	-0.9216986154662206
T0R,G44Q	-1.1426661419110609
A4N,G44T	-1.2986701784564563
V2G,V26W	-1.2935489774502449
D9R,R48L	-0.8752389838394768
D9G,R20K	-0.419346627020313
M27W,T43H	-0.5431345238883288
V2D,F8V	-0.9074010383060112
V2Y,R20K	0.16414403953074053
V2W,R48A	-0.13816418445976467
E15G,Q42I	-0.4249317214230109
R19E,R48N	-0.7229848597567154
C39G,V51F	-1.249325781803586
A4L,R20E	-0.9660012482525056
T0M,E12L	-0.21786389284728766
G37L,G44W	-1.2794546277067456
R20L,G44V	-1.254154624169491
Q3A,P53Y	-0.7096328679568965
Q3K,D31G	-0.3964578102949149
D13G,T43L	-0.6322597388802187
M27Y,Q42K	-0.25624434380770483
N29E,G44W	-1.2251837845312694
Y1K,G21P	-1.045313364804655
M27G,V54C	-0.983365010060072
Q3G,G44L	-1.4036908414227907
W35G,Q42W	-1.2005148412029147
D28L,R48G	-1.1598274955472907
D31K,F46G	-1.0883963304732573
D9V,R48M	-0.24221495420223618
G21V,Y50S	-1.1268706607548113
D28K,T43W	-1.2119751225059223
V2L,N49I	-0.9861577657968887
Q3V,C39F	-0.6329034741324544
E12M,Q42S	-0.27332058016270666
F18H,G41K	-1.1883952799688717
R19W,H40R	-0.7038135296996827
V2L,K36E	-1.026160234410094
F8I,M27E	-0.717410506100632
E15C,F46V	-0.9553618473643736
R19G,F46E	-1.2710775630917608
G14E,V51N	-1.195745453447829
T0V,R20W	-0.9273441855244547
I24S,Q42P	-1.3271118689253971
F18V,V54G	-0.9414235608713493
M27R,W34E	-0.9932971391063168
P32T,K36L	-0.414506317459205
T0M,G37W	-1.0796103146922458
P32A,F46E	-1.0728729175357297
T43C,N49D	-0.12714752143060223
D9V,I24G	-0.9839034514234496
Y1H,R20A	-0.011323082606566826
V26D,Q42V	-0.8803299441458752
Q3G,R20G	-1.2867994082305096
W35P,G44T	-1.1389341413905452
N29S,F46G	-1.0675092908324346
T0Q,T43A	-0.24858473212707138
Y1R,R19S	-0.1434860392800862
R20E,W35A	-0.8696229862986735
D9G,N49L	-0.7397406400136426
T0M,Q42P	-0.8279877440632744
G21R,M45R	-0.7009421307891757
V2S,R19G	-1.1263956357105678
P10A,Q42R	0.08514184751287826
F18A,T43M	-0.9270467848344888
E12W,Q42A	-0.4345934380481646
T0K,Q42Y	-0.24540752015436015
D9V,C39R	-0.5578971923219831
G14A,T43L	-0.758503628759152
D22Q,M27S	-1.084685673487849
R20T,Q42S	-0.31322861812176295
R20W,T43C	-0.9390043309367901
R19W,G44K	-1.333861493966543
Y1S,Q42R	-0.12241114378947665
F18K,G44F	-1.2753927008682284
W34C,Q42C	-0.47079371946281445
F6T,M27W	-0.5024156344442495
R19M,H25R	-0.3025011867633383
T0V,G44Y	-0.9870475380203408
V2G,W34V	-0.9652231761540357
F8M,G44L	-1.175779346654316
E15G,A38L	-0.551368150807856
V2A,D22W	-0.8559215070725077
K36W,T52V	-0.31694692287948834
Y1R,F18V	-1.0374131094761723
V2Q,G44R	-1.3104447874299898
V2G,Y50M	-0.8917068419739246
R19E,F46C	-1.1123366674046324
F46W,P53Q	-1.0045697141348255
N33L,T43L	-0.4736479743903186
Q3R,F46C	-0.9983583789831173
F8S,P47S	-1.024955066162827
Q42W,Y50T	-1.0122445375274323
V2G,Y50A	-0.9107489450862636
Y1T,Y50A	-0.04961276967456722
G21R,W34Q	-1.1254852853539161
F6V,T43L	-0.34473249378771686
T0M,R20E	0.11446807748980448
D7N,M27G	-1.125500386167052
F6E,W34L	-0.41695143692181114
V2Y,W35S	-0.8093285698372459
Q42D,N49R	-0.08780275358856929
Y1F,V51I	-0.5311830091638967
D7S,M27S	-0.9344021443163264
D9C,G21A	-1.0042359114826107
Y1P,P53S	-0.5431845395703782
P47T,N55Y	-1.034682103532326
N33A,Q42A	-0.225707587191442
G44W,T52R	-0.9410071696304578
Q3T,N49G	-0.1415053163354158
F18L,T43S	-0.761743761815809
E12P,G44S	-1.2212816707033234
Q42F,N49W	-0.19427628797039295
W35L,Y50W	-0.5207229410621812
D7C,G21L	-1.2326558091997697
F18K,T43W	-1.3123455422454249
T0V,M27Q	-0.1270869119571859
A4K,F46N	-1.20645185096907
Q42L,P53G	-0.2732712076406566
R19Y,P53G	-0.5324199952522213
T0R,V54P	-0.3337520025456373
Q42W,N55K	-0.6890081589584409
F46R,V54A	-1.115842886118097
A4S,Q42H	-0.9214002845662218
Q3A,P47G	-1.2401782585359704
F18Q,R48S	-0.9027795318409004
A4I,N49K	-0.8509314395637546
Y1S,V26L	-0.542094355535939
R19S,K36E	-0.30039913179897637
D22V,W34R	-0.999762020323245
A4P,G44R	-1.325062074736793
P32N,H40L	-0.9857452327097693
R19S,M27N	-0.8072162257194797
P10N,M45V	-0.6833773555823929
E12D,G21A	-1.0219621316235474
T0P,R20L	-0.8063447288206759
D7M,R48M	-1.0878462997556761
D22K,T43G	-1.4492093073543502
Y1G,C39E	-1.265612051228221
G17A,Q42G	-0.4686737028979117
Q11L,F46W	-1.0785822540464385
D9L,P47R	-0.6488020536398591
D22G,D31R	-1.1971825099000624
V2G,G21D	-1.3173668216515604
F18T,N55G	-1.2114338229649704
W34L,T43G	-1.0602319437260355
Q3S,M27R	-1.0193416322230504
R19Y,K36Q	-0.6723920495316866
Y1K,C39L	-0.12011727665046878
R20G,M45N	-0.8523256639833281
Q3R,D31E	-0.5389349432323246
R20M,P47G	-1.0621051405302393
G17T,M27R	-0.5974433086536295
K36E,Y50Q	-0.8007506229213004
T43V,V51E	-0.8758581203438953
F18H,N49K	-0.8234132492301365
G21V,K36E	-1.1364535673341845
F18A,G44D	-1.161063639062518
D9G,R48L	-1.096592936231145
R20K,M45G	-0.21273574972962384
V2F,R48K	-0.16210304812061566
D9E,Q42G	-0.45006881549556277
Q42W,R48F	-1.1029014203603351
G21V,G44E	-1.3128543428069794
D28R,G44T	-1.2947369260442934
D9G,Q42A	-0.6888348987330012
D9G,G17F	-0.7136437311833682
M27A,F46R	-1.2973166558777962
F18Q,Q42A	-1.066056315479262
G17E,G44M	-0.999835237562591
Q3R,P10C	-0.6182919946902339
V2Q,Q42R	-0.7909514167296933
R19S,Q42V	-0.17284359829823906
Q3L,N49L	-0.2476040827205595
G37R,F46R	-1.2404219780935168
G14L,P47M	-1.1477227005425419
V2I,K36G	-1.2472387183516767
P32R,T43K	-0.33436057452396567
Y1N,R19V	-0.6705718104329832
R19E,W34G	-1.0991597736485375
D28E,P47G	-1.0346052783113913
R20F,T43P	-1.3072521635550147
R20V,K36M	-0.1900623295432459
Y1H,K36E	-0.33792111185153795
V2L,Q42E	-0.8778084202886887
F18G,Q42E	-1.0583642947835692
Q3H,M27V	-0.5050078877466646
K36V,Q42V	-0.139246776656709
F18A,N55R	-1.1354326956725411
D31R,N49V	-0.7261099245822096
Q11L,F46V	-1.058968583756029
Y1E,C39W	-0.990126241776907
V2T,R20G	-1.2498076395154145
M27L,K36R	0.02815775511065903
Q3W,R20K	-0.43492333282228424
F18A,N33G	-1.1680951413975555
Y1G,P47S	-1.1589136260403041
V26D,G44K	-1.2057379632662675
K36R,N55W	-0.42800634103375046
Y1G,Y50L	-0.6032124642028417
F18K,G41T	-1.3684469645140511
F6R,N49K	0.21212652301097534
D28R,G41K	-1.1557578833989877
D9W,R19M	-0.5627478891049478
F18A,G44R	-1.2695461042432354
R19S,M27W	-0.4482049156380818
F6P,W34G	-1.2259693823492517
D7C	-0.9981977163253039
T0Y,G14S	-0.4674072454771
V2I,F46W	-1.2149987709542112
A4C,G41T	-1.317786271981702
Q11L,M45V	-0.18735079260154414
M45G,V54F	-0.5506768562250735
F18G,A38K	-1.066122888169042
R20W,W35N	-1.3206679569923523
Y1W,R19G	-0.4334933277065899
S30E,Y50R	-0.48363126969511727
R20E,T43K	-0.014574820399809674
G17T,G41V	-1.061912335488304
V26I,T43R	-0.5399415354598377
K36G,G44W	-1.3768139923862281
D7L,Q42I	-1.2284188899846036
R20Q,N29L	-0.44252544706304997
H25W,N33A	-0.3535927567199254
F6L,G44M	-0.9833079343885993
D28W,T43R	-1.1879395700138076
M45V,T52L	-0.17238112972222885
F8R,M27V	-0.11905625607075282
G37D,F46T	-1.262952825385605
Q11A,V51S	-0.9279196438187081
F6T,P53L	-0.42227930838584016
D9G,C39K	-1.024007293927695
Q11S,G44C	-0.9900167666550946
Y50V	-0.18252176473671278
P32T,A38G	-0.5784778212739689
F8G,P32L	-1.1866691877479687
R19C,F46V	-1.1098856139480167
Y1W,H40G	-0.18542102121939227
G37E	-1.01720995183843
A4M,W34L	-1.0700872142079354
R19F,P47C	-1.101537091704304
A4C,P53S	-0.9699422565653353
K36E,N49Q	-0.11313564383813327
Q3A,F8N	-1.0195011992226775
F6V,T43Q	-0.11646111719985962
Y1G,R20T	-0.7250092097167647
D9G,Q42K	-0.47201736492370966
D31R,P53H	-0.808507555782688
F6R,R20G	-0.5178149419824564
Y1G,W35S	-1.2626646956701624
F8S,T43P	-1.208368354875422
N29E,T43W	-0.8136823850723184
F18L,K36A	-1.1527364601737748
A4T,A38S	-0.8346704424119504
C39G,P53G	-0.9512087193860872
G44L,T52M	-0.9325565613104061
A4G,F46S	-1.2536865205538135
N29S,Y50L	0.01257590880780285
D22F,Q42R	-0.9518094689517269
F6M,V54R	-0.24249445488903895
W35S,G44Y	-1.2491242054100125
G37V,T43Q	-0.9941848540599834
F8Q,W35S	-1.1303069233038108
Y1Q,R48C	-0.03860340411634392
N29G,G44V	-1.084592354563354
W35L,G44E	-1.1295402101437886
D7L,C39L	-1.20543468260298
R20E,K36R	-0.07678281827932779
F6R,G21T	-0.9362928810041322
Q42G,T52H	-0.5551577031591126
Y1A,T43P	-1.2057744883516286
Q3V,P47G	-0.9988422772941138
D7G,Q42P	-1.3638953190844862
R20E,M45Q	-0.27377209880925846
R19V,G44P	-1.2473349114337997
D9S,N49V	-0.1322916954170429
Q42L,Y50H	-0.30159381269114693
V2F,I24A	-1.1171859248048723
R19V,G37R	-1.2368721988811844
M27G,G44H	-1.4208613047514176
R19K,N49L	0.09251473446222143
V2L,W34F	-1.008275983874544
F6K,G44A	-0.7774932563300061
E15S,N49S	-0.19208326831699288
K36E,F46Q	-1.1315635375224158
M27G,C39K	-1.1351456211441295
T0W,V26F	-0.9339314336802145
V2R,F18K	-1.319283535143215
Q3G,Q42I	-1.1308280233993793
V26A,T52S	-1.060645125169756
W34L,G41W	-0.9952472054533792
T43K,R48T	-0.2041899192135324
G37F,F46M	-1.300138982546528
A4E,R48F	-1.341971087101337
Q3T,P47T	-1.0865183655763282
T0W,R19P	-0.9880241160079917
G17L,M27S	-0.6114867355081963
H25R,H40G	-0.2215035198965719
Q3W,G37R	-1.2822899701632569
G44P,N49T	-1.048752922445374
T0V,T52V	-0.039112572006607865
M27G,V51H	-1.3423973380372216
G21M,N55L	-1.1512410879742419
Q3V,Q42T	-0.16497620172048166
R20S,T43Y	-0.30266649758254704
T0V,P47F	-0.8270097679544064
D22K,S30I	-1.3358313921550826
A4T,P32H	-1.0949911946179025
D7W,Y50V	-1.050554088533652
P32R,G44H	-1.1256307765801592
Y1F,M27D	-0.5908152836892496
C39R,V51Q	-1.1774803970045713
Y1G,Q42P	-1.2595167412483892
G17Q,G41K	-0.6683178254633613
Y1W,L16R	-0.9904934813359221
Y1D,C39V	-0.4789821594142896
G44E,T52D	-1.2271610016375774
R19E,G44F	-0.9978074717693484
D7V,W34G	-1.31126736870879
G37W,P53L	-1.1422845079208606
Y1A,F18K	-1.2731079500204983
R19A,Q42W	-0.8410212120901889
T0Q,D22G	-1.0672218011952572
P10A,R20G	-0.5642014993369788
V2S,D7A	-1.2821678065918383
D7W,G44K	-1.398762153189777
D22K,M27L	-0.9268229684045461
L16G,G44N	-1.3028304418798295
M27K,P47Q	-0.779491369604492
Y1W,F8I	-0.6416945686680762
R19A,D28V	-1.158880966044713
M27R,P47A	-1.0924018507133697
T0M,N29M	0.03529615389948602
G21V,M45C	-1.1310414568722673
G17T,T43M	-0.25797917782282964
M27H,N49F	-0.5987490731711871
Y1G,L16M	-1.0828003209228152
A4E,F46V	-1.3275756315035017
A4V,M27Q	-1.0806664178983623
P10V,R20A	-0.6827925335139605
P32S,C39K	-0.8272596918637486
F18Y,T43Q	-0.8791658817929037
Y1H,A38Q	-0.2262168508655845
T0Q,Y50L	0.06581177449622633
R19C,V26G	-1.1859202612410442
D9P,M45R	-0.4013299188942153
T43A,V54M	-0.21792708803108382
Q42M,T52M	-0.13282798061730705
Y1I,Q42V	0.0925851934959188
P10V,V26G	-1.2402234871988391
Q3P,G41S	-1.327339957809592
E15R,T43C	-0.3326026301885927
F18A,P47A	-1.136795465579278
Y1R,N49P	-0.422175530905413
T0M,I24R	-1.104126517206476
W34T,Q42Y	-0.5514143261941111
I24L,F46L	-1.2511718247622352
F8V,T43M	-0.37719673689676625
Q3G,F46E	-1.3975277722734287
A4T,G44M	-1.3460201868878983
R19V,Y50L	-0.2501637958196545
D7M,R48G	-1.1971918627067266
H40P,R48K	-0.9769689626914365
Y1G,R20L	-1.0588747643653502
A4T,R20L	-1.2594406918846661
V2L,G44V	-1.282275531910364
M27R,W34R	-0.6477130377715639
D9L,D22V	-1.2341483229652446
Y1R,G44A	-0.9368187902841283
D9Q,M45W	0.11666959258172002
L16H,G41S	-1.327272563157787
D9V,R20S	-0.13697509636205968
F8S,R19V	-1.0153384880788752
Y1S,T43D	-0.885573960454641
V2W,G41S	-0.7323544317068654
G17S,Q42G	-0.5426283815994
Q3E,C39L	-0.26997720446499684
D7A,T52V	-0.8852466694600215
R20A,G44F	-0.7536301502837581
I24L,Y50L	-0.6558463854625536
T0D,Y50R	-0.12041755128465176
Q3K,I24G	-0.9662583844869814
Q3W,L16R	-1.2564263628613535
G41C,P47T	-1.2944407383826722
W34Y,G44L	-0.9839340769189234
P32H,C39G	-1.122062954102005
P32R,P47E	-1.0347388847035819
N29I,Y50R	-0.35957356485481373
Y1F,D22V	-1.071107374996698
M27Q,G44K	-1.0820916384917862
A4S,R20M	-0.9986573210797153
D9R,D31M	-1.0495709231710093
D22G,G41E	-1.2068796020441226
Q3H,Q42R	-0.3661142197357036
F18A,G44L	-1.2179645842084257
R19A,T43G	-1.0343742593868779
W35N,G44A	-1.2966031290730464
Y1V,P47S	-0.5428189372900463
V2Q,R19E	-1.0583820497892777
M27V,P47R	-0.33287748153362645
V2G,R20A	-0.8338765727627604
E15W,W35S	-0.619580873433629
Y1S,R48Y	-0.8608860642056999
I24G,W34V	-0.8668140896450687
E12M,N49M	-0.22164494402764895
V2R,M27K	-1.1066327626426553
V2R,Q42F	-1.0886891919946038
V26G,A38E	-0.8548290229853588
F18G,H25G	-1.3382999922585588
K36F	-0.2629574342714599
Y1K,P53S	-0.0164919781014172
T0F,F46G	-0.9285169463185963
R19V,T52G	-0.408335442762298
F23R,T43G	-0.8642776442061865
M27I,G44W	-1.030246450318386
A4S,F46P	-1.3188599922399282
T0I,Q42R	0.10714259736244422
D31R,T43R	-0.9615835464545223
T0H,G44W	-0.9503643789136752
D9R,G37A	-1.1364634024967784
Q3C,R48W	-0.8806987616302364
D9E,T43Q	0.0793633622630508
Y1K,T43R	-0.27917460754994083
G37V,Y50Q	-1.2598971184039718
S30E,G44E	-1.2401297202727295
Q42L,N49S	0.0772163608827112
R19W,T43W	-1.0933443607791418
F6A,R19V	-0.4099032018526497
N49I,T52V	-0.24747814422637898
Q42I,R48G	-0.5543365135921337
D9G,D31R	-1.0950900402588766
G21F,K36M	-1.002780575116447
V26I,T43G	-1.0833298616721012
Y1E,D7E	-0.9020154129833108
M27G,P47N	-0.964899374923529
M27G,Q42Y	-1.0160431930891727
A4G,N49R	-0.5904717735402681
C39P,P53V	-1.0719821607817952
R19G,T52L	-0.6797785852249036
F18Y,G37F	-1.3095823201728578
F6W,M45V	-0.1548038509453762
F18A,Q42R	-0.8338226937759384
Y1W,Q11L	-0.15265362807996558
G21E,F46V	-1.2741845413724655
Q3K,M27V	0.04670964234266577
T43M,Y50Q	-0.7803530754817418
F18G,R48I	-1.3702193483183285
N33A,Y50G	-0.9745359664132942
G17L,Q42P	-1.0799164056835364
A4W,Q42T	-1.1394810095668149
M27G,P47C	-1.2856467069244426
D9E,G44S	-0.908007719735257
Y1N,G44W	-1.1500927773886849
G17R,T43K	-0.17169754966686981
Q3R,Q42G	-0.5790367216254819
Q3G,G21V	-1.3981353767866025
R20V,P53R	-0.3131193777024229
Y1Q,P47F	-0.8318469783171321
Y1T,V54L	0.040660368418958294
D22V,G41S	-1.30440156427932
F18S,Q42A	-1.012217659982359
R48V,V54W	-0.10356358670028087
D31V,G44N	-1.3177217741367968
G44R,P53S	-0.9962235749352761
R20E,P47Q	-0.4821329284963271
R20W,N49M	-0.9469620186962711
G17D,T43E	-0.4805205266366353
D9W,K36V	-0.43041115245510364
F18G,M45W	-0.8872484853636052
K36W,Y50C	-0.4848505305840508
M27C,G41E	-0.8462455671431948
M45R,P53V	0.06741296397338842
V2F,N49G	-0.13747179533786438
A4E,G37A	-1.3550586263791415
V2T,P47L	-1.1016464760975289
Q3A,F23G	-1.2578677014647546
Y1F,M27E	-0.0926815992121457
I24S,P53G	-1.0244736896017779
V26N,Y50G	-1.2541515043223472
E12K,T43G	-0.8223839819142439
Q3K,Q11A	-0.06454163501281103
D9I,R19V	-0.42301242371155845
R19L,Q42N	-0.43958028397888843
V2P,V51I	-1.2186983008731433
Q3W,P47E	-1.181219405180689
D9V,P32H	-0.4175728083287781
T43A,V54L	-0.21614813097591656
Y1F,T43Q	-0.016887471243547763
D9G,V54T	-0.6821633864271703
R19F,R48F	-1.0574057968566968
V2C,F46L	-0.975067524036192
R20V,Y50F	-0.10131795985630813
F8I,W34G	-1.2610865936795113
Y1A,F18H	-1.3129357904204155
A4R,N49V	-0.9998630965301898
G14W,I24F	-0.9559605075704481
G37W,R48M	-1.1218532501359613
D9H,M27L	0.05779369010695953
R19L,C39Q	-1.1270528673611895
K36V,T52V	-0.1654220791392944
D22A,D31G	-0.970006080790272
R20Q,H40G	-0.19874142209436393
R20G,V26S	-1.34344288990046
M27S,Q42S	-0.43091383610669487
D28V,G44C	-1.2399744311474243
T43G,P47L	-1.158517385205819
R19W,K36F	-0.9150454448339447
Q3P,R20G	-1.2765623212337074
D22W,Q42L	-0.9309320887383027
D31S,Y50L	-0.39445685525656926
A4R,C39R	-1.2705367052862475
Q3W,Y50S	-0.9362891357616686
T43L,N55A	-0.392347729674357
G41E,R48G	-0.6731954465906056
F6V,G41R	-0.7467019290613831
D9Q,W34A	-0.7371312936609495
Q3A,R20M	-0.6984801873197297
R19L,Y50G	-1.1331083168095153
T0W,C39L	-0.5395195485012403
R48H,Y50Q	-1.139069457616598
W34F,F46V	-1.0418352758979235
N29V,T43Q	-0.30956296951250645
D13G,M45R	-0.23493401534069674
E15G,K36G	-0.9145639119809531
Q3R,Q42V	-0.02681932185280127
G44T,N49R	-0.8693738711761007
R19V,N49L	-0.42148840195033593
R20Q,R48W	-0.8012606410769362
T0Q,P47A	-0.7666202279572003
R19G,P47V	-1.1802337878828046
R19S,T43E	-0.028006705538170206
G14V,R20G	-1.0484332899939346
T0M,M45E	-0.44438841354664443
V2K,T52L	-1.1152284765559182
F8P,M45G	-1.1128602578843638
T0W,R20L	-0.737989958143122
Q3G,F18S	-1.4031214849087879
A4P,T43E	-0.8504258612940286
Q3A,M27R	-0.9127684410000442
A4P,G44A	-1.3137865088016125
I24M	-0.7342577064445548
Y1W,T43C	-0.08149423609364326
I24A,D31G	-1.0167945345738436
Q3L,V26G	-1.098559753477098
R20F,K36W	-0.9296704648727514
W34G,G44E	-1.3030934478144782
E15L,M45H	-0.1374249493079022
D28W,M45L	-1.0518276492888599
A4P,Y50A	-0.9163627512145047
V2N,N49E	-0.7541980315561803
E12T,N49A	0.09754457393521099
L16S,M45G	-1.0922872469852658
Y1L,F18H	-0.9570915824773869
T43L,N49A	-0.07921756180376507
Y1D,G37V	-1.1624682808118798
R20K,P53A	0.11460211296688662
V2N,Q42V	-0.9817445840533606
A4W,G44E	-1.3431865176726026
D22Y,Q42G	-1.250155851330242
G21V,M45L	-1.11043134225869
R20V,G21R	-0.9741761243201276
R19A,C39G	-1.1245414468754298
Q3A,N49V	-0.45187968207364704
T0G,T43G	-0.8838777654476961
G17D,R48E	-1.1139908661011215
V2T,T43R	-1.0459958285534983
A4V,Y50G	-1.3441613360620075
R20Q,T52G	-0.11254881525110527
R48G,V54Q	-0.38651799378839824
Q3C,Y50P	-1.0001091397275514
T0E,T43A	-0.2914950617489372
Q3Y,F46L	-1.1544756460979757
A4G,F18A	-1.2073192381082645
C39G,N49C	-0.8686817241189478
Q3G,G44I	-1.401452745883949
H40K,N49L	-0.17866059549335997
D7E,M27A	-1.1677173175239206
Q3N,N33G	-1.1918077225821126
R19F,W34A	-1.0964935554235984
V2K,G37P	-1.3303375382419598
R20K,C39E	-0.7982734366097411
D22W,W34P	-1.2377617606855442
F6A,M27V	-0.06883366210594352
F6C,Y50R	-0.04058696018498731
Y1H,F6G	-0.7303299446149475
C39Q,M45V	-0.746416739227779
P10Q,Q42L	-0.7343331061640288
V2T,D22P	-1.304839858774641
Q42C,N55L	-0.19166067526674183
M27V,N55E	0.022652036878487682
F18K,K36W	-1.169791096017146
F6Q,R20Q	-0.15226601356696884
Y1A,G17V	-0.7321528140545945
Q3L,W34A	-0.9512852532235445
Y1M,L16S	-1.0286532894489728
M45L,V51I	-0.43492819778539976
D22H,A38L	-1.1177542590616742
G41W,M45F	-0.946031233427345
V2M,P47G	-1.084420976880664
I24L,N49V	-0.7411103098276192
W35A,T43K	-0.9251898771773626
A4S,W34R	-0.9513561422126258
V2T,N49V	-0.7460609264941886
M27V,W34H	-0.5342413786361084
W35T,Q42G	-1.128199960939886
V2L,Q11M	-1.0705252954401732
R19I,P47G	-1.2622982058854153
Q42M,M45L	-0.19878320935460597
V2P,F18S	-1.2535436148128296
G17S,F46V	-0.8719370121515573
D7V,K36A	-1.3288597365364947
M27K,T43A	-0.45863832851700975
H25G,G44L	-1.261499896449234
N29E,P47L	-0.949211115329674
K36G,N49W	-0.6639947844587417
C39G,T43E	-0.8448565848113979
D9R,R48A	0.049339922675138474
V2C,Y50C	-0.3474401045000225
G14V,M27S	-0.8926923868044375
I24G,F46D	-1.20528726164547
G44V,Y50N	-1.1475104366646347
F46D,V54A	-1.127006334008839
T43G,N49Y	-0.958074319751737
Q3E,R48M	-0.4030300275458374
Q3E,N49A	0.019114372582239157
W35L,P53R	-0.5456324009762221
P10G,V26L	-0.2130330699543645
Y1H,G44M	-1.1070692764711245
Y1C,R20V	-0.13129204519427645
W34G,Q42W	-1.2582382375944874
Q3R,H40V	-0.7804861123886309
V2F,R48W	-1.025657046949704
Q3E,F46N	-1.0958318138765817
D28G,G44I	-1.2706999963355678
Y1K,R48A	0.29903148144980235
D31S,G44K	-1.1062573481283193
R19S,R48P	-0.31509207324941435
A38S,N49L	-0.08983257081746042
G41S,Y50W	-0.8298061005927573
Y1H,T52R	-0.06946756277930359
V2G,G17N	-1.146821448128758
M27S,P53Q	-0.32028237787508285
Y1S,Y50T	-0.825809250877319
A4G,W34L	-0.9740228895167974
G44D,N55L	-1.0708394490212099
Y1H,T43S	-0.27644455213687885
K36V,G44T	-1.0995785214452527
M27G,T43D	-1.2568622761497679
D9C,G44V	-0.9627474763590642
D9K,Y50A	-0.20232363403690207
G21F,Q42A	-0.9315828796049274
E15A,Q42W	-0.7233655827138236
D22M,T43M	-0.994358661757189
M27W,M45R	-0.0405981327144461
N29H,N49W	-0.21749276561365577
G17L,M45S	-0.5164806855400152
F46V,P53I	-0.9397779221192728
F6V	-0.08608592649053906
A4T,F46G	-1.3414437645193378
R20K,R48Q	0.0051690522724988815
D9W,G21V	-1.1448465846627274
F46K,Y50S	-1.1152319452225252
D22K,G44E	-1.3833544684858188
Q3E,K36V	-0.24895909158348042
F18D,F46R	-1.17844345607055
D7M,G17D	-1.3577370004592377
F6G,F46E	-1.1924755964502907
R20W,P47T	-1.3356219243734173
V26R,Q42R	-0.9615638115970878
F23C	-0.10339133727041669
F6G,K36H	-0.803465938001927
Q11G,T43R	-0.5089969158251287
D22R,G41E	-1.2193403638105091
G41W,F46G	-1.3239476589802133
Y1W,N55C	-0.26893554398121655
D28Y,G37A	-1.3138449029832946
T0P,G44E	-1.1378179978274583
D7P,T43S	-0.9402873540056356
R20W,T52P	-1.3461107250358337
F8L,V54W	-0.524473307346307
R20D,Y50Q	-1.2021405918854144
Q3R,N49L	-0.11671060457607726
M27E,T43N	-0.4654697547910271
R48C	0.05880087273554578
D28G,P53V	-0.9419278171656159
F18Y,Y50L	-0.761409075393881
Y1E,M27T	-0.127157051148952
F18V,G44Q	-1.3688159963829738
D22L,Q42A	-1.0628327494462455
G14W,N49L	-0.4997491007224209
M27G,G41D	-1.1965616484734625
D9K,P53G	-0.1680212195256732
F6E,Y50M	-0.22552930865011656
N49G,P53L	-0.04107860271004861
D28A,Y50W	-0.9412553071735753
Q3V,P32F	-0.8142718181713303
G44F,Y50L	-0.7541409063081758
R20M,N49E	0.028924175771257287
P47L,R48D	-1.288866582379574
W35F,F46C	-1.2338203468217832
V2Y,G21A	-0.8485388430787277
D9I,M27C	-0.5026680122619493
D31A,G44T	-1.1603464642076131
M27R,P53T	-0.5493721473974349
V2L,G41T	-1.3068179053840157
D22V,Y50R	-0.8869735980861329
V2S,G17V	-1.0585614192257986
D22G,G41L	-1.342931049479665
R20Q,D28W	-1.0372562664409657
T0M,G14R	-0.43706587232895155
V2N,R48G	-1.1512170189614768
V2Y,M27V	-0.002823105333787282
R20C	-0.2181910720308175
Y1S,A4Q	-1.2037683590664947
D9P,F18P	-1.4880882346266513
Q42H,Y50P	-1.0624598485828805
Q42E,P47V	-1.0157518796023834
R20E,P47C	-0.6715049878695925
W35G,Q42A	-0.956967926963603
G21W,K36P	-1.38601344518581
D22L,G37W	-1.336776350739761
W34S,Q42K	-0.3442230273614305
W35E,Y50C	-1.017813446153644
F23L,F46L	-0.8361578395387667
Y1G,M27K	-0.849294162321504
T0C,R48C	-0.026268716951549358
M27W,A38D	-0.5784878638185589
W35G,N49V	-0.8799289399847225
V2G,F46R	-1.3182075094833903
D7A,N49A	-0.5698337856468585
V2E,F18H	-1.3100033027147395
Y1F,D9L	-0.31086680618114576
P10G,T43G	-0.7255617289075601
F23S,W34L	-0.6488294685709922
F8C,Q42E	-0.540891234334707
R20S,F46K	-1.1131030690630255
Q3G,N49E	-0.7702667848898627
T0W,G44P	-1.1180173777862092
V2H,F46R	-1.0881294541007591
M45G,R48G	-0.603186217863722
A4R,I24T	-1.2273533909434322
T43Q,N49C	0.044006692183655535
G21V,G41R	-1.3237854733465273
D9E,H40R	0.018093070661167235
Y1E,R20E	-0.019336371527627228
D28G,N49K	-0.5982302524543651
A38T,R48G	-0.263126009396274
P10M,Y50F	-0.7758488305808383
D7H,T43G	-1.3041942547508765
Q3R,M45Y	-0.06000510181715692
Q3H,T43V	-0.36578340616228316
V2E,G41E	-1.1794977337474424
R20E,Q42N	0.03815102727516311
W34M,R48Q	-0.4663658222004099
R19V,Y50G	-1.0656682241551718
A4H,Y50V	-1.0496463783522179
Q3M,M27V	-0.16005460499274354
R20K,H40G	0.03763385385731399
D7C,Q42G	-1.202430481375115
T0E,K36S	-0.422761119517444
T0P,Y50K	-0.4863946192634739
W34Y,P53G	-0.5117456600191023
F18C,T43R	-1.1188603516727809
E15T,Q42V	-0.29374227769700373
F46G,V54A	-1.1139380509197527
Q11W,G44W	-1.2586713257492876
A4W,G17F	-1.0811282842109635
D28G,N49E	-0.6183056227472752
R20V,F46G	-1.0176387683962596
F8G,F46R	-1.2182061025319153
A4R,G44W	-1.3545760594880096
Y1P,G44E	-1.3357592619283076
V2I,T43W	-1.1314884594351087
A4E,Y50I	-1.080876063181106
Q11L,K36G	-0.9143337624276762
Q3L,R20G	-0.7497206433196066
K36W,P47V	-1.100757250569502
L16M,G41F	-1.1888250461577121
T0G,R48C	-0.07937528494707363
F18A,G41V	-1.2981476980326019
G21Y,N49G	-0.784016157644015
R19T,N49W	-0.3036854446171925
M27Q,M45K	-0.05473290966283456
V2I,Q42V	-0.7850880665230222
K36G,Q42A	-0.8114592119936197
Y1G,D31W	-1.3463364195468106
V2A,G21P	-1.031694775984786
R20V,G41K	-0.5755257033403511
D9C,K36D	-0.8937444347436619
Y1E,A38E	0.02342102347071915
V54T	-0.04651889248531923
Q3T,R48G	-0.560373353434428
Y1T,M27S	-0.2352890293704546
T43P	-0.8560281410843058
M27A,P32Q	-0.8449836662982878
M27Q,G41L	-0.9936056392192851
Q3L,N55L	-0.39826460912771305
W34L,N49E	-0.11287075592898191
Q3L,D28R	-1.07653902452134
Q11S,N33A	-0.28552125163568304
R20L,V26K	-1.2671455759919237
Y1H,H40R	-0.13321979735316822
C39N,M45L	-0.7057946116516117
D28W,G44V	-1.2471990976224867
V2S,M45V	-0.7824314881565066
F8H,W35F	-0.823207447240744
M27K,C39G	-1.0557793036216876
Q3R,W34A	-0.7533194279974875
W35K,P53G	-0.9502216142393028
W34L,V51Q	-1.0137583014278408
Q3R,G41F	-0.9678654028429085
H40R,P47S	-0.5634731801137798
F23Y,Q42F	-0.31406486414479134
P32Y,N49R	-0.4010964772995969
A4G,G41S	-1.1198061266519952
T43W,Y50P	-1.2316899291987569
T43K,N49K	0.16598948856629317
V2T,I24G	-1.2473746124155274
V26L,M45V	-0.13423218388205307
D9I,Q42G	-0.561016258477134
Q3L,V26H	-1.036615519508322
V2E,Y50C	-1.0188468450541532
W34V,Q42S	-0.35083135670105303
C39N,V54R	-0.7626571235308168
W34C,N49V	-0.40274855911323676
R19V,C39V	-0.5313951537000078
A4S,G41W	-1.3152737503920653
L16R,K36E	-1.1603600000902217
F6G,F23L	-0.5162999368337164
C39R,F46Y	-1.2453387916753225
G17L,M45V	-0.25850255121794297
Q3W,N49E	-0.452689516133475
T0Y,M27V	-0.0812567736383256
A4E,G41E	-1.2351701370432222
F46N,R48H	-1.3151785589824367
Q42M,Y50W	-0.40336627177723205
D7W,R20L	-1.3491824747840955
C39M,M45V	-0.45448085265273125
W35P,G44L	-1.1803709493224497
A38V,T43S	-0.20287904118607308
G14W	-0.4027714232762528
Y1C,N55T	-0.20252813458574467
N33G,N49W	-0.37376992223326955
D7G,R19M	-1.051640780222237
V26A,G44W	-1.3227071397635943
Y1F,G44T	-1.0478818885458816
K36W	-0.32157750069588953
F18Q,D31G	-1.078477745343144
Y1G,M27G	-1.242456776564999
Y1W,D9L	-0.20453979360509678
S30W,R48K	-0.8363238943815453
Y1N,G44C	-1.068041389429811
A4H,Q42A	-1.0472612717818346
W35E,R48L	-1.3188116923919622
V2R,W35L	-1.1168252114166386
D22K,Y50C	-1.0893368978382756
G44W,T52S	-1.1142168689642187
Q11W,T43R	-0.8581746511432975
P10G,H40G	-0.2114832204218835
W34C,Y50C	-0.5040907391765885
W35R,M45E	-1.1148420588070957
P10E,M45G	-0.9195353249065042
F6G,T43D	-1.0717480941782398
Q42C,R48S	0.17130675128902506
F18D,M27R	-1.2591481768261228
D7V,R48W	-1.3063579143125255
Q3K,R19T	-0.34291249608390245
A4K,G44N	-1.3491802080745328
F18N	-1.0830333315359155
D9W,T52W	-0.40663980667608823
M27A,N49V	-0.4894996467209287
G41W,M45G	-1.0356075646641358
M27W,Y50Q	-0.9383597448246792
A4R,P47G	-1.2535730909535103
D28E,Q42V	-0.27123754852009674
A4S,R48V	-0.8765961415854182
Q3L,T43Y	-0.31994646232221574
G17K,G44E	-1.0351375100586697
A4T,F6C	-0.888070881349523
V2N,R48E	-1.3330119340539532
V2M,Q3K	-0.39404660556997334
T0V,N49F	-0.28538622439518324
D9S,P53A	-0.2075999447657289
R19Q,G44V	-1.0008126273476008
T0L,T52Y	-0.3311416566784997
R19C,R48M	-0.6585687415517826
D9E,W35C	-0.5724742618549366
F18H,Q42S	-1.1333861459294436
M27F,T43E	-0.09182263318440274
V26G,V54L	-0.9404644978643354
V2N,W35R	-1.285363830452214
M27Y,N49A	-0.34188398220092864
R20S,Y50L	-0.07783424265161167
P10H,T43V	-0.5929040840938408
V2F,T43E	-0.14661360834123513
R20K,R48C	0.21606063858348423
R20L,P47L	-1.0957429571581834
F18R,K36Y	-1.1747660071432688
T43G,P53C	-1.0675160668523143
F18A,W35A	-1.2416523575450742
W34G,F46Q	-1.2394085421189025
T52P	-0.8887715233105785
D9K,F18D	-1.0818424423944317
F18A,M45T	-1.016769771148438
G21A,T43W	-1.2395969563820286
R19C,K36G	-0.948633202983632
Q42V,P47L	-0.663219085604113
V2W,M27A	-0.7342749390096012
W34L,R48F	-0.9430416672684319
Y1Q,D9R	-0.29948007938033605
M45I,V51Y	-0.9011547688026268
V51D	-0.9098736685822228
Y50A	-0.13073533742904406
V2W,P47G	-0.9626636464715859
K36C,F46L	-1.1438902177578902
D7N,V51P	-1.1259104429006395
Y1K,R48S	0.28922436906079074
Y1C,F18N	-1.0796221347495139
D9C,F46M	-1.0330578920733702
E12W,N49R	-0.1588559464815003
Y1V,Y50F	0.04792448302753302
R20K,G41V	-0.7208422933231414
Y1S,F18G	-1.2137163268371098
D9A,P53G	-0.24884937896636142
Y1C,T43E	-0.021062311183802356
K36G,P47K	-1.0179573577218766
D7N,G44H	-1.166625833004657
V2G,K36V	-1.0707472598442993
N49V,V51A	-0.5463505278865701
M27G,P53I	-0.9509771111112632
Q42A,R48I	-0.656322832831443
Y1G,F46G	-1.3487285450593864
N49V,T52P	-0.9231412442119622
Y1L,F18P	-1.0070123003604738
F18K,G41V	-1.326152693561754
Q3L,F46Y	-1.0771171864037397
R48G,N55S	-0.42186347728407136
C39F,N49A	-0.3645270154844631
T0K,P10I	-0.9241943150559964
M45P	-0.9372631857298565
P10S,Q42T	-0.4665217133453555
P32S,F46W	-1.102964886906487
Y1S,Q42L	-0.42350783731738373
F6A,W34L	-0.2864294758073785
G44W,Y50W	-1.072776264838546
R19M,C39A	-0.6333629730581164
R19P,N49R	-0.7385760319857457
E12D,R20K	0.15234420671692114
V2A,Q42E	-0.18463972048742633
F18G,V26K	-1.270721103090561
F6A,R20G	-0.5436658052358004
R20V,H40R	-0.0383535904463099
G17W,Y50M	-0.1867837741505685
R19V,V26E	-1.240731236731849
M27C,W34V	-0.6405565162252619
P32S,N49W	-0.19299643198102837
A4K,V26G	-1.312170267540225
Q3P,T43W	-1.2685796135720948
A4N,G44R	-1.3751200558961416
Y1G,D9A	-0.8220036343896081
E15A,G44K	-1.0576736833081526
R20T,G41W	-1.0102402965359665
P47S,N49G	-0.6658655558156971
T0G,N49A	0.0759509452270187
F18D,V51L	-1.2941908032549265
D7G,M45P	-1.3679436102261275
Q3I,D22M	-1.1700049731743027
R20M,Y50V	-0.44804557049260907
D9S,G17E	-0.27674818074822416
F8L,F46W	-1.1731584248271294
E15N,N49T	-0.17035841831486015
V2D,Q42L	-1.0230642440326854
T43W,T52M	-0.5771174768380707
Y1W,W35P	-0.8373650845966942
D9Q,W34P	-1.0208039571152743
F18Y,K36G	-1.351034462488238
W35C,T52G	-0.665134492870459
V2Q,A38L	-1.1286460665331381
F46V,T52G	-0.8891607726324416
V2T,M45W	-0.6367801091144378
F8W,N49W	-0.2250643664201238
H40Q,F46V	-1.0451733280080189
F8R,N49G	-0.06114226845494001
Q3R,W35V	-0.48317006138455765
Q3F,M27G	-1.2227698502925661
G41F,Y50P	-1.3590141263428128
E12V,Q42F	-0.3829938866652111
R20K,D28R	-0.7805108544352568
F18Y,P47G	-1.3042011521185015
D22A,K36G	-1.2732166902417064
V2W,M27T	-0.38472240655665585
N49E,N55E	0.16110225890043006
F8S,W35G	-1.1456614570527686
V2A,F8R	-0.41892895746827863
Q3K,Q42R	0.1548711348592496
A4M,Q42R	-0.9396833208026527
E15G,Q42L	-0.34204214532882504
W34G,G44F	-1.2413620426734324
M27K,T52V	-0.25809121845760485
Q3Y,F46V	-1.134247121011844
D31W,Q42V	-1.0413868198829968
D9G,W35K	-1.2357287293065544
D22Q	-0.7109910242912925
D9R,G44Y	-1.1483892168039322
Q3C,F46W	-0.9924310339504646
F6G,E15D	-0.6916530326449095
I24W,Q42P	-1.3358153982864993
V2G,M45I	-0.9406622702088783
Q11L,F46L	-1.048167142230441
A38G,V54L	-0.2569176546005649
D22G,C39K	-1.192455771733308
Q3E,W35S	-0.9489219665807079
C39G,Y50E	-1.3573677998022007
D9R,G37P	-1.2352292317614404
D22W,T43P	-1.280427819585612
W34E,Q42V	-0.7006335729909217
F6R,P47C	-0.8051050782806486
L16I,Q42G	-0.9352006988189203
W34F,V54A	-0.48738935183642285
Y1G,M45E	-0.9257223103552293
A4M,N49K	-0.7941914457925645
F6M,W35S	-0.8713911132540693
T43G,N55P	-1.0289881587329068
A4W,Q42W	-1.3540523662731971
R20C,A38G	-0.6162047609358974
E15T,V51R	-1.0091025976035592
M27A,T52S	-0.6960915937327271
R20S,D31R	-0.928398305966864
M27G,F46V	-1.3586209296848673
F18N,G37A	-1.3555687719398806
I24L,H40G	-0.9241525257360248
E12V,T43K	-0.20654565893395171
T0W,N49T	-0.12329339193670133
G14W,N49S	-0.1927383208901065
D9M,R19G	-0.7125437801374654
R20D,Q42W	-1.1460612188382382
D9W,R20M	-0.518157978166143
F18E,N29K	-1.043820409847081
F18R,M45A	-1.1815861537649095
Q42S,Y50S	-0.6155193213489935
Q3L,D31V	-1.0465728268607892
Y1A,D22G	-1.2888676373402748
Q11Y,M27V	-0.4405702406808659
Q42S,R48V	-0.15411685254637592
T0E,Q42H	-0.10306134228536072
D31K,A38M	-0.8362617505920397
V2N,T43H	-1.1492049645480122
Y1W,G21L	-0.8836079386443225
A4C,A38Q	-0.9759371048971045
N55T	0.07636544843713916
Q3V,M27K	-0.29860233460532154
F23P,C39R	-0.9925411291827211
M27S,K36L	-0.371810233395355
D22H,D31R	-1.180232270917771
R20V,Y50I	-0.3243804940261299
F18Q,Q42F	-1.150694931561742
G21W,G44C	-1.266941759490858
G21W,F46C	-1.271251472024822
A4P,F46W	-1.282334307845045
F18R,T43P	-1.4154730057643283
M27E,N49L	-0.17079610938962966
R20L,V54R	-0.6604053549120077
V2S,R19K	-0.6609104287239249
C39R,V54M	-0.5455671524685738
Y1G,N55K	-0.7649428448933409
H25G,N49E	-0.39606910506331144
V26C,Q42C	-0.7643296281890024
Q3T,M27R	-0.7190885197584113
F6W,R48G	-0.44475253370364437
F18H,N49G	-0.8967089687353651
F18G,A38V	-1.09473403652845
M27K,G41K	-0.7179829834716468
N29V,T43K	-0.3904733858000157
R20V,Y50C	-0.25684944700719337
F18G,G21E	-1.3617820037938515
T0M,K36C	-0.33253534705866394
R19G,V51W	-1.1925079499207532
R19W,T43L	-0.92068908818515
D31P,T52R	-0.8813411320673518
G41E,Y50G	-1.0749173313636136
D13T,G44E	-1.1961437947116562
N29A,Q42I	-0.5060193116278942
Y1E,P10S	-0.4678020538340722
Q3F,W34S	-1.0798032697684499
M27G,Y50A	-0.8714949226528966
V2E,A38F	-1.1781842863988345
V2T,Q42M	-0.9528834125530138
T0M,Q11L	-0.16838133955564427
M45P,T52F	-1.0489156366478432
M45S,T52M	-0.23524072429983545
Y1E,T43V	0.012286865641916465
R19S,G44S	-1.0242761121092243
F6T,G41R	-0.8714773591331559
M27P,G44P	-1.4417545331179031
V2K,Q42A	-0.9928916636564846
M27G,H40A	-1.1780040361510724
Y1G,P32T	-0.8371228945951908
E15G,G44I	-0.9872002275737862
G17M,G44V	-0.9815810068215525
Q42G,V54C	-0.6133069671999706
Q3M,G44Y	-1.1053655662282313
V2A,M45W	0.0055166200906714286
R48E	-0.5006207053651709
F18R,Y50K	-0.8917784142216965
V2K,Q42K	-0.8415735922878758
V26G,P47L	-1.1687912123296056
Q3Y,G44R	-1.2145866791292153
A4W,P10H	-1.3109931341864005
Q3S,G44K	-1.3492916802695205
I24G,Y50K	-0.8536516843476889
G17V,M45A	-0.6022935474011936
F6W,N49L	-0.2864464016646426
D22R,F46L	-1.3653384182587793
Q3P,G17V	-1.1823857721337832
P10V,Q42G	-1.064730316468666
Y1L,F18A	-0.8291467015913321
Q3T,Y50A	-0.35969185350268074
D22I,G41W	-1.3239828382153191
G21Q,R48W	-1.285080519079989
G21V,F46A	-1.2618646278389414
M27G,G37H	-1.5378615195162986
R20K,G44C	-0.6672100416003649
Q11S,R48G	-0.37715145842527775
Q42C,F46L	-0.8723214402185331
L16R,G44A	-1.3023680099924406
Q3E,Q42Y	-0.4299764577471372
L16G,N49G	-0.9315390548295679
R20S,R48H	-0.6738447728916751
G21A,K36C	-1.14703040792446
E12A,G44V	-1.0701609134117018
G37E,F46G	-1.2312460512061285
W35K,T43K	-0.9852429186983911
K36N,G44E	-1.3046509587404518
F6V,G44C	-0.8642130083085715
W35R,T43R	-1.0711172898573544
D22G,A38G	-1.106713574435405
V2T,M27D	-1.2415546897055187
D7G,N33E	-0.9578347445962745
T0F,T43Q	0.044217173616497144
V2Q,A38E	-0.7550145900332965
V2W,F18D	-0.9787392588993966
Y1Q,D22G	-1.076517548581764
D31W,P47G	-1.1923979813441128
R20Q,F46L	-0.8786176904099794
T0W,D31E	-0.8146130179539184
D13W,T43G	-1.2032975421093695
V2L,W35L	-1.0707797568182396
Y1A,K36Q	-0.6122410053246238
G21M,N49G	-0.8583740979706816
D22L,H40S	-1.2986016211303633
A4L,R48L	-1.3839006029635033
E15L,W35V	-0.375079338532855
M27V,G37L	-1.0335595633011156
L16G,G44R	-1.3067330286113803
Y1N,M45L	-0.3158099663732066
Y1H,G41K	-0.6558295087253821
M27K,N49C	-0.21150490110737283
Y1L,M27S	-0.12610027840935392
A38T	0.0680600675505097
K36G,F46A	-1.3873958535703856
A4P,G44H	-1.3147871187798081
F6W,R19G	-0.6563301677573262
Q3V,G44D	-0.9187476437690729
Q3N,M27L	-0.5802796557440211
R19G,P53F	-0.592691215506421
A4L,F18N	-1.2682512943665074
A4F,V54G	-1.0789259673884362
R20E,P32W	-0.8400926752617949
D13R,F46G	-1.1813342748945834
G44E,P53R	-1.180827888094678
Y1E,G44N	-1.0754867124512075
E12P,T43M	-0.8474934394148392
A4I,M27G	-1.497322169332303
G44F,N49D	-0.8739816259804545
F18L,G44C	-1.2020492181300466
R20C,C39P	-1.166322646542707
R20T,F46V	-0.9998657422750419
D7R,G41A	-1.2980442431740666
Y1A,F18L	-1.0675310793004709
K36E,G44V	-1.0396370206483105
D22S,M27V	-0.8753521934432307
A4R,P10L	-1.3024290497741648
Q11V,M27K	-0.37032643430887624
F18Q,G44Y	-1.3297153855825252
M27E,Q42P	-0.9668349534175309
G21D,G44V	-1.3059961063144723
V2N,G44A	-1.3336792773083104
H40M,N49W	-0.4884409677267229
P32Q	-0.2318771790790449
A4I,F46Q	-1.3370121114496754
F18E,V26S	-1.318457161491211
R19P,G44C	-1.274535391270788
D31R,N49A	-0.5480334796837721
W34T,Y50D	-0.8073152783441542
F6H,R20A	0.013191013638530098
G37R,G44S	-1.2237469957982505
Y1M,T52K	0.2308807069242817
C39E,T43K	-0.9698404148137874
Y1P,W34G	-1.2624015458871876
F18G,G44A	-1.3479266725765684
Q42H,F46V	-0.9174459778064109
A4C,F46E	-1.3198797621137994
E15L,R48G	-0.33451074014289317
Y50T	-0.5535166791018492
A4T,Y50R	-0.8624507213157249
Q11R,T52D	-0.4611704152447679
Q3R,M27T	0.030133013786651053
D7A,Q42I	-1.0345300767669003
R20P,P53S	-0.8363088167888867
Y1L,G21W	-0.8981923518368365
G17R,P47W	-0.7703764551625087
W35M,M45G	-0.7723028606072683
G37W,P47S	-1.1533291495837048
R20W,V54L	-0.8969367593978071
F18G,C39M	-1.2943661498738872
Y1L,I24R	-0.9965474880689014
P10Q,M45V	-0.5050863589557055
K36N,N49G	-0.4587432140611384
N33G,W34S	-0.9397556980957938
R19W,Y50A	-0.7151012851883234
A4G,G37V	-1.2855911828247333
H40E,N49V	-0.49862987795814345
V2T,V51G	-1.228551382270403
Q3T,V51T	-0.46781261053297446
Y1C,G41L	-0.9111589879573071
R19N,M27W	-0.5287547383021831
T0I,G14R	-0.47870283333083713
Y1A,P32S	-0.63697431523159
D31A,G44S	-1.1071417287372887
D7M,C39E	-1.3412050290462307
M27G,N33S	-0.9783260711529969
T0G,R19K	0.07273724927443181
M27L,F46T	-0.9303048995194063
G21V,M45W	-0.7805980954673006
F6V,P53V	-0.237217239218027
Y1P,Q42G	-0.9153871475308815
A4S,F18N	-1.354320053923868
M27R,C39G	-1.1966508112784804
Y1C,N49A	0.1017409309658709
D22T,W34G	-1.3587888160086594
F18H,G44S	-1.2927253018412843
W34L,G44N	-1.0393065220200768
T0M,F46Y	-0.9688864244982296
G44C,Y50W	-0.9480942638440119
G21S,Q42S	-1.0512809324906112
L16Q,D22N	-1.2558945912657704
Y1A,G44I	-1.2378063508454336
L16W,T43A	-1.1241933217447253
F8K,T43K	-0.7923335330751493
E15K,T43V	0.12236708810880283
N29K,P47T	-0.793193193217309
M27V,Q42H	-0.020639921408648544
T0R,T43P	-1.0387413861412396
N33R,G44L	-1.0119334195082497
Y1C,D9A	-0.2744230802915329
F18T,K36D	-1.4196882030485976
Y1R,P53L	-0.1229057623245671
D7N,F18E	-1.15607497739705
F18W,C39R	-1.3021312479257627
R20S,R48V	-0.06966161467577814
M27L,Q42M	0.043716004534775754
A4I,Y50G	-1.2968074289266964
V2M,E15L	-0.5084072275539034
A4W,P47V	-1.3050244449297674
E12S,V54L	0.0033757470444664983
Q3S,N49Y	-0.7948834578621162
L16V,G44W	-1.318438218623228
F6L,P47V	-0.9904793213402814
A4G,G41E	-1.0134964921697258
T0Q,M45A	-0.2766272138186715
D9K,P47H	-0.39290168552014826
G17S,G37W	-1.0102182402696946
W35V,T43G	-1.0362279907736942
L16G,G41W	-1.3122192843745044
D9G,Y50W	-0.8291393216054905
T0M,H25L	0.09246179257343265
T0A,N49Q	-0.015870288907718147
A4V,T52M	-0.9503078870473793
Q11A,A38G	-0.43611763189667707
Y1S,D22W	-1.0668908397596903
D9W,Q42W	-0.7472300486046545
G21L,M45L	-1.0033858216061953
T0V,Q42H	-0.045892774912822246
Y1H,P10R	-0.716341014053055
T43N,Y50S	-0.8652056630538691
R20G,V54A	-0.6499925328645187
F6G,R20C	-0.8868241789856695
D7E,Q42A	-0.7918862736188529
D7Y,P53V	-0.9546399493053443
Q11G,Y50L	-0.20340375565296398
V2G,G17R	-0.9818483456965237
E15G,H40R	-0.2499860642302547
W34C,Y50H	-0.49813540226812747
F6R,V26G	-0.9516341256197645
G44K,N49K	-0.7946150121647698
Q3G,Y50L	-0.7692844260477711
C39L,P47L	-0.8290977603310541
Q3N,F46W	-1.3915446467344659
Q3K,Q42W	-0.5798916531515136
A4R,T43C	-1.0495780818512022
D7G,N49C	-0.745481638703008
V2Q,D31M	-1.2201563304072707
K36Y,T43R	-0.5102241062941968
F18A,C39R	-1.182711530653156
F23Q	-0.03612631510340718
V2L,T52E	-0.9009620462006506
M45R,V51F	-0.6334178257444182
V2K,P10L	-1.2776084726906158
A4R,K36V	-1.119060918458037
L16R,W35V	-1.095046762607772
M27S,F46W	-1.1126813028581246
T0C,M45R	0.15995691042594734
S30G,Q42V	-0.5470110903016581
R48Q	-0.19333318074296504
G37A,F46R	-1.3207461864998224
D22G,N33P	-1.332180005743146
A4V,K36L	-1.1002739841204745
V2T,Y50G	-1.24617779813958
P47A,V54R	-0.8344048128728851
Y1S,Y50P	-1.1596529257889745
R19K,M45A	-0.2052622772410676
V51Q	-0.9581510118467131
R20C,Y50W	-0.5526677743156085
F18C,N49W	-0.8232920488287568
R20C,D31N	-0.8077307550521454
V2W,D28E	-0.5774764355220153
T0M,R19I	-0.5738775098660092
F46T,P53R	-1.2195065709265491
D28E,N49L	-0.31901661615952837
Q3G,E15I	-1.050517293586925
V26G,Q42M	-1.087367370102587
R20A,T43S	0.016547407492934332
G37P,Y50C	-1.1341472622488602
A4R,T52C	-1.1470164698273173
R20V,A38T	-0.06977053162375173
D31V,Y50S	-1.0723668326700726
Y1G,Y50G	-1.21898955572704
F6L,R19E	-0.35894557222307205
V26G,K36W	-1.111422167314483
R19C,M45G	-0.6986451716272346
Q3L,M27V	-0.14030041303325202
M27G,M45C	-0.9948380430861208
Q3T,Y50R	-0.3275415495110995
A4R,N29V	-1.2433916161183292
A4S,W35T	-1.2867577907688519
F23G,T43S	-1.0303367818990417
A4Y,D22F	-1.3073316626624298
V2Y,Q42M	-0.13379259452845016
Y1L,V26G	-0.9494278045944249
V2A,M27K	-0.41718287153541117
Y1L,P10H	-0.6297770750101918
Q42F,R48D	-1.0804557848351142
V2M,L16T	-1.0766840526682129
M27V,Q42V	0.032211080023061875
V2K,F46G	-1.3096268989536493
G17A,W35P	-0.866826604942425
H40M,V51I	-1.0222060428427422
G21F,R48G	-1.08477976429469
A4N,K36R	-1.1770978320343044
C39L,P53L	-0.18553255544616826
A4P,D28K	-1.2690824662180458
F18T,P47Q	-1.0697493352491303
Y1L,N55K	-0.01791727045179288
D9F,V26S	-1.1395101765210642
H25W,G41Q	-0.7413830830500738
D22A,T43Q	-0.8037411856725447
H40R,T52W	-0.2625604129506247
V2I,D7G	-1.1972225473366727
V2K,R20L	-1.2984586425502893
P10N,G41M	-1.1658161079306717
A4Q,Y50L	-0.9260311889682925
V2F,T43L	-0.5176706141947305
T43G,V54K	-0.8927181384469033
E15A,G44A	-0.9862272188179676
G44D,Y50N	-1.0940833654842312
I24V,Y50R	-0.6073517544578391
Y1C,R48W	-0.814346169903149
D9W,Q42R	-0.19232139386627525
R19K,M27K	-0.07240801963467751
Y1H,K36S	-0.592232037246496
M27A,P53D	-0.6031583757839244
R20T,G44C	-0.996400500561705
T0F,Q42V	0.013832176081154085
G21E,N49V	-0.872033638427135
D7A,R19V	-1.0943064306992232
G21A,M27S	-1.1617187407127652
V2T,F46G	-1.291972495689089
Y50S	-0.39124377345188627
Y1W,T43R	-0.20591584920394584
P32G,M45G	-0.7039842531530547
T43V,N55R	-0.06559278022774208
G21V,M27A	-1.3158928314749152
D7W,M27V	-1.008679433737654
D9W,T43L	-0.48715890267260714
D22E,H40A	-0.6522051949646719
L16H,N49G	-0.8993255127920179
R19E,G41V	-1.0431171673230812
F18E,Y50R	-0.9352610847166276
K36T,N49S	-0.07066096326845715
D7G,D22L	-1.3314762468785137
A4E,P53V	-1.080154347480159
Q3R,M27K	-0.260518992411602
R19L,M45L	-0.4282738627254633
Q3M,M27K	-0.4517659340026375
M27F,T43M	-0.2783150372108572
T0G,G41W	-0.9219008694077586
R20S,Q42L	-0.24410177075381012
D22L,M45V	-1.0244436586961685
M27L,Q42I	-0.0634166601857348
Q42N,P47V	-1.0012013683727945
A38W,P47S	-0.9239891774820852
Y1P,N49T	-0.37595466221812784
F18P,T43A	-1.1721330400865093
K36E	-0.09577534179947418
D7T,F46W	-1.2149843177677204
G21R,Y50F	-1.0059632769308693
R19N,Q42F	-0.4949572701780657
H40R,N49V	-0.019454692143094133
G17M,G44R	-1.030710682573909
G44W,N49G	-0.8769049995085025
M45A,Y50L	-0.2835788430575536
A4C,Q42C	-0.9027263071874455
D22I,R48S	-0.8671556678097543
T0R,C39G	-1.1084065815339244
A4W,Y50E	-1.2808365074355488
G41W,Y50A	-0.8331399347102992
F18K,D31G	-1.0524119649039452
L16P,N49R	-0.7514571297123379
A38L,R48G	-0.516421595391514
G14D	-0.14760320055942278
G41S,Y50L	-0.4886391755853089
W34M,W35G	-0.8242705066831556
R19W,G41V	-1.2872975076922757
D7R,N55G	-1.1083412779486101
F46V,P53R	-1.0606848963524933
A4S,R19C	-1.1224435878667318
R19E,V54L	-0.16945757158850833
R20P,G44E	-1.5455468837433362
D9R,Y50Q	-0.864300416188817
D9L,G41S	-0.8541050550554251
D9G,G44C	-1.2265384271678497
D9R,R48W	-0.9277001639714694
M27N,N49R	-0.3675722787523489
W35I,N49L	-0.6437646810138324
Y1P,N29H	-0.798041471379816
G17V,N49S	-0.07859118423036818
V2L,D9Y	-0.9744108592056109
W34G,N49R	-0.7597337133020331
R20L,Y50S	-0.9610806053464518
F6P,P47Q	-1.0896693950790108
M27L,G41S	-0.3350867641119446
L16V,Y50C	-0.8295217451011994
Y1R,R48H	-0.5593760277326615
E12R,T43A	-0.17669623443901172
G14L,R20S	-0.8828443711016247
P10K,Q42P	-1.2306967492509386
T0H,F46P	-0.9558954912032169
M27N,H40T	-1.1691192148719303
T43N,F46K	-1.2201168042687
R19Q,N49E	0.1295577770288186
Y1T,P32S	-0.2124286912039897
R20K,R48G	-0.00912949216143591
Y1R,M27Q	-0.15802940441631683
Q11S,R19S	-0.23157097891808148
I24C,T43L	-1.0722650227683477
Q11W,M45V	-0.656611045124406
Q3G,W35L	-1.0915831476248976
D9V,C39W	-0.8920588542056124
F18L,F46M	-1.2368894213708885
A4T,F46V	-1.2482518208854707
A4W,F46G	-1.291247082190244
D22G,H40L	-1.472696823855895
V2M,D9G	-0.9511162243172948
A4S,P53L	-0.9667224042665111
G44Q,R48G	-1.182366128378947
H40K,M45G	-0.45081336494573176
T43Q,R48G	-0.2870241087918489
T0V,P47C	-0.7885813868626691
I24E,Q42M	-1.0728244997050413
Y1K,M27G	-0.9107622017149266
C39W,N49W	-0.754193502447736
Y1Q,F46W	-0.9638564548016536
Y1V,Y50A	8.59025898860416e-05
G17Y,T43A	-0.49953138234714356
K36A,F46Q	-1.3468470448288907
D7K,V26A	-1.3506119867459931
Q3A,K36G	-1.104392462531274
R20V,G37W	-1.043376146944452
Q42R,Y50E	-0.8094862452428024
D9G,R19N	-0.8395415941082611
G21R,A38R	-0.9311474304731726
D7G,C39R	-1.2046397169136664
A4L,D31G	-1.0643275821412919
T0L,N49W	-0.010620411974762767
T43E,V54M	0.06208080425636216
D22F,F46G	-1.3155344137634468
D31V,K36W	-1.0968227831126
R20N,N49V	-0.45418551579307503
T0V,G44C	-0.8567442557099452
Q11W,R20K	-0.36859006147173756
T43K,N55I	-0.2736758566390041
G17V,P47E	-1.057082742152843
R20S,P47T	-0.9452561964699339
R20V,P32R	-0.3769203013041882
F18R,M45S	-1.1463370125136603
A4N,G44K	-1.371172704711327
F18G,G44L	-1.3067548269079796
C39V,N49L	-0.23644867321701826
M27R,G41S	-0.9766050792544542
Q3S,M27K	-0.8345849959311264
Q11Y,V51R	-1.1951656817410266
F23L,R48V	0.15643795086394735
R19G,G44I	-1.2271455899319554
Y1S,G44W	-1.2025772376064305
M27Q,N55C	-0.5062916270058682
T0V,R20E	0.08824193819859641
R20W,N49S	-0.7219951301534757
G17C,T43E	-0.024116467670736767
V2W,D9V	-0.3573597324135005
D9Q,N49G	0.11271779391043094
V2K,R20S	-1.0691134829968796
Q3L,F8D	-1.095444470257827
A4S,R20W	-1.3928780021872653
Q3E,N49T	-0.07089397763341453
G21L,S30K	-1.1110841376649674
F18T,W35G	-1.2418632580871083
F18R,I24S	-1.2237748487263267
D31N,N49W	-0.280679025962662
F8G,W34P	-1.2747872396950355
Q3G,P47A	-1.3198748748706741
E15G,G44D	-0.8994226573900219
V2C,F46W	-0.9885896123267277
V2Y,Y50M	-0.12573878005101385
F6K,W34G	-0.7179223782912483
F6V,N49G	-0.006807285954063144
Y1Q,D22S	-0.9802485280694984
E12A,N29P	-0.7619666250316427
T43A,V51R	-1.068023826034351
G17W,T43G	-0.7201967558444772
D7G,V26W	-1.3033285301926867
Q3K,P47N	-0.3845263233825765
D7P,F46G	-1.369328011593421
F18R,D31G	-1.0678672440280261
F6L,G44K	-0.9800176901393604
T0I	0.025569969873624483
P32T,C39M	-0.7871194582253149
C39R,P47S	-1.0565337471226446
V2K,Y50A	-0.8620539738963638
V2R,H40G	-1.1241078790784207
G41R,N49V	-0.6031585267971598
D22P,Q42A	-1.074654031282166
L16H,T43V	-0.9185837969998047
T43N,M45G	-0.7233439537278878
T43G,G44S	-1.330325859335781
Q3G,T43W	-1.2725818237922915
D7G,P32F	-1.2197609209002458
D9C,Q42G	-0.6294060295744107
T0V,F46R	-1.0092724597847853
R19V,G37V	-1.2470999215813143
C39G,G44Y	-1.3539025454061988
D31E,Y50G	-1.1110461870269857
N49A,N55P	-0.007431626330769936
D22V,G44R	-1.3268958510406985
P10G,T43L	-0.1786444522299465
W35R,Y50T	-1.087392128432394
R19S,G41V	-1.0374724145609249
I24G,N49A	-0.8606572198219965
D9G,N49I	-0.7977724497371395
V2Y,E12H	-0.07324548519865365
Q3V,N49E	0.1737132181049137
W34Q,R48W	-1.0249277002621748
D9V,Q42W	-0.6111964674691213
M27K,M45W	-0.05163176564734003
W34D,T52L	-1.0393074367825141
R20A,R48C	0.10411186713748705
Y1L,D9R	-0.10404280851001003
A4Q,Q42L	-1.133314813531339
Q3K,N49C	-0.008350920140506417
S30F,F46A	-1.2640774837438542
P47V	-0.8139916083625522
V2E,P47V	-1.319935067819795
Q3L,R20V	-0.18382428462761582
N33G,N49G	-0.27883486501606547
T0R,C39W	-1.0141629501334317
T0M,R48P	-0.1066985908233168
F18M,M27G	-1.3805874724052316
K36V,P53G	-0.24624432347012754
P10L,W35K	-1.2257048721291297
G17K,M27D	-0.6076588223168184
T0G,F46G	-1.034921872067903
A4S,G44N	-1.382907877787031
R19T,N49E	-0.0725457542468028
T0G,A38C	-0.19808392221328794
F6Q,G21V	-1.0007957967630658
D28G,P53S	-0.9308005297637667
G21V,Y50N	-1.2205607870991044
Y1L,T43M	0.045052774237765554
G44L,V54R	-1.0251532481506744
G21L,Y50R	-0.8704373556785403
P32L,T43R	-0.7209587803421319
F23V,N49W	0.06350505737927473
R19P,T52K	-0.7879817986892421
V2N,T43S	-1.054975739726389
R20K,T43K	0.15449574154708234
Y1E,Q42I	-0.38023368124800083
D31W,G44E	-1.2613986360781797
G21S,G44S	-1.3191166734281157
A4R,P10T	-1.1276006325419259
D28R	-0.9790411095981593
A4M,R20E	-0.915505649251623
G21F,G44R	-1.2800704681260702
Q3P,G44K	-1.388517185307601
G21L,M45S	-1.057907050633602
G21R,F46W	-1.3179486842226251
V2P,R20K	-0.8284283838255286
T0R,L16R	-1.177039878849457
Q3G,Q42E	-0.9553799572324186
A4Y,G44M	-1.309678710299649
F18R,P53R	-1.2004643457214668
D9K,T43D	-0.6566619887182656
Y1F,M45Q	-0.3586481216697357
P10L,Q42C	-0.9239172876928501
V2R,T43E	-0.8458656855912698
D7Q,Y50A	-0.8282625659374886
V2T,R19M	-1.0559000048641722
G17E,N55L	-0.33686567447492893
R20Y,Y50G	-1.2545921558861617
Y1P,C39R	-1.0171816032809708
G41W,M45A	-1.051174662303913
Q11K,G44A	-0.9695226214624489
F18K,D28E	-1.0397494241506346
H25G,G44W	-1.2896145938959447
V2W,Q42Y	-0.5679763688521876
A4T,P47D	-1.0968175103673676
D22Y,R48G	-1.1864965327388708
D9A,Y50S	-0.5464721812444868
N29Q,M45G	-0.4275732171037356
H40A	-0.38694717966409475
M27T,P53L	-0.11688635243381715
Y1P,Q42T	-0.6357148031429609
E15P,K36G	-1.4176093874926865
V2D,G44F	-1.2627242338588287
P10W,G44V	-1.2245704619492876
A38R,P47A	-0.703068866124395
Y1C,C39G	-0.9864242009538797
L16G,W34D	-1.127686239857013
V2R,T52E	-0.9828680545603954
W35G,T52V	-0.9740648465096308
M27W,Q42K	-0.0952496592442508
F8W,Y50T	-0.6888190086382728
L16T,M27G	-1.4128635666807807
R20E,W34R	-0.17112765902433963
G37M,M45L	-1.0976583951879542
A4D,Q42W	-1.235919718085764
D7V,R20V	-1.0060906251133341
F8S,H25K	-0.6478597603196042
Q3M,G41V	-1.0698889332445471
G41W,G44A	-1.269319839367768
T43S,F46G	-1.0656506419796783
W34E,Y50C	-0.7787703168343298
E12G,T52Q	-0.04887636332677895
Y1M,T43Q	0.044691359752627224
R20W,W34A	-1.199033084546004
R20K,M45R	0.3051928660963802
F18L,P47R	-0.820175594705337
Q42G,V54R	-0.6247357745205004
F8M,T43G	-1.2272038154521394
G41E,N49E	-0.15273639753270268
S30V,T43G	-1.2728058020135231
G21A,M45A	-1.1097338354571085
Q3K,R19M	-0.2869553655418511
A4F,R20F	-1.3784272118396106
R20C,Y50G	-1.0650930125387124
V2S,G44K	-1.3057018577455182
G17L,Q42F	-0.5951290019337896
D9P,H40W	-1.21955073810684
W35V,G41R	-0.9016520696789901
D7W,Y50W	-1.0845626477801735
D9T,N49V	-0.02693192938534654
K36R,R48S	0.06543445664826386
F6W,Q42A	-0.2554650672449643
Q3T,V51S	-1.0995930003131607
F18L,N49R	-0.5309339372378903
N29K,P47E	-0.7932975265632749
V2A,W34P	-1.037915271512454
D28R,F46V	-1.3206765800189446
T43R,Y50K	-0.4007959632797289
F6L,F46G	-0.9972829798718819
D31G,Q42C	-0.4791145349527242
N55H	-0.04522824166444479
E15F,P53G	-0.440295997987063
D9A,T52I	-0.2583304436016644
R20W,K36C	-1.08573457426847
Q3D,Q42P	-1.438429520855366
M27V,H40V	-0.7862355817719809
W34I,Q42G	-0.8505943083695661
D31V,V51G	-1.2999815677734532
M27G,G41V	-1.3614199408949716
R20P,M27S	-1.087256350403002
R20E,N49C	0.08418779160588935
A4R,Y50G	-1.2444304319725263
F8Q,N55C	-0.9414771401966064
F23K,P53L	-0.2195927658208069
A4S,G44L	-1.332144340117917
V2A,Q11G	-0.44242331639747606
G44I,Y50G	-1.1813796472468798
T43G,N49I	-1.0383157612796072
F18V,P53R	-1.1532488516389154
A4D,M27W	-1.1175137126435672
F46G,P53Q	-1.0338496069834977
T0C,C39E	-0.9154666298735875
T0K,L16F	-0.8196766926592015
C39V,Y50A	-0.43630720354559444
Y1E,N49S	0.08491131875139779
M27Q,N49A	0.053693755714613295
F8L,T43Y	-0.7026252807950446
V2E,Q42R	-0.9033718272336926
A4P,M45L	-1.0216764307084791
A4G,T43F	-0.9376336591965727
R19A,P53V	-0.320819867435175
C39Y,T43R	-0.8694096304571869
T0V,Q42P	-0.9339919013059667
W34P,F46V	-1.3399973153917366
R19W,F46W	-1.2721833132003664
Y1A,P47L	-1.0127534252186043
G21R,F46P	-1.3402305065224853
D9I	0.018641309451214887
Q3F,T43L	-0.7710223960681291
G17R,T43W	-0.5592940603175044
R20S,H40Y	-0.5135876692426231
Y1W,K36Y	-0.23305277074240555
Q3P,M27S	-1.1815497042040535
D9G,G41A	-1.1892819977857185
M27E,C39A	-0.31922936400304075
F18A,M27L	-0.8193068851563242
Y1C,G41K	-0.6041245191925395
K36T,R48L	-0.8199118875249084
Q3L,R20E	-0.09265676016739384
F18R,P53H	-1.0955191225407317
T0I,R48G	-0.24704773313099349
R19V,Q42M	-0.5001449329827263
K36T,G44R	-1.1912879838815278
Y1S,H40Q	-0.5621962667492691
T0Y,W35C	-0.8197654241859945
R19D,F46Y	-1.357524415052341
W35S,T43Y	-0.978389870259508
E12L,G44P	-1.2149151237511162
Q3A,T43C	-0.582375251558622
R20E,T52K	0.28199783569007103
D22G,Y50A	-0.9068726190462808
Q3T,G44L	-1.1228262373224223
V2K,M45S	-1.0720122392892133
A4C,P47Q	-1.1360819778300457
M27E,Y50S	-0.5615796522956072
M27K,C39V	-0.4223290940908273
Y1F,F8R	-0.195618595046821
V2S,K36R	-1.0017248615173782
Q3W,D22Y	-1.2750814088006193
Q11S,G44S	-1.068251609036403
C39L,T52M	-0.19192880470576967
D9K,G44Y	-1.0390091196489466
D22T,M45Q	-1.126537483236909
Q3I,N49V	-0.23432077540371543
M27R,C39I	-0.7150799400961185
Q11V,T43V	0.03237258403511708
F18L,N49G	-0.5303571728587063
L16S,T52R	-0.9788041799651076
R20S,M27T	-0.11041279002607458
D9L,F18K	-1.2088309383998537
M27G,G44Q	-1.4385935374235026
Y1Q,N49V	-0.0170479633936801
Q3W,I24D	-1.278511241529516
F8S,P53R	-0.814850455753165
Y1E,Y50S	-0.5825044922557872
D9T,N49R	0.0530595177943583
Q42P,R48L	-1.2961804908608838
F18W,Y50S	-1.1431146685824416
A4L,G21R	-1.353542092325295
R20Q,D28M	-0.9887036686510116
A4T,K36G	-1.3405600177273758
D9C,F18A	-1.0140021918960254
F18E,M27T	-1.088884775353232
H40G,R48G	-0.505296756201291
Q42F,T52M	-0.25332392730153164
Y1A,Q42D	-0.6875503080087051
K36V,M45G	-0.4479442275334003
G21W,M45S	-1.079376741185098
G37L,N49R	-0.9246635943386249
M27T,T43C	-0.1233801507186204
V2A,G44I	-0.9984752441240043
A4R,P53R	-1.2091197854535936
C39P,Y50R	-0.9012517185920768
D7T,F18M	-1.14849961340468
Y1F,D31K	-0.6947936104484573
F18D,N49S	-0.9314424483114101
Q42L,F46V	-0.9825790136934227
W34M,R48A	-0.0006780902697305774
D7A,R48G	-1.0229339796059946
E15G,M45C	-0.44247343596050315
L16R,G44V	-1.204121915573335
Q11Y,Y50L	-0.35776663966320554
F18P,G44A	-1.3466821914657605
G41W,N49D	-0.8268872556910578
M27L,A38L	-0.05714055648401435
G37L,R48G	-1.2198733155277184
Y1K,V51M	-0.9100256239838087
Y1K,V51Y	-0.9478386830261998
M27C,M45C	-0.6576867179950292
D7G,T52E	-0.9115552699494701
V2H,N49R	-0.3251745007549357
M27V,N55F	-0.22712590284553424
D9K,C39R	-0.6750327301367813
Q42P,M45S	-1.0271744289139422
I24L,D31A	-1.1891776554572395
Q3D,N49K	-0.6124613540253206
G21L,Y50L	-0.7946968118076697
G21S,N49S	-0.674100460583443
Q3S,F18L	-1.1637408212755675
V2G,F18Y	-1.2986244809278422
Y1E,M27E	-0.22196275727986597
G17W,W34G	-0.809821534663616
D9R,T43R	-0.48122486238147105
D22L,T43G	-1.4136951285415926
V2L,R19V	-1.1324326374152678
A4H,T43G	-1.4219996387349665
R19L,V51S	-1.2060613044907524
G37L,N49C	-1.0036019085620913
Q42T,R48C	-0.21730486697029414
G21D,Q42G	-1.127962216255795
M27E,R48D	-0.9300167544643334
I24G,R48A	-0.827641224303387
G21A,Q42S	-1.06746120335103
G21R,R48A	-0.6491833813964013
Y1D,T43C	-0.41892089796964604
R20V,P47C	-0.7665161946092997
A4Q,T43K	-1.0552835471781816
V26N,V54T	-1.0714490644714791
L16S,Y50R	-0.9524878650176951
E15V,R48W	-0.9047510025673635
D22K,C39G	-1.3980379927633735
Q3G,V51E	-1.3644052708362489
Q11L,Q42R	-0.048728287537783015
D7A,F46G	-1.3471857814975183
T0G,R19E	-0.34249003880598683
A38W,R48V	-0.39851636384281897
V2R,K36V	-1.0801640926968334
T43K,V54W	-0.17948376921336243
Q42I,P53G	-0.3810995368706528
V2R,T52K	-0.7637652480100274
R19K,G37T	-0.9290457634101519
Y1P,R48S	-0.22293448218819562
T0V,G44P	-1.0703810263363676
R20S,H40A	-0.600151226161344
R20G,D22G	-1.327859809239616
R20G	-0.4374616395106139
F18H,M45W	-0.8908135877872624
A4N,Y50L	-0.9252961445038294
M27D,Q42V	-0.5796616692954143
D9E,F18H	-1.0328351469591377
G17M,P32V	-0.4629068615093944
T43H,N55D	-0.29161699284912723
T43H,N49C	-0.2544898232591613
V2C,F18E	-1.0831751626271724
F18R,Q42P	-1.3979294906411426
E12K,F46K	-1.0070263069680565
A4V,R19G	-1.1985226606027364
G17V,K36G	-0.9774698159853477
R19H,T43E	-0.06910141136468032
D7G,H40R	-0.8490390431508158
M27G,P47G	-1.3799303231901794
S30L,N49A	-0.6070307083698473
Q3K,T43D	-0.6092975132592797
F8M,T43N	-1.0243699081380724
P32S,T52Q	-0.19459525278805634
F18W,N49C	-0.96285024533189
D9W,Q42T	-0.39114348448491476
V2W,C39W	-0.8945747442685238
R20W,T43M	-0.9741815085028726
F18G,R48E	-1.3806433720839317
G17A,H40T	-0.7064165985936203
R20K,G41E	-0.16568961183805758
Y1E,L16V	-0.8626293596688249
V2D,Q42W	-1.2573004935895635
A4K,N49V	-0.9916011360419639
F8W,F46G	-1.0077858888495466
D22K,T43R	-1.24712753383612
A4Y,D9V	-1.0523355532747043
E15A,R20F	-0.9174460712613209
G14W,G44V	-1.0585294517471568
V2Y,H40W	-0.6984380257979375
R20T,C39W	-1.0679997748443761
E15L,G44E	-0.8205465691232534
Q3D,E15A	-1.0619627676360233
G17S,A38V	-0.08752343156934742
D7W,R48A	-0.8563309166073494
R20A,D28M	-0.9144113963690617
A4W,P47T	-1.251079758055015
A4G,Q42E	-0.7627158698629036
T0W,M27S	-0.4513198585358158
Y1T,G17R	-0.015361753781031662
F46A,N55K	-1.1379030569796291
G37V,G44E	-1.2479316580871986
V2E,N49V	-0.9172176302748657
D22W,Q42V	-0.8526383909945372
M27E,Y50W	-0.3243226674108094
R20K,I24N	-0.735804613624258
D31M,T43G	-1.2856466499957426
G14R,D22W	-1.090945876139687
P10G,Q42N	0.002229088099137126
Y1C,R20G	-0.6381153461047506
M27G,T43G	-1.322867278784393
Y1L,G41R	-0.5333915440480443
A38G,G44T	-1.1385372073328792
V2F,P47W	-0.9597355843355351
Y1W,N49A	0.20873786700173858
G21V,W35R	-1.286115931165771
M45G,N55S	-0.5913215211948526
C39P,N49R	-0.8720318492557755
Q3R,D9R	-0.23420408169959844
R20W,P32E	-0.9533789349577255
Y1V,M27L	0.30461520821027005
Q11G,Y50G	-1.0140954626552174
S30K,G37F	-1.2006877687257609
V2G,T43K	-0.9863785358431219
Q11R,F18R	-1.0997149373608122
G14W,N49G	-0.301736229076359
R19P,Q42R	-0.8855403925894177
T0Y,M27R	-0.4426391873254806
H40A,P47L	-1.0019323685703023
W34S	-0.4901952379038835
G17S,V54N	-0.1892935422913153
V2S,Y50M	-0.7788025198516861
F8V,F46G	-0.9741334037192384
T0E,G41V	-0.9829076211076906
W34Q,N49C	-0.4078775003586925
S30L,P53I	-0.9714007448140088
M27I,Q42V	-0.05100004725542215
E12R,R20W	-0.8123629778820651
D22L,M45G	-1.1152462203209972
Q3P,G44L	-1.3413090277263797
A4E,I24P	-1.2474471683966681
F6I,F46V	-1.0028302408195293
F18K,M45G	-1.118858019856416
V2Y,F18L	-0.64133871057883
Y1S,P10G	-0.2759523337848261
P32L,Y50W	-0.6129213487381266
W34L,M45G	-0.7096209501599038
K36H,T43K	-0.3370780195667192
V2G,R20E	-0.8837363148744444
W35M,P47K	-0.7707338620854792
Q3P,G44Q	-1.3737063611220384
F6L,M27Q	-0.34077393981763915
D7L,M45L	-1.1180924627223048
T0W,R19L	-0.6940004166347425
K36P,P47R	-1.0685052808927642
D7G,P53G	-0.9069038723948286
A4N,T43G	-1.4425122161012764
F23L,T43R	-0.21651305340156865
Y1L,F18I	-0.7742846315646452
K36R,Q42L	-0.2985765813119471
Y1S,A4E	-1.2076628143657457
Y1Q,G44Q	-1.066197613068322
W35V,Y50M	-0.4692469270407204
Q42G,F46S	-1.1983093975984946
Q42E,N49W	-0.07530707090659254
A4L,P53L	-1.1570386944090232
F18H,M45A	-1.1781869600674295
Y1N,Q42D	-0.5350908569095986
T0M,M45G	-0.4133360808032082
F18W,Q42V	-1.0570631248406772
F46W,P53V	-0.9770911275665698
K36G,G44K	-1.3908000882094038
M27C,V51S	-1.1841408527443336
Q3K,H40R	-0.002831441861235077
D28E,Q42P	-1.007026210229594
T43S,T52Y	-0.49605988135415424
V26K,G44W	-1.274253988822671
W35R,G44D	-1.1791067768569201
M45G,T52Q	-0.3617857132250854
F18K,C39Y	-1.3399991222492558
T0R,T43N	-0.5456266996938539
W34M,Q42P	-0.878354318595599
W35C,T43E	-0.4969651104232466
G44V,T52S	-1.0348942543846729
R20G,F46E	-1.3118536749471021
G44C,N49M	-0.8830380272538028
F18Q,M45D	-1.3839208172703412
D22A,W34S	-1.1445257907638275
A4S,D31G	-1.061075390104387
V2P,V51K	-1.2730324147883245
D9T,G41A	-0.8268339793629997
M45T	-0.11312889569094982
V2G,P32D	-1.1466339484548151
R19V,P53A	-0.49015103966818707
P10G,Y50G	-0.7477752280177101
T0V,P47W	-0.8202696217440444
F23A,T43R	-0.6773380837155413
R20W,G44P	-1.3987430377007202
Q3R,K36R	-0.14954791043553867
D9E,Y50E	-0.9487638269811637
A4M,C39V	-1.0659022674028422
Y1H,Q42C	-0.1042050580627346
T0V,R19G	-0.4810529533240071
F18G,V51G	-1.3271038755586924
Q3R,K36C	-0.3575686206169949
G44N,N49A	-0.8328871623830904
Q3R,F18W	-1.0587353775946524
D7H,G44N	-1.3125774058415403
V26T,W35S	-1.199036552904592
E12A,Q42G	-0.6112296716288004
E15T,P32C	-0.6770718831450969
M27G,K36M	-0.9543192459437203
Y1C,R20T	-0.2770473551722195
A4T,I24V	-1.0865524279159768
R20M,W34L	-0.560665698371763
R20K,Q42P	-0.7328777992557092
A4W,G44K	-1.390697896395639
V2G,Y50F	-0.9686772520416681
D9V,D22C	-1.054866668605537
F6E,A38G	-0.5102098347293136
Y1G,I24P	-1.3038750489235844
D7Y,Q42W	-1.2325699392564582
Y1I,G44F	-0.7747826792849201
Q3M,I24R	-1.1308143811683107
V2H,Y50M	-0.49389849221451676
G41V,P53R	-1.1040664654972048
D7I,M27G	-1.4577856385762673
A38F,N49W	-0.3534689099730091
Q3T,D7C	-1.127413763386829
W35F,P53S	-0.7112160916186612
R19Q,Q42G	-0.5732283597680325
Y1G,P47H	-0.8814256614823565
L16G,Y50W	-1.0954029031045154
D9L,D31G	-0.6689188788902981
R19V,G44A	-1.166901163731491
R20D,F46G	-1.4016481352167305
V26A,N49G	-0.7690137421019142
F18G,M27R	-1.2788149203938513
Y1S,F46C	-1.2044904745956453
D22W,T43A	-0.9666532781911722
Y1F,R20C	-0.31508907271949965
D9L,F46Q	-1.2063542669267515
M27E,Q42I	-0.34686204975002016
A4D,Q42N	-0.9034049909580175
V2C,Y50S	-0.6356356165166602
Q3C,P47V	-1.0063695905476195
T0R,T43A	-0.3789692204494167
V26G,F46M	-1.2984915284929763
D9Q,M27D	-0.5519295038915241
G41V,N49P	-1.1940362434250826
W34G,P47V	-1.2485665299034199
V2D,T43K	-0.953935550804717
Y1C,P53G	-0.18634108731298157
Q11W,R20G	-1.0467752858140749
G41L,N49A	-0.6731867458119778
D7S,G44A	-1.2442122907489925
F8G,M45A	-1.1186233472694715
T0C,R19G	-0.49511927522110677
W35F,T43G	-1.243887455689572
V2L,L16P	-1.2256483802483649
A4M,D28E	-1.082899665900522
D7V,P47D	-1.07053558335832
F6R,F18S	-0.9676339941232796
D7G,G44C	-1.2799363107357453
T0R,T43C	-0.2769646597100931
T0G,M27Q	-0.21976864107903185
M27G,P53Q	-0.9073687205183083
R19W,I24T	-1.2355871405515602
V2N,R19C	-1.175593285715243
R20G,T52H	-0.6078654487620927
M27V,N55I	-0.11173426895666524
Q11W,G44E	-1.2590097906657778
Y1A,T43Q	-0.38619278202311974
A4N,C39V	-1.0788331748164466
P10L,W34G	-1.292599178203512
I24G,N29R	-1.0564100516390036
Y1V,D9Q	0.10773461436260624
V2T,E15F	-0.9956311548212703
M27G,F46C	-1.4204194252068982
C39G,R48V	-0.9141350399658587
R20V,N29E	-0.3463780220615249
D22E,N49M	-0.3796151936055221
R48K	0.2424931721326984
V2E,Q42C	-0.9138943287254353
D22G,N29S	-1.0544139374844212
F6Q,G14L	-0.7547768664423402
K36V,P53R	-0.31415749282301036
R19C,H40A	-0.7615717946371489
A38K,N49E	0.14997528794249357
V2G,V26F	-1.2051581870300685
F6G,G21E	-1.2093947993057959
M27S,P53E	-0.28536916699853393
V2W,Y50Q	-0.8396510670391468
D22H,M45Q	-1.1124195575153957
D7C,N49A	-0.8724291032233057
V2L,F23V	-0.732540616726284
Y1C,S30D	-0.521477491122053
V2T,M27V	-0.8276366271161795
R20K,F46M	-0.7692165297345719
L16K,P47S	-1.155770007803496
G44P,P53V	-1.1034368632521334
F8V,G44V	-0.9136641104734986
V2K,M45W	-0.7907479537844662
T0G,C39S	-0.6338136638367313
E15T,N49V	-0.24371253602452708
A4V,G37W	-1.3562561714770374
M27E,Y50A	-0.22390854653904727
A4P,D22G	-1.3001026353909289
D13A,F46V	-1.04078636146859
V26T,N49R	-0.7513275252664539
P32L,Q42A	-0.4808502619166279
G21L,G37K	-1.2967548704712586
T0F,Y50M	-0.017672099478990982
A38G,R48V	-0.284318824606144
W35E,M45R	-0.79539080411135
Y1A,G21L	-1.2131610276909395
K36Q,T43A	-0.43996692687629535
Y1Q,N49G	0.03631394293996283
Q3T,G44E	-1.1750078242709643
K36S,P47K	-0.8157979706082387
G44Y,N49W	-0.8643157573492004
M27R,K36W	-0.6739212181611189
V26R,F46E	-1.259546478165503
R20K,Y50V	-0.003453794812377016
P32K,T43G	-1.0073448447259572
P32T,T43R	-0.5694757059977674
Y1C,R20L	-0.6762496453417097
R20A,W35L	-0.16278372024066778
F23P	-0.5489213223694714
R19W,Q42C	-0.6755234753688999
F18M,T52H	-0.865083673240746
D22V,N49V	-0.9350233306440368
A38E,P47K	-0.3133382082715345
Y1E,T43H	-0.4166350145183924
Y1W,W35A	-0.8641045178911932
Q3I,N29S	-0.3497888613827948
Y1A,G44A	-1.2238608405379312
R20M,G41V	-1.0414948819343754
F6A,Q42L	-0.2156521591540982
D9E,Y50V	-0.15641050683439595
A4R,Y50C	-1.081101498695914
Y1S,D7G	-1.1307329202160217
R19S,Q42G	-0.6308294310031469
V26G,T52F	-1.0452382304937116
V2R,N49M	-0.9753957699427815
F18I,N49P	-1.1256247044543761
A4N,Q42V	-1.0516109695382119
F6L,F18Y	-0.9422522466311902
M27G,G37M	-1.4432887229803861
M27L,C39L	0.05230464011969938
A4M,G41K	-1.1841554511940626
Q3M,T43Y	-0.3620373260709219
T43A,N49L	-0.3479627349705269
G44R,P53E	-0.9978127388298158
W34C,Y50A	-0.4544934484243268
F18D,R48W	-1.375488542796957
G21A,R48T	-1.0346451243175923
D13C	-0.4461568496320627
A38E,R48F	-0.40799447823584
E12G,N49W	-0.185020676022637
E15M,T52R	0.11280055495722466
A4S,P53R	-1.0836060674671522
A4G,Y50C	-0.8305125907179526
H40Y,T43G	-1.230076628430297
M27V,Y50W	-0.2286218683918254
Q3A,G41M	-1.1289700430962204
V2Y,M27W	-0.3465772247818782
Q3A,R48G	-0.8079037979823335
A38E,Q42L	0.021558346597482674
F46K,T52R	-0.978097159292629
T0W,N49Q	-0.12360359496934537
E12R,M27K	-0.2554177620361446
G37R,P47R	-0.9463136578056405
F18W,A38I	-1.1469441848910693
T0R,V54L	-0.10413268509724674
R19G,T43G	-1.1442817417485251
D7W,R48W	-1.37074574834626
R20G,D22A	-1.1857185954309761
F18R,Y50G	-1.212515868331347
D22A,W35E	-1.2941753832840477
A4T,T43R	-1.0586452521050345
R19A,M45A	-0.612345151244531
P10K,T43G	-1.1303224100081208
A4Q,P47R	-0.9958268581216883
R19C,T43G	-1.0889878448143935
K36M,Y50T	-0.7651687343751107
T0Y,C39G	-0.9474446967669201
L16G,M45R	-0.8745115458951326
W34L,M45C	-0.6053043719198933
R19Q,G37W	-1.1457210922409815
R19G,Q42V	-0.502151006278085
F6L,M45D	-0.7959966136028902
Q11R,T43G	-0.8703029954608197
Y1M,M27K	-0.22332157920193207
F18W,G41R	-1.3330597220393108
Y1S,F6L	-0.42819862762579036
F8Q,P32V	-0.9139249313168439
P10W,W35Y	-1.1441928297090453
Y1N,V51G	-1.113211422635132
E12G,T43R	-0.3470639477728945
D9S,D31L	-0.9696548016455265
V26A,C39G	-1.3208463986286232
T0C,G17Q	-0.09756724540612483
Y1W,G44T	-0.9599570476415733
Q42V,N55A	-0.18736273879368728
A4M,F18N	-1.274626789395707
D31P,N49R	-0.7273111972126949
A4R,M45R	-0.9088746107671676
R20L,Q42S	-0.7130437616661877
G21V,M45V	-0.9887859847880563
D31G,V51Y	-0.9568868680081618
D9F,M27G	-0.9881670506744276
D31E,F46M	-1.2102005424646929
P32H,M45R	-0.23357735774180557
G21R,K36R	-1.1137246876743714
F6W,T43W	-0.7339212933263433
Y1W,L16K	-0.9752950437642234
R20V,V51L	-0.9072746763574294
A38W,N49V	-0.34559965886742194
M27F,N49G	-0.13271736657044045
F18G,R48V	-1.0145307034240967
Y1L,G17W	0.010257505031256442
G14R,M27K	-0.7219096190759462
F6A,G44A	-0.8471802881410189
A4P,T43Y	-1.058452969662823
A4P,G44L	-1.2820741447936854
F8A,N49L	-0.8606475258374562
W35P,G44R	-1.2384560858522469
V2F,M45E	-0.7492826011064521
F23G,T43E	-0.8725196121961363
P32S,N49E	0.04488628537010486
P10G,M45R	0.147240695484247
S30P,N49W	-0.7090715847364838
A4W,P53W	-1.192144968297383
M27Q,W34L	-0.5514458728806813
D28G,Q42D	-0.9900452436779479
Q11L,W34G	-1.0604351005773374
Y1M,G37R	-0.9847599944516358
E15K,C39R	-0.6289993351585048
G37W,T43V	-0.9359805915621919
D9R,G44K	-1.158809741236747
F6N,R19A	-0.569501684195569
G21A,Y50E	-1.3404117906219633
N33K,G44F	-0.9725612900845872
M45G,N49S	-0.2184447861939992
C39G,N55S	-1.1324990122821212
G17V,N49M	-0.3646381008991216
R19L,P32L	-0.9353715930316606
R19L,F46G	-1.25899369971251
M27W,P47D	-0.858921588885092
Q3R,M27L	0.1713334420266035
M27K,W35N	-1.0914349513555788
W34K,N49G	-0.25389745286227056
Q3S,D7C	-1.3186316987446607
M27Y,Q42L	-0.6174836815947706
D7V,M45L	-1.0027499822457164
W34R,P47I	-0.7180260042406847
Y1D,T43A	-0.5124853351042716
D9K,M45G	-0.4756864888695567
N33G,P53G	-0.46615444354185054
Y1W,E15S	-0.33335179207286275
M27V,Q42E	-0.018087670475498197
Q3S,M45E	-0.9701523051550133
L16G,N49R	-0.898560260621728
V2G,A38E	-0.7532316328433224
D22E,T52S	-0.38533443662362243
M27W,Y50L	-0.15666849431534388
R20M,M27K	-0.4064338900411902
G41R,N49L	-0.7188814650792852
R20W,G41R	-1.2906354638792685
M27L,C39F	-0.3177916128639786
V2D,D22R	-1.2844383475585024
Y1G,R48Q	-0.9603213889683445
F23M,W35P	-0.913776296289639
F18L,T43P	-1.279915415139201
P10Y,T43M	-1.0084345523006757
Y1L,G41K	-0.4113663802439552
I24R,M45A	-1.1757010208207799
K36F,P47F	-1.0364549825657243
F18R,Q42H	-1.0888925770682416
F6A,Y50F	-0.12314294952352448
Q3R,E12A	-0.10445456962252489
D7G,F46Y	-1.3390414374516322
Y1A,K36W	-0.7293554681431376
D7H,Q42V	-0.8474598126119515
D28K,M45N	-1.0975785259694688
Q11M,P47L	-0.8254802317501355
F18V,Q42G	-1.2039161433858494
F18Y,T43A	-1.0690400592330387
M27F,T43G	-1.0916490599115656
Q3M,G44N	-1.0959005625169178
W35G,T43L	-1.0858426570840365
Y1R,E15C	-0.15721542213377138
Q3G,R48E	-1.304088894051802
G17W,F46A	-0.8322195161069218
D9V,G44Y	-0.9976034385961823
M27V,V54S	-0.13577982616536158
R20G,T43V	-0.3256110277353823
F6W,Q42W	-0.7066457844196411
G21A,V51Q	-1.311115979540076
D28S,G41P	-1.2922333522747462
A4S,M45W	-0.6978482549185188
Q3P,E15P	-1.4073870686901295
H40Q,Y50V	-0.47132181835794484
V2G,I24D	-1.3397633184395057
A4S,R48L	-1.2981643986809681
V2G,T52L	-1.084871338689834
A4R,H40K	-1.0300205254104444
G37N,F46G	-1.2353850556678998
Q3V,G14R	-0.5725531988340321
R20W,G44H	-1.3963983498516896
T0M,E15W	0.03367739728049192
V2G,R48A	-0.698070363843733
Y1E,Q42P	-1.0010976834683654
Q3N,T43L	-1.0187456431794202
D7V,F18L	-1.219303649950166
D22V,W34M	-0.9760841387024248
T0M,G37T	-1.0751054553000954
Q3T,R48H	-0.8532010459625715
D7E,M45W	-0.48720688620180536
T0Y,T43K	-0.17042510488384444
E15L,W35C	-0.52681302491276
Y1R,T43N	-0.4389029108379285
F18S,W35V	-1.0724843761506795
K36G,T43A	-0.9413705172738549
A4T,M45P	-1.3853038013610446
H40A,N49S	-0.13668190128649932
G21A,F23Q	-1.0369825864181703
Q3G,Y50E	-1.3837177720453162
D9G,F18M	-1.2527246462278012
G44I,T52D	-1.1885353837318258
W35S,N49W	-0.7330963015354861
W34E,N49G	-0.5758024549954861
Q3H,F46R	-1.2640606407733608
V2E,T43Y	-1.082950818083456
A4E,R19Q	-1.119146349668733
F18E,N49S	-0.9225384165730269
M27G,Y50W	-1.036836327835917
F6G,T43M	-0.6692197544219443
Y1D,M27V	-0.26347406356048314
V2G,G41C	-1.3913836083949866
E15N,R48M	-0.4771958738506754
A4T,C39W	-1.3040577168561622
A38V,T43G	-0.93944293698368
G37V,N49V	-0.9912707657621629
A4M,W34K	-1.015264157451507
Y1V,G44K	-0.8817349338052582
D31W,G44N	-1.3270299390179643
Q3V,R19K	0.09495983973285643
D28E,Q42L	-0.3878784424996339
D28A,T43A	-1.05619400259124
R19E,N49W	-0.14972031652410145
Q3L,T52Y	-0.48475302804011655
R19G,N49E	-0.2179359322001439
D7W,N49V	-1.0175116246304172
Q42S,T52R	-0.06855851046478324
W34T,F46E	-0.8969870560532749
V2E,W34G	-1.34087386610131
G17R,G44I	-0.9785746898104939
V2H,G44N	-1.106282976282829
V2W,P53A	-0.41348061275410763
E15G,R20S	-0.40407653730507415
V2C,G44T	-1.0662541175103972
V2H,Q42G	-0.8639878709027317
G17W,F46C	-0.8243182567283905
Y1E,W34L	-0.49054024606511304
Q42C,Y50V	-0.28371737538991837
Q3Y,G17M	-0.6204864580693956
Q3T,F18R	-1.1766858282285064
R20K,C39I	-0.004950115408396974
M27L,T43H	-0.08325508089448526
P10A,N49K	0.1745000561223156
T0V,R48Q	-0.2376154768193511
A4E,M27V	-0.9929124571248744
D7A,N49G	-0.6001700349249327
D9G,R20C	-0.9314806563066552
A4E,R48W	-1.388554980144556
F18L,N49A	-0.48451439288432396
G21S,G44L	-1.3434214360907273
R20V,M45E	-0.46777017996055636
A4G,M45F	-0.783718867521046
Q42R,R48E	-0.3962754737635426
Q3H,Q42V	-0.5637972741420567
V2E,F46K	-1.2886120824778207
V26K	-0.9767623257372291
Q3R,K36A	-0.5911254118254893
A38S,M45V	0.05861235866520379
Y1E	-0.0651300283933262
R20A,N49R	0.21418442917604846
V2H,N49K	-0.20379323088072593
Y1H,R20V	-0.165642945716225
Y1C,Y50P	-0.9874000640911367
A4D,E12P	-1.1977783062772
N29W,N49A	-0.2614385354022511
R19V,T43P	-1.157143860238159
R19A,M27L	-0.04585262005433992
A4Y,F46E	-1.236370476719972
A4E,G44M	-1.2991259220404325
P10T,P47D	-0.8334815365018091
Y1K,F18H	-1.0463548117768853
D7F,W34Q	-1.0478757702094736
Y1C,D28G	-0.9439245853692171
F8H,V51D	-0.9265551471614473
G44K,V51A	-1.1908195054665671
D31M,G41W	-1.2487084993563995
D22G,M27N	-1.3179053865540111
F8L,G41M	-1.0887489958989458
D9A,G44K	-1.1042104796501504
F8K,W34C	-0.9856669399024895
A4L,H40S	-1.2774417461471679
Q3I,G44R	-1.1813072018561726
R19G,F46S	-1.2319316855568583
V2K,W34P	-1.327244202881769
G21A,T43A	-1.1020927724501484
W35F,T43C	-0.7747918886234911
S30P,M45K	-0.7442708980813693
V2A,G41V	-0.9981043087582551
F8R,M45E	-0.5250934364717836
R20V,M27A	-0.6033939198971534
V2A,G17I	-0.6768512604845387
K36E,Q42R	-0.020683677914968765
V26G,C39R	-1.2547358427507116
W34E,Q42S	-0.7962986041395468
R19P,G44L	-1.2884233452003402
Q3P,A38G	-1.0973731332321888
G21I,R48A	-0.9062970451421851
R19K,A38G	-0.13166398143223415
W34T,Y50R	-0.2856542378448238
R20Q,Y50C	-0.2324014929983925
M27G,R48G	-1.074260566252606
Q3L,G21A	-1.0662059681188873
E15V,F23G	-0.9546544316941012
K36D,N49E	-0.618756134659721
D9W,C39W	-1.0001521823534045
F18S,T43P	-1.3960663160370053
F6Q,P53E	-0.2669289239867826
F6K,N49V	0.06891122966101024
G17T,Y50V	-0.48402295147696905
D7W,M45T	-1.092832005588037
F46V,T52A	-0.9388442238153466
Y1W,R20L	-0.5135792590552439
K36Q,T43P	-1.0626346053361502
R19W,R48W	-1.196360986659165
R19W,G41R	-1.1340300683513607
V26G,Q42R	-0.9191264842576212
D22L,R48T	-1.1034300531033039
E15P,K36R	-1.19998400686709
T0A,N49L	-0.1584901454292754
W34H,N49R	-0.3892182429866252
H40L,P47K	-0.9986382042762384
R20K,G44D	-0.6692843447491712
V2S,N29H	-1.0591158651770762
F6R,M27A	-0.5364083700454249
V2S,Q42R	-0.6511297217811285
A4E,Q42E	-1.031992981470083
Y1G,T43P	-1.256837496988815
T0Q,D7S	-0.6323829117043209
K36G,F46E	-1.376123574024916
R20K,D28A	-0.6469089154782457
F18R,N49M	-1.080232093685676
V2E,Y50E	-1.2877296065569523
D7W,M27W	-1.2038433058822806
Q3S,R20V	-0.6736946449719976
D7V,G44A	-1.3184356688242043
G17V,A38T	-0.35291872830311644
M27R,V54T	-0.5031675235381408
D22C,P47N	-0.9255782211714167
V26E,P47G	-1.2825867109620548
I24G,R48V	-0.9511948973733603
D28E,Q42R	-0.12121569943144397
A4K,G21R	-1.35658688872042
Y1N,D31R	-0.9399630644888491
M45H	-0.254659801941221
L16Y,N49G	-0.9189021233469584
F18W,T43F	-1.223883767655117
F8V,T43C	-0.5148030762143787
S30L,T43R	-1.0328243310273455
F18V,G44A	-1.3036269117385983
R20P,Q42G	-1.1738010457256056
D9G,A38E	-0.44584221751681746
P10L,M27G	-1.3703142074307815
Y1F	0.06666783410332833
T43L,R48A	0.027378000450804275
M27G,Q42D	-0.9934615229243059
F18I,G41L	-1.318520774733165
D9G,R20Q	-0.6408564469532776
L16R,Y50R	-0.9740423782440286
Q11V,M27E	-0.19345671509793308
V2D,F46G	-1.2592933015968426
D13L,N49Q	-0.23161416228308024
L16A,K36L	-1.0715067050576144
T0R,D7M	-1.1954973917839626
W34V,F46M	-0.8967151422291098
Q11A,T43W	-0.6312720773262189
F18W,G44Q	-1.3254705694740079
T43Q,T52G	-0.08197917099211546
T0E,D31M	-0.8836310063359438
Q11W,G44Q	-1.2684730727868945
M27G,T43F	-1.1115253240034781
V2A,M45G	-0.5896448495839363
E15A,M45G	-0.5347381872431414
R20S,M45W	0.008885759924533608
Y1C,R48D	-0.9592097856937406
N33P,G44L	-1.2799341823253494
V2F,V54C	-0.3493263912740079
G21A,M27V	-0.9287667942221007
V2P,T43P	-1.4106520731544545
Y1S,R48G	-0.5665956643924763
Q42G,V54S	-0.55410299674199
D7A,R20W	-1.324482441396733
E15V,R48G	-0.5737019079155659
Q3A,K36D	-1.1737335058957123
K36N,M45G	-0.840649729039672
R20L,P53N	-0.6669743124129718
V2S,N49G	-0.6763028414515502
P32C,G41R	-0.9840594975591885
R19L,N49E	-0.13681421231446783
T0K,Q42G	-0.5114086395375144
V2M,F46Y	-1.0826262663845947
P10R,K36C	-0.8597379378875915
Q3G,W35A	-1.3316893051203442
D9T,F46Q	-1.1014090761310817
M27L,T52S	0.02431719815686253
D9T,G44K	-1.0491269756497723
V2D,M45E	-1.15872234487445
R20L,Y50M	-0.6694990620202781
F6T,R20G	-0.7617182727704104
F18Y,G44F	-1.259384389729234
E15G,R48C	-0.3024713182313737
M45G,N49W	-0.4424205643822158
V2Q,R20S	-1.0352951752346564
M27E,F46G	-1.0447636654235322
F18S,N49M	-1.0306232247557727
Q11L,F46M	-1.1037558124705469
V2D,F46K	-1.2184308319577883
F6G,C39V	-0.7483804870044514
Q3N,G41Q	-1.22869758818432
D28M,N49G	-0.8022035126184366
V26H,W34F	-0.9705888675267487
A4D,T43M	-0.9498311791569527
P10S,P32G	-0.6352252233655921
D31S,N49K	-0.27771696722032896
Q3K,R19W	-0.6818888362480674
V2R,T52N	-1.1366237222780073
H40W,R48T	-0.8843019318471952
I24V,N49G	-0.44234881969290285
Y1K,C39H	-0.44787452830097096
V2G,R20P	-1.506355355049243
F18P,C39V	-1.088578038567002
R20A,P53A	-0.006885047239831445
W34M,T52W	-0.35084090224901865
D28R,P53A	-1.0408383696167802
Y1H,G41W	-0.9866305205009838
R20E,M27L	0.26692451432846515
M45E,P47H	-0.7865191260799701
D7R,R48A	-0.6807566542054357
E15R,Y50A	-0.24575427387803034
Q42G,P53H	-0.6238452732949102
N33L,R48G	-0.5547592163817852
M27W,Y50V	-0.5035001414038611
P10Q,G21Y	-1.277869529274209
F6H,N49R	0.09864036515233976
V2S,H40R	-0.8052280681646613
P47R,N55C	-0.6788530976476188
Q3N,W34G	-1.4426368201036301
Y1G,G44A	-1.3108076865017486
Q42W,N49T	-0.4609837958597559
M27F,G44R	-1.1408372296848706
M27K,C39L	-0.4394345853783508
Q3C,W34L	-0.5828222838403988
P32S,W34P	-1.149516714761083
A4S,A38E	-0.6915624816166741
C39M,P53S	-0.4918177594024455
F8L,F18V	-1.1898926419158702
A4F,T43C	-1.0673437444407703
R20V,A38V	-0.11755592592756003
F18D,N49T	-1.0106412777599918
R19L,P53Q	-0.48159241047147877
W34L,Q42S	-0.531801140046161
G21R,W34M	-0.9860430990698876
P10D,N49W	-0.589931709978349
R20K,M27T	0.2567195704537736
M27E,P53G	-0.1809902574600611
V2G,G37I	-1.4008791274087873
N33A,G44V	-1.060124456671556
F18E,N33M	-1.1456672851581333
Q3L,F46M	-1.05567825234483
G41R,N55V	-0.8421791363790859
V2W,Q3K	-0.3208996261282881
M27V,T52Y	-0.31451393562280605
R20G,G44F	-1.2380626443073923
T43Q	0.05687636456758068
V2P,T43Y	-1.105150091424076
Y1P,G41E	-0.8556261441151114
T43C,Y50S	-0.6106540753334226
Y1G,R20C	-0.9036792517761741
Q3S,F46L	-1.2850025821626747
V2S,T43K	-0.8542348647923034
K36V,P53L	-0.21375143379899145
V2G,T43P	-1.3796993998328824
F18G,R19S	-1.1285559667541456
G21M,G44L	-1.3008874584592078
D7P,Q42R	-0.7092373128188797
W35G,Y50C	-0.9642330500561147
Y1M,G41W	-0.8677243972001172
M27T,F46R	-1.0196616565467047
D7L,T43L	-1.184417871152653
Q42L,V54Q	-0.3118972113728539
W34E,V51G	-1.148958820920582
R20V,N33S	-0.21709932562596757
A4V,G17W	-0.7739221161399027
V2F,F46S	-1.0943221885894383
Q11G,W34G	-1.0825524614897577
G14A,N33G	-0.8349978342687597
P10G,V54M	0.03330999155295937
V2G,A38V	-0.9921431585493629
M27F,W34S	-0.7451052151576345
Q3K,F46V	-0.8675919577043696
F8G,R20L	-1.2901023034670323
Q3T,D22F	-1.149057577843247
A4K,L16R	-1.1946339159979
V2M,P47E	-1.0557142245247995
A4R,R48G	-1.2178312867334888
M27G,P53W	-1.0175926794190606
Y1F,I24G	-1.0093661966462684
M27V,R48Y	-0.5414404622818062
F18L,N49E	-0.43183530364202105
Y1G,F18E	-1.3216378444568306
E12L,G44M	-1.1492103958947943
T0V,T52I	-0.12533495519638957
G41W,N49F	-1.023064468441352
D22Y,D28G	-1.2988066577966118
D28R,P47V	-1.3226256082215166
Q42F,P47R	-0.676776892985739
V2G,Q11E	-1.065725155838026
R20A,F46E	-0.9626567309768439
F18E,D31G	-1.0482600231759054
T0S,T43R	-0.3029838552722246
V2L,G41W	-1.2687218291011781
G21S,H40A	-1.2393928767534288
A4R,R20V	-1.0563609736437232
F18T,M45G	-1.1072843764660685
Q11V,R48L	-0.7630661204213998
W34G,T43V	-0.8683351092484775
W34V,Q42F	-0.4702189423658805
F18Q,Q42R	-0.992017645957347
L16G,R48P	-1.004736861041539
Q3C,F46T	-1.0867348062632867
T0W,D7G	-1.0158376997098735
M27S,P53R	-0.5327214002916371
R20V,A38R	-0.06810091592657633
D7M,Y50M	-0.9622235920245747
V2A,I24G	-0.9856854907207064
A4C,R19K	-0.84879939693655
M27R,G44Q	-1.2518451631114083
P32T,T43P	-1.083546263780553
Y1W,V51C	-0.38007202416099295
G17A,W35Q	-0.870663849902519
M27G,Y50M	-0.8542526414267695
Q3M,T43K	-0.26230064241025736
Q3M,Q42H	-0.258167170773437
R19L,N49C	-0.36605190453985825
M27E,P47L	-0.6977634861083434
F18L,G44L	-1.2253964558405137
R19V,N49F	-0.7100249675983463
V2F,P32F	-1.000282857277255
M27L,P47C	-0.5296791582381808
F6T,G44W	-1.0304215850820269
D31N,T43G	-0.9950605181981552
V2Q,F46S	-1.2527488482575317
P10R,R20W	-1.3534582680942835
D9N,N49P	-0.45277377285150844
Y1V,W35T	-0.8552814111155738
G41Q,P53I	-0.7465542453123583
K36P,N49M	-0.9588326956626491
A4K,D13G	-1.2520559107156986
Y1S,F8W	-0.5651208941070045
D9E,F46S	-0.9529127677673535
D7C,A38G	-1.0943500115504998
Y1V,P10S	-0.12754718631891082
Q3K,D22V	-0.9988934665931459
Y1C,Y50R	-0.18709608874640674
Q3R,G44W	-1.00905022957418
Q3M,R20C	-0.5441617005797124
V2S,G37V	-1.3135442578343215
N29K,N55W	-0.22324588789187316
R19M,T43S	-0.4237470629565536
W34E,R48P	-0.7530005002834353
R20M,P53G	-0.3174906485576996
D7S,R48W	-1.2152050469308673
R20V,N49S	0.19575452645930488
G14W,Y50A	-0.5009036823317161
V26G,R48K	-0.9228366011308795
R20L,R48E	-1.0898797160245464
E15V,G44K	-1.043596843818808
V2D,G41Q	-1.2292253075961619
D7S,R20W	-1.2785098105169843
E15P,F46G	-1.3009920164806947
F6V,T43H	-0.3827085700720956
Q3A,G21E	-1.233042686876886
Q42P,T52R	-0.9363392513350474
W34G,G44W	-1.3145481936427093
D7V,G21I	-1.345916589733077
T43D,P53G	-0.6580700172371168
G21A,K36G	-1.3516357969347674
K36G,N49D	-0.7537899526530557
Q11F,M27T	-0.4736555215480954
R20V,M27R	-0.47964555367304257
L16M,K36L	-0.7712465207889294
A4N,W34G	-1.3214108060259262
V2S,D9K	-0.9400493388871116
F8S,Y50A	-0.6063718804704519
M27V,T43S	-0.05587581538348296
P47V,P53S	-0.9767743514069058
T0V,D9Q	-0.0035224456669316687
F18K,F46M	-1.2837332910452022
D22V,M27V	-1.0011231606113093
F6Q,M27V	-0.13194673762182207
D7S,N49K	-0.3201339971821622
D7G,N55V	-1.0100170334751821
R19W,N49K	-0.40404734178567314
A4Q,R20Q	-1.0454989806133432
W34D,G41A	-1.2668160793059031
P32Q,Q42R	-0.1055873559389401
F18I,T43W	-1.220202163910973
V2I,G41S	-1.1348710177357413
T0F,T43W	-0.4942912991031212
D22T,N49W	-0.7864427253893116
Y1F,G44C	-0.9085819558912988
E15Q,G44R	-0.9276002681869185
R19W,P32I	-1.0165322457405703
R20G,Q42L	-0.6673938445574582
F23G,M27V	-0.8762796018073196
D9N,G44A	-0.9803246104368568
R19S,N49M	-0.2070845555731345
W35C,M45A	-0.8600872575589191
D9C,R20G	-0.6888501110956486
G44W,Y50R	-0.9344777911625427
R19G,Y50L	-0.3529395756813145
F46G,T52W	-0.9733990087377138
F8V,E15Q	-0.30173192886998046
R20T,D28V	-1.1250949366878351
R19A,Y50S	-0.7150084005439524
Q3P,Q42E	-0.9825905819629573
F8R,M45V	-0.14124087146087153
V2P,R48S	-0.824211952377037
P32R,A38E	-0.08161627110977542
H40L,N55R	-0.8453171413971743
F6G,N49E	-0.3208698011368363
R19K,N33W	-0.4321784561318464
G44L,Y50C	-0.9658891496382429
V2D,W34V	-0.879818967236567
W34A,Q42A	-0.8071656301023743
D22R,Q42G	-1.247567051548432
D28R,N49V	-0.9363729616988292
W34Y,N49G	-0.26892446681253446
E12L,R20W	-1.029172523543597
F18V,W35L	-1.0662209103338904
Y1H,Y50T	-0.7320236188513217
N33G,T43V	-0.21864471018038664
Q3C,T43L	-0.38066248569778566
D7G,M45I	-0.8080041636684332
Y1E,I24G	-1.0346716416075796
G21C,Y50R	-0.9043075750898121
Q3P,R19G	-1.2192766068380947
V2Y,G41S	-0.5834159095753964
F6A,M27R	-0.480197736810784
F6A,F18T	-0.9424689054136877
D9A,F18G	-1.1596969051386488
Y1G,H40V	-1.2349184256710561
G17V,G41L	-1.1208635995707645
A4W,R20W	-1.406402527014487
D9I,T43G	-0.9000676579244525
P10W,M45V	-0.9175843100838396
A4V,P53G	-0.9925461604716381
T0F,K36R	-0.16551673636040348
V2I,N55F	-1.0656322968159633
A4Q,R20G	-1.3002025972897548
Q3D,R19V	-1.20054532619945
C39S,P47K	-0.8848663416605718
R20S,G41Q	-0.7430371268197712
D7V,Y50K	-0.8461166991260365
G21R,M45W	-0.7194719636667297
D22A,Y50L	-0.6085074734337239
Q3R,F18H	-1.0716527867062788
Y1G,G41C	-1.2514803950807698
S30D	-0.2993503534022049
A4V,F46R	-1.347515389417069
G37Y,M45V	-1.1106763285630006
D22M,R48S	-0.7630104191471953
D9G,K36R	-0.8800558461556878
D9R,R20Q	-0.23658828737844778
Y1Q	0.030409704230679166
V2F,I24L	-0.9351219822275066
Q3L,K36G	-0.8867994547113339
A4V,E15M	-0.7787782553945605
Q42A,P53A	-0.14206754780004174
T43E,N49S	0.2853274956825583
H25S,C39V	-0.23681400640075762
D7A,G44R	-1.3392831354491106
D9K,D31K	-0.7370226280321555
G44E,T52L	-1.1381450767018957
Y1G,D22R	-1.3283720922943059
V2Y,T43P	-0.8190167231074068
D31A,G37V	-1.1493904524794583
E15Q,T43A	-0.2987902109162883
T43Y,Y50H	-0.34533128027435606
Y1F,T43W	-0.5550482455143453
W34D,P53Y	-1.014757805075712
D28V,M45L	-0.9700306656468503
M27K,V54L	-0.20715772173567903
V2A,D9R	-0.348510381190368
M27V,G44P	-1.0196620366755331
D9G,N49V	-0.6273709743913989
P10W,V51A	-1.1966326120788071
R20P,R48L	-1.309497377535636
Q3P,D22R	-1.3605750021294791
A4G,M27W	-0.9333379569335878
M27E,Q42S	-0.22781141580357026
A38G,N49S	-0.0808364932313704
F8V,R19P	-0.9347699487157963
V2Q,F18H	-1.2725174379995936
F6S,M27D	-0.8175917541053404
A38K,P47L	-0.6182458315324596
T0Q,Q42P	-0.9630260464166042
G44V,N55L	-1.1087008033922163
F6K,F46G	-0.8251522750089629
A4S,N49A	-0.7162667006911911
I24G,Y50S	-1.080823836763411
T0V,R48Y	-0.5376007396065015
D9A,R48K	0.021780634736549197
G37L,T43Y	-1.107845713102595
G17S,R48G	-0.26716464526361494
G21T,Q42V	-1.0058995594057631
R20L,K36A	-1.128500967770603
V2G,Q3E	-1.03725433097365
K36Q,Y50V	-0.4245057327970113
V26L,R48Q	-0.4649668175645991
N29A,N49G	-0.123152998977188
A4I,W35R	-1.327777382979006
D22W,M45C	-0.9768098012209956
G14L,P53V	-0.7382050994989939
G21S,G44R	-1.351795395634535
D9Q,Y50L	0.05889686248648679
Y1S,N49T	-0.18451659889505834
Y1L,R20W	-0.8115052762460226
F6V,M27L	0.03503009414176001
F18D,W34P	-1.1130895612758693
D7L,R48V	-0.9911454735355207
Y1K,N49A	0.189827157290284
Q42G,M45V	-0.48405869887853015
T0I,T43I	0.015189248984615772
W34F,T43K	-0.47129129057064273
Y1A,G37W	-1.3045793321090722
E12K,Q42G	-0.4986145292990447
V2G,V54A	-1.0077268402167237
T43E,N49R	0.18049100597464054
F6L,F46R	-0.9919868436858448
R20T,G41R	-0.8061726559961853
G37V,Y50K	-0.895318081575831
A4C,P10C	-1.193182533928052
Q42Y,F46V	-1.0577461385853129
Y1R,D31Q	-0.5881766364830596
D7K,Q42W	-1.306571615667934
D9G,W35C	-1.1159163170251207
Y1L,G41W	-0.7913825065078359
M27L,P47N	-0.16047291360751037
R20C,Q42S	-0.4619257168679214
V2H,Q42S	-0.5562009492013544
Q42A,N49M	-0.10718071377932388
G44E,T52R	-0.9567893404366348
D7A,P32T	-1.00307304213226
G14M,T43W	-1.0778989373935164
T0Q,V51L	-0.922031343304493
R19W,M45G	-0.8935543175137282
Y1L,F46K	-0.9417152325057028
Y1C,R48F	-0.7006353869551498
D9G,K36D	-1.1998352835748083
Y1G,D9L	-0.9106332237842379
R20G,R48I	-1.0028329082989282
V2W,G44Q	-1.029307652698715
Q3L,A38G	-0.4874234101034377
R19I,N49M	-0.6768498963118375
Q11G,F46V	-1.0662015760641868
W35C,T43G	-1.186138891879331
V2W,Q11G	-0.553026056793126
Q11P,G44R	-1.265611852671865
L16V,R48W	-1.2735895158582702
V2C,W34L	-0.5386627031081538
D9L,G44M	-1.162177773946661
V2Y,S30E	-0.41905897254716484
Q3L,F46R	-1.09140662056936
Q3R,F18N	-1.0704680829152537
F18R,N49K	-0.8319789421726302
D22E,G44Y	-1.1027817105484123
L16M,N49R	-0.453996448720554
T0M,R48A	0.3176102709769096
D9R,D31P	-1.1351265121527976
V2A,R20S	-0.28662756417241825
G21L,T43R	-1.1174782501985348
M27K,G37V	-1.1516160051134414
M27R,G44P	-1.2814351194341498
Y1E,R20T	-0.262804142270178
G17L,Q42L	-0.48973707273338024
G14R,Y50G	-1.1139144849871294
P32D,H40K	-0.293295042044987
W35C,Y50I	-0.8432773039750859
V2E,M45C	-1.1125868022092158
Q3F,H40R	-0.6041971168398267
K36G,Y50L	-0.631636223570079
R19A,T52Y	-0.6652710821148089
G17L,V51G	-1.113661609129478
T0G,T43A	-0.3771710826816636
R20K,T52Q	0.26754210436093573
V2M,Q42R	-0.3009547898790159
Q3R,R19M	-0.3159672344979225
E15K,G44R	-0.8428556929244164
W34I,Y50R	-0.30083172433930405
M27R,Q42L	-0.5491443523250427
D31M,A38S	-0.8160765371909287
Q42E,R48A	0.1737324744766695
F18D,N49V	-0.9681301728595743
W34T,P47I	-0.791171580340403
G21T,T52H	-0.9572090743376123
P10F	-1.0154714123770643
D13R,G44L	-1.1683993213187405
A4K,P10L	-1.2951993354259153
F6L,M45G	-0.47956707034365165
G44V,V51R	-1.1888817748274398
T0M,D9V	0.01778122909550902
V2R,T52M	-0.9478472323301199
Y1G,N49H	-0.6754044088041359
V2G,Y50Q	-1.263854583026442
I24G,G44R	-1.2996679182134372
D7C,G44L	-1.2903063327193727
R20G,V26A	-1.2213120833594775
D22S,K36G	-1.3254512371814906
V2K,C39V	-1.0180936194488854
V2F,F46P	-1.106220689500156
V2E,R48D	-1.528144000563876
V2M,D7E	-0.9237523913861159
A4G,M27A	-1.1143528611818097
L16R,T43M	-1.073039710672707
A4V,G41A	-1.3208644083704149
E15L,M45A	-0.22048294494179024
D7R,Q42A	-0.964118343656464
A38G,T43K	-0.3960637226028904
N29V,T43W	-0.8703037216825663
V2C,Q42G	-0.7068153343276958
V2E,D9A	-1.1350968034201274
M27T,R48L	-0.6051069108948823
Y1F,N49K	0.20626405653845634
Q3W,F46E	-1.2481804003251205
V2Y,N55R	-0.28782321957720913
R20K,T43N	-0.1511149589782859
G14R,R20V	-0.5295419094805391
G17C,M27S	-0.4221031315520623
D9L,Q42W	-0.8396942881170228
F6V,P47W	-0.8358744497548373
D9G,P32Y	-1.09249439765642
T43A,N49P	-0.7054783202178764
D7G,D31V	-1.3386466401542536
F18D,K36A	-1.3501333309579102
D9A,L16A	-1.1190802582713935
M27Q,G44C	-0.9722863622460295
M27G,K36R	-1.0583954777231255
D31P,G44S	-1.2918397968662965
S30I,T43L	-0.960556532576489
Q3H,Y50L	-0.3647617414835571
G37V,Y50L	-0.9099602843896535
L16P,P53I	-1.0022320315131148
R19E,M45G	-0.5697483924640908
F23G,T43G	-1.356118317723165
T52M	0.0747431362957689
V2P,R20V	-1.0082712026728253
D28G,G37W	-1.303809144263165
G44R,N49M	-1.0094452460748267
V2H,R48F	-0.9732942537564565
P32V,P47T	-1.0727215185257022
F6T,R19P	-0.9280651500161929
A4L,D22G	-1.3318619309223858
R19V,G44C	-1.1006855663257724
Q11C,M27K	-0.559608146667447
S30L,Y50L	-0.5570580705804857
R20V,G44A	-0.8947601750978895
R20K,M45S	0.028952232171755715
F8N,N49R	-0.4080966517060049
T43P,N49C	-0.8373632405829887
D28V,G44I	-1.3107187151312534
A4E,F18E	-1.2371040050236306
F18V,D31E	-1.1900423009479273
G17C,F46V	-0.9440283311440936
T0I,T43A	-0.24543327975796697
V54A	-0.08457544060836897
W34Q,G44W	-1.0358824128705713
D22F,Y50A	-0.8937576599530973
D7A,F46E	-1.3315825282195561
R20T,W35S	-0.9980392187781197
V2W,P53C	-0.6552698622121549
V2G,Q42K	-0.8147020677238821
L16S,S30A	-1.1676188432580084
M27C,N49M	-0.4846295767869555
D28K,H40V	-1.3524243727178575
A4L,G44I	-1.256619244541059
F18Q,W35M	-1.1744829592891615
G41R,F46Q	-1.2998435846446916
Q3R,Q42F	-0.2816128688608921
T0G,F46W	-0.9652277163579885
Y1G,F18Q	-1.347575221803924
Y1N,G44V	-1.096539666969921
N29V,M45V	-0.3149534185357187
T0R,D22W	-0.9591944119491584
T0W,N49V	-0.14963709594315464
D9Q,Q42L	-0.10999977738204524
H40G,Y50L	-0.19138892986016268
M27A,M45L	-0.5211251248304161
N33A,G44E	-1.1484231082163214
R19C,Q42V	-0.36991699257875577
F18L,F46G	-1.249754492599353
T0S,Q42E	-0.08219817365833884
Q3R,D28K	-0.9305849995040414
C39G,P47G	-1.3119657302556536
V2W,R19L	-0.5594593096128341
T43G,Y50M	-0.846042862375607
G44V,R48Y	-1.2169107687809675
R20E,S30I	-0.6711776727374241
F18C,R20V	-0.9703608853333787
Y1K,D9P	-0.6605555455521835
R19V,M45T	-0.5508403443302649
G44Y,N49L	-1.0273791428676478
G14V,T43G	-1.2514159277477896
A4Y,M27K	-1.169669666633122
V2G,H40L	-1.413851457253969
H25L,Q42K	0.19797749931122952
E12V,R20N	-0.679435923903045
R19K,G44T	-0.891455804281919
D7M,T43K	-1.0366890568284641
D31R,Q42R	-0.5659306221847271
G17R,M45T	-0.24138707326967476
W34H,G44K	-1.1351021575653062
A4L,E12R	-1.0249501365769356
F6K,G44C	-0.7307537568080757
R19C,W35A	-1.1274721696814456
R20G,T43S	-0.6800729942150395
A4K,G44C	-1.2973366035016567
L16H,G44T	-1.2250147533727493
N49E,T52P	-0.8202292148434762
D31M,R48C	-0.8470339690788593
R20Q,M45R	0.13911451891122806
V2D,R48W	-1.3293846432574923
M27Q,Q42A	-0.1815780142745382
F18T,T43G	-1.4224460363345297
P10Y,V26C	-1.2897862423179927
Y1E,G37A	-1.0589032739540665
T43R,Y50G	-1.0615217420704313
G21C,Q42L	-1.0877620699596315
E15G,R19G	-0.72577657209885
A4Q,F46R	-1.2116551348888078
Q3G,N49G	-0.7948961112262051
G37W,M45G	-1.1281133159951517
G37V,M45L	-1.0942712583161534
G41L,F46G	-1.3613545303394805
I24S,G44V	-1.1993724200836873
G17N,T43G	-1.02041120111961
M27L,N49Q	0.20003773339286912
V26L,A38D	-0.4690244250409551
R20S,T43G	-0.9487732396829148
R20E,F46L	-0.8115699508609114
R19V,D31P	-1.232812433648116
Y1T,D28G	-0.8558050298515821
H25E,T52M	0.02876065170838786
F18K,G44L	-1.264984457672542
R20W,Y50W	-1.0331168821258354
D22C,N49K	-0.7674829921298582
Y1A,Y50E	-1.2351103618470154
F18V,M45E	-1.1737910948453196
Y1T,D9K	-0.022970965856864478
V2L,F18V	-1.2853291031043352
Y1C,N49S	0.11158141672386265
A4G,T52V	-0.7381188376126298
N29I,P47G	-1.1487278998744348
M27N,M45V	-0.49760671074685825
Q42D,N49Y	-0.4443614507274724
D7V,P47F	-1.247972481471325
A4S,L16V	-1.1961118796365746
D7M,M45R	-0.8591387096004589
N49L,N55I	-0.31382996460715895
T0M,N49Q	0.07340229166032784
F18L,P47S	-1.0431949014046311
Y1A,N49E	-0.12896849784426861
C39N,F46A	-1.2765857570734895
R20A,F23A	-0.33944871178477753
R20P,Q42T	-0.927083826062938
D9V,M45L	-0.037603439429450145
R19W,H40G	-0.9310998207188581
G44V,N49E	-0.7405786561208972
K36R,M45S	-0.3347694018060501
V26G,R48C	-1.0000925850431006
R19A,T43W	-0.7953449785091163
D9R,N33A	-0.4177667820767365
R19W,K36E	-0.884077283971324
Q3V,Q42V	-0.05316701775038754
Q3R,T43M	-0.08543046907071689
Q3K,G41S	-0.5470635094017795
T0A,C39G	-1.0484045188208428
D7N,R48Y	-0.9083328829446577
D22E,D28W	-1.0736213992880939
H40R,Y50M	-0.09549499031517471
A4P,D31G	-1.041754242413849
G17W,Q42H	-0.08468900754082673
V2K,T43F	-1.1809278323053982
Q42L,Y50P	-1.112239562956987
Q3K,G41V	-0.9668354902994842
Y1S,A38E	-0.13788833748051693
Q3G,Q42R	-0.8578565862650065
D28T,P47S	-1.0763138378582828
R20G,F46C	-1.3077747897528764
G17R,T52N	-0.2686155002967486
K36T,G44L	-1.1720927257136355
G17R,C39V	-0.14879410517577144
Y1L,D7C	-0.9539447753002595
D22G,Y50V	-1.0144795467763488
Q42R,P53S	0.06151797977297262
G41K,N49G	-0.39734468401647816
Y1S,N49C	-0.19682191280648545
D31E,M45N	-0.8659851705260007
V2K,M45I	-0.9977401175496998
V2L,M45L	-0.837642403268225
H40M,Y50G	-1.1691044669776025
R19V,F46R	-1.2230912631738486
L16A,G41R	-1.2379165881478258
G17V,N49F	-0.5932974032104634
T43R,F46G	-1.1544935206193718
D9V,F18P	-1.0613805433967116
E15S,D22E	-0.8074521627290898
R20W,G37L	-1.3422259626502209
D28W,Y50V	-1.0460091111922285
R20M,P53Q	-0.30344026760651766
A4L,R19W	-1.333987847520969
L16M,M45W	-0.47945524778803483
V2Q,V26G	-1.2563838933516835
G44N,N49C	-0.8949647734607032
M27G,G44F	-1.345954757833613
R20M,M45W	-0.00993991926424371
F6G,G41L	-1.1880708628331031
M27P,G44L	-1.39122296607332
Y1G,Y50C	-0.8120793116026237
D22E,G44Q	-1.1334575715312387
Y1G,R48S	-0.3708209942339821
E12G,M27G	-0.9199705869525162
A4G,D31G	-0.9803206440181307
F23G,G44E	-1.378326280711885
V2A,R48S	0.15064701391589363
G41V,G44A	-1.328771557572509
Q3K,H40G	-0.18427814609036441
V2S,M27G	-1.361078668379017
D9E,K36G	-0.7081346004376372
G21L,A38G	-1.0773387323196255
Q3G,M27W	-1.1657913681692351
T43V,N55T	0.062317113066204785
G14T,R20G	-0.7654571946364579
R19P,G44V	-1.2678817333827206
Y1D,A38R	-0.3482164183759858
W35R,T43L	-1.0390928014503116
F18Y,M45E	-1.1641098364878348
T0C,N49D	0.018210974124510823
Q42D,R48W	-0.9434977599570278
D28N,Y50L	-0.3535744541129606
V2N,Y50W	-1.0330713352386527
W34A,M45V	-0.72147948762799
V2F,T43M	-0.3517137379695572
A4D,N49K	-0.7094555767001142
F8G,T43S	-1.070824434042714
N33C,N49G	-0.30983437162400973
A4S,A38D	-1.1327640587345265
F18G,T52S	-1.1350227902136993
F23C,F46W	-1.0313850813178542
Q3W,H40K	-0.6892672208627616
G14K,R20G	-0.900025276052039
V2W,T43P	-0.9160357687670694
K36G,P47W	-1.2691995117796013
T43Q,V51K	-0.9358773867687971
Y1Q,Y50W	-0.3119007386606307
W34R,R48W	-0.8355234926958178
D13K,Q42C	-0.12030177894037064
T43G,T52V	-0.9048880536058679
A4F,G44P	-1.2806660616168786
G17V,G41S	-0.8939967043236265
Q3R,Q42M	-0.14217050924758634
T0E,F6G	-0.6377684323800519
R20D,R48A	-0.35682363083785057
R19F,C39G	-1.2289808049054864
W35V,G44K	-1.0624007334585377
R19T,N49V	-0.26838972760811014
F8V,T43A	-0.6039476622416642
R20K,P47R	-0.10600606085928473
A38C,Y50S	-0.7157339622160829
Q42S,T52A	-0.20842393107718393
F8G,N49R	-0.8048350272859173
N33L,P47E	-1.0129273897233722
T0V,F46C	-1.0021333921342501
R20E,K36A	-0.533499374289538
A4K,R19I	-1.336262638666027
Q3F,Q42F	-0.7948955731842942
R20G,D28V	-1.2849822178594799
K36T,Q42R	-0.11449902485084482
R19G,A38G	-0.7626310792678994
R19K,G41R	-0.4814792547941461
A4G,T43S	-0.8036822619081238
D22S,R48A	-0.5357365907114849
Q42G,N49A	-0.322713121118061
F18V,Q42V	-0.9760855925177132
D31K,Y50Q	-0.9828378225947665
P32N,G44D	-1.0550410562438146
D9K,T43G	-0.9046748742903192
E15G,P53W	-0.4607654758940471
D22W,G41W	-1.220663273323617
D7G,D31M	-1.2520994435417963
V2H,F8V	-0.6825279004071552
A4K,M45V	-1.012847272869244
Q11G,W35G	-1.0629581519345759
Y1T,G41W	-0.8485549422070426
P10Q,F46L	-1.241992691981558
D7F,Q42P	-1.3817309483805185
V2L,F46Y	-1.3196938565973337
P10E,G41V	-1.2858398482526217
D7E,N49E	-0.4346160054245465
V2L,R48S	-0.5890766692048894
G44N,N55H	-1.1687256459568742
M27L,G44S	-0.7616827447756439
K36W,G41V	-1.067457940641522
M27S,T52Y	-0.616616583315226
A4S,G21W	-1.3174964421423614
A4G,R19L	-1.0095329848877204
F6W,H40S	-0.5716436911964597
R19Q,R48G	-0.34651280514574
F46R,V54G	-1.0263495230396946
D9R,Q42N	-0.25190236244182773
D28W,K36G	-1.3816112928195572
D22K,Q42W	-1.359316990985479
I24A,G44K	-1.295021350388983
T0G,M27K	-0.3147379702878566
K36Q,G44P	-1.1883548286928836
D22G,N49A	-0.8550300768866586
F18N,Q42H	-1.109627302276355
M27C,N49V	-0.3674321812637177
T0D,M27G	-0.834793057580574
D28W,Q42E	-1.0304036031873656
V2L,Q42W	-1.2241276073083993
L16R,V54L	-1.006575700003081
A4V,P47A	-1.300549886044597
F8M,G17W	-0.5309262331419651
N49W,N55Y	-0.18461430638341725
E15L,M45G	-0.3312080564522054
Q11A,Y50M	-0.18455197293618295
W34G,N49Y	-0.9554357882288234
D22G,G44M	-1.3228888427935177
I24T,P53G	-0.9500014803868673
T0M,N49W	-0.04660684051983976
R20C,Q42G	-0.7696694895197073
A4K,G44T	-1.2560334404886326
M27Q,G44T	-1.0860087076859175
M27E,G41Q	-0.701457894796824
Q42H,N49T	0.03414725249976665
M27K,G37R	-1.149144676287157
Y1D,N49R	-0.1149559756798067
R20V,Y50P	-0.9796619507493141
F18K,G44V	-1.2356280217350204
G37L,P47C	-1.125364694694242
A4V,M45T	-1.0478189402658034
G21V,P47V	-1.2925558231329204
A4H,W34L	-1.0784500897532157
Q42W,Y50H	-0.6271460691419369
Y1R,P47R	-0.3736571176769623
Q3A,Q11R	-0.5794450908690894
W35V,N55E	-0.5276026806990157
V2A,N49A	0.036786167601571135
H40G,N49L	-0.3098876800765073
I24R,T52A	-1.1061832467120523
Q3D,G17F	-0.9738779243127221
V2C,N29W	-0.7217838726801551
D9H,R19G	-0.5713020667102854
Y1A,E15T	-0.6334136383245617
T0C,M45I	-0.0021571242656939996
F18N,G44W	-1.323680420126063
A4F,G44R	-1.3746546489908462
G21R,F46V	-1.2635649203368888
T0Y,Y50S	-0.5454049404370116
R19L,M27W	-0.7210564997236115
Q3L,R48W	-0.907443097534058
A4R,G44T	-1.2660782874295147
V2I,Q42P	-1.2826006449776761
T52H	0.0007613340835658372
Q3T,K36G	-0.9691783970431932
R19S,Y50S	-0.55146456527981
R19A,R48L	-0.9143161202530413
Y1E,G44W	-1.0784106940853095
R19K,A38E	0.2835249799842976
E15L,T43F	-0.22100347481412502
Q42C,G44S	-0.8676372076699836
Y1N,R20L	-0.8296427526606566
Y1C,W34L	-0.49918593301222847
E12S,T43R	-0.3577241290312638
T43K,N55S	-0.22246861308610744
E15W,N49G	-0.013469003253192578
G17W,M45N	-0.37920195031054815
R20Q,R48M	-0.23854268544950885
N29R,T52L	-0.21505855086922637
V2W,W35K	-0.9524974769385242
M27E,N49W	-0.12767646827989898
D7L,W34P	-1.3766846286192247
P32R,V51G	-1.030202497333521
Q3K,R48E	-0.5444699433879471
G41R,N49R	-0.49404215057459433
T0M,W35R	-0.8536430164294005
Y1V,Q42A	0.09524014853049395
V2E,I24R	-1.3279530700318927
A4S,L16F	-1.1218285156409622
D9F,G44E	-1.1076998123477577
Q3Y,W35S	-1.1062464950073412
P10I,G44V	-1.215837142644392
M27W,N55F	-0.6108976182571683
F8G,M27L	-0.839470993627215
A4W,D22H	-1.3631269413686409
A4Q,G21C	-1.3308964123443916
Y1F,Q42S	-0.1542383361038523
Q3T,P53L	-0.3781060214427998
Q3W,G41W	-1.1870493137872136
F18H,Q42W	-1.327267450029718
Q11W,R20W	-1.1788296176938344
Y1W,H40E	-0.4661458985357758
Y1N,W34Q	-0.6961834569611534
P10G,F46G	-0.9044203691007058
T0S,M27K	-0.25224305200195796
T0V,V54R	-0.15850771616725454
R20K,M27R	-0.14615680700825315
Y1R,N49A	0.14580296905615814
A4H,T43A	-1.1569415356825097
I24P,K36G	-1.3693832295087633
T0V,H40R	-0.01481182841336388
V2G,P53F	-1.0633878057174686
D28R,F46M	-1.284095980464948
V2Q,Q11D	-1.103916964299085
G44I,P53L	-1.0782778904734438
D28M	-0.9782075108864459
Q3V,F46L	-0.9359239635255905
F18N,C39G	-1.37205290035392
E12M,R48C	-0.233280951148861
Q11G,P47S	-0.930510650549399
A4K,R48G	-1.20736672328971
G21V,T43R	-1.1702772063434221
R19S,T52H	-0.2672457634600268
G44V,V51D	-1.1782654830790231
Y1H,R20K	0.11450190553533687
D7G,G17S	-0.8919728186525415
Y1W,M45R	0.19086389958851574
D9F,G17V	-0.4967992258852546
Q11W,R19V	-0.9102165819102329
F18Q,F46W	-1.26622028045219
Y1K,G37I	-1.1028998995488668
D28N,F46R	-1.1974194473723339
V2P,F18K	-1.2540184958958758
Y1L,F8G	-0.9317922010716004
A4R,T43V	-0.9372600795041404
Y1L,W35T	-0.8736091443743564
W34I,Y50K	-0.3280874359084699
D28G,M45L	-0.876662468439147
A4T,N49Q	-0.8192059714910717
Q3G,R48M	-1.0432728090295953
Q3H,P47W	-1.1547839414015193
T43W,M45V	-0.48910790580537217
Y1A,T43L	-0.6279508515291001
S30L,C39L	-0.9446336638974411
F8E,Y50V	-1.0231634837063979
R19G,F46C	-1.235439860393749
A4R,P53Y	-1.1798275812946089
P32I,F46G	-1.1956611249407907
P10W,F46R	-1.2493912630331918
V51T	-0.13246099806025288
Q3E,M45C	-0.4277550186853568
W34G,Y50S	-1.0906362032815662
A38H	-0.0023187971490514978
R19V,Y50S	-0.7865729015133813
H25S,W34S	-0.7170563841366258
F46R,Y50S	-1.1079050930919598
F8V,M27V	-0.3231349918741894
V26D,G44W	-1.1677666082823164
G17R,G44T	-1.043769147884466
R20E,G41K	-0.4673023223968745
G17A,M45C	-0.2228840352952833
W35V,V51N	-1.0399166772044772
W34L,P53A	-0.5257537028764699
G44L,Y50L	-0.8130311324790169
R19C,N49W	-0.29188127050763824
V2G,V54W	-0.8558159342564637
D9H,Q42F	-0.3250299414856708
F18R,N49R	-0.8987809458657547
T0A,H40Q	-0.33441894450163456
F23V,G44S	-0.8733682433637354
A4P,W34E	-1.1501376290787166
V2W,Q42W	-0.814264091352452
F23G,M45R	-0.7310382424923971
D22T,N49K	-0.6507608064189364
A4G,R48Q	-1.0280287018746312
C39A,Y50G	-0.9992396779613943
F23V,N49C	0.13878075465410192
M27S,C39G	-1.1522024253257157
Q3F,Q42I	-0.8269583211696747
Q42G,T43A	-0.7606769838462684
F18K,T52H	-1.0075848603026565
Q11W,C39G	-1.253952411891607
W34V,F46S	-0.892327726221593
V2Y,C39G	-0.8673643357760448
Y1D,R48S	-0.06198354457572249
H40D,F46G	-1.1701388035219105
N49M,V51A	-0.6584127089624319
F8L,G44R	-1.2039286750368363
T0E,M45S	-0.24875808400630706
G44V,V54A	-1.035732922478966
G17W,Y50W	-0.31552953114453447
R19L,V51W	-1.2110414512491945
G37R,V51G	-1.3201063479673256
G41R,R48L	-1.1390808000842312
G37W,F46S	-1.2687760152775378
M27W,G44A	-1.1018044462362933
G37E,T43A	-1.1432571023878064
A4R,F18W	-1.2519517348237854
F18K,K36G	-1.408583456722487
G14W,F46W	-1.0680396371823466
D22R,C39G	-1.3463791421470779
F18G,N55E	-1.0561011251427983
G44K,Y50W	-1.0430096014031187
T43V,Y50K	0.05126118273432739
W35A,R48V	-0.8930889781588323
A4G,W34R	-0.8619536835254086
A4K,V26E	-1.319581143842131
T0F,P47G	-0.8494219977985156
W35D,G44R	-1.2925367826212386
G17D,T43G	-1.189462783377658
Q42D,N49A	-0.08910805517858797
T0M,G41R	-0.5983781726944958
R20D,M45L	-0.6416864218122502
R20S,V51G	-1.096740536161692
H40R,F46R	-1.0258423050166576
V2C,Q42A	-0.22551721626771445
I24Y,P32G	-1.1327908701667329
G14V,G44R	-1.2725935448718628
F18S,T43L	-1.1592928255603572
G44Y,N49E	-0.809269056861106
Q3L,R19G	-0.6406746378316301
D22W	-0.9190565385591376
K36R,F46N	-1.1409745403387386
A4W,M27V	-1.042689766759645
W34A,M45G	-0.9187535179966082
R19C,T43R	-0.6094783400932337
R20E,T43F	-0.22448969394193177
D9S,N49L	-0.25792053071493876
T43G,N49T	-0.7683254402535781
D9A,N49F	-0.45267922417450823
L16G,G44D	-1.1903085361103234
A4Y,F8A	-1.282027724072669
Q3S,R20M	-0.8318465120724202
R19V,G44Y	-1.1974331009384163
G17S,G44T	-0.9799452121972081
D9G,F23V	-0.49319853704572625
V54K	-0.06563741144048738
G17V,F46D	-1.1500184928855277
M27L,R48W	-0.5508844134288915
R19K,M27T	0.1670228037814779
Y1N,Q42V	-0.2857017299662896
Q3I,G17R	-0.3485299407958534
Q42R,T52G	0.025853020759193497
D9G,D31M	-1.174268122237118
I24V,Q42N	-0.6133461032642048
M27T,F46K	-1.0287932019083428
T0A,F46V	-0.9735709625006731
V2K,N49T	-0.8920453081245368
D7I,M27V	-1.0777604380989552
R20G,P53F	-0.6461680177180282
Q11A,N49V	-0.01686082221533406
E15W,R20G	-0.5465833469876609
R19C,G44N	-1.1798733197126552
G44M,T52L	-1.1148470138872222
V2Y,Q42R	0.06595939681912569
D31C,R48L	-1.1480975957225956
S30W,Q42L	-1.0394431599541163
Y1V,G44A	-0.7857894270578551
D7Q,G37V	-1.3434243192988706
G17N,C39D	-1.1822969226019076
R19S,I24G	-1.067173015873648
R20G,M27I	-0.5756895724481621
D7F,R20A	-0.9615760141374182
S30A,Q42Y	-0.5964203056106985
D9Y,M45D	-0.8295889011957542
A4S,D9G	-1.2572395633550393
D22Q,M45C	-0.9990625772906381
A4Y,N49W	-0.9418744588189056
G41R,N49W	-0.5740143366936368
M27A,Y50L	-0.4416458830711984
A4G,Q42I	-0.9107081432823101
D7T,C39G	-1.2529285940118458
I24G,K36R	-1.1103945404642621
D22A,K36W	-0.9662191415046919
Q3L,R48G	-0.45142401802976295
R19Q,Y50L	-0.06493817168062746
L16R,T43R	-1.1939078177851044
V2P,N49G	-0.8809621047443654
F18K,T43C	-1.0499042498319735
Y1N,G44A	-1.100696364622239
Y1G,P47I	-1.2606183687771626
F46I,N49R	-0.7802203756357485
M45V,V54F	-0.19959213817825713
D22C,W34L	-1.0859696310459683
M45A,V51Q	-1.0932954266830401
D9Q,G41E	-0.4432172074174028
Q3E,G37R	-1.0995152253179281
L16V,F46G	-1.2992808727588034
Y1V,D13G	-0.23176163992275575
T0W,T52N	-0.4652895537328719
Y1P,P53G	-0.5277118104844448
D7W,Q42E	-1.0609946981045855
G41Q,Y50K	-0.6606614336532066
G21R,Y50L	-0.7625899502867917
K36E,R48L	-0.7407650332944571
G17W,N49K	0.18529298747042283
M27K,G37W	-1.1565097375282871
D7K,C39M	-1.3061572340895018
Y1C,R20M	-0.3116293644722261
P32G,N49G	-0.1952475629956648
M27R,F46A	-1.223994990207551
F18A,N29G	-1.1161944824658658
R20E,T52D	-0.34580928496643143
K36S,T43G	-1.1204765032074322
S30W,V51D	-1.2654008494549547
K36W,F46L	-1.0632581721274854
A4V,R48V	-0.9436917676185304
R19S,T43S	-0.2634662189608782
Y1E,R48L	-0.7489215225800183
Y1G,F46L	-1.2882373009603447
D9E,L16K	-1.036198523395048
G21Q,G41E	-1.148244548847103
A4H,K36I	-1.1687008005647623
M45R,V54Q	0.03644415846857248
F18Y,W34V	-0.930570156548709
Q3I,T43E	-0.15982289525454285
D9E,G41S	-0.4954872630698509
V2M,G44Y	-1.0918780088201347
R19Q,N49F	-0.505759421870566
H40S,R48L	-1.0964494596026604
V2D,T43R	-1.09471397913059
Y1D	-0.24433667240560736
K36A,T43L	-0.8129911293081655
R20T,Y50G	-0.9602254844432818
F6S,R48G	-0.5753707506127363
G44V,T52Y	-1.0903440869217291
Q3L,F46E	-1.099692131196409
R19L,H40L	-1.03852702232789
Y1C,F46A	-1.0437399851449463
G14N,R20E	-0.17051386441153835
D9Y,F46G	-1.050658385802963
A4Q,W34L	-1.087793258224853
V2W,P53R	-0.5299946441117971
Y1T,Q42T	-0.07269137522072805
T0F,G44C	-0.8432706327800348
D9A,F18A	-1.0605024322933205
T0W,F18G	-1.1419270858541068
R20H,T43G	-1.0921431392431826
V2K,K36R	-1.1138635588407233
Q3C,N49L	-0.24983580782740783
W34C,G44W	-1.1054044177568145
D7R,V51C	-1.1689200005630382
A4E,F18S	-1.2576009472628282
M27S,G44A	-1.1181651640154906
G14S,H40P	-1.3626756757852225
W35K,Q42L	-1.0841044468127379
C39G,Y50R	-0.9252535270031992
V2T,R20W	-1.343689055551366
V26G,Q42S	-1.0999788978068676
M27V,M45R	0.17893418753875454
F18V,Y50R	-0.8494781360983016
Q11R,W34R	-0.2457083268187797
V2D,C39W	-1.3117039506646573
F8Y,F46R	-1.0228105306592021
G41R,P47E	-1.2220775067749674
R20V,P47A	-0.7485453326409228
Q3N,D7W	-1.4671100496775984
D22M,T43A	-1.0961258057441992
F8S,T43G	-1.1888367938074418
R20M,W34G	-1.0534137404204431
L16N,K36G	-1.3937238586351905
M27T,N49W	-0.11917982650591272
V2D,K36C	-1.1257555411617695
W34L,F46R	-1.050360917800928
D7G,Q42N	-0.84878716053039
D9G,P53A	-0.7331456986392222
T43V,R48G	-0.11466681068068146
V2T,T43K	-0.868133443142024
D22T,Q42G	-1.1714366209186
A4H,N49W	-0.9333958132438447
F6S,Y50E	-1.0498056797910331
F6V,G44S	-0.9237475916524442
V2E,Q42K	-0.8609784229195445
Y1R,D28E	-0.30121303537647665
Q42A,P47W	-0.904724365092618
Q3P,H40V	-1.4208542351485534
Q3V,P32V	-0.4196862316583563
Q3E,F18E	-1.0914892231884932
P10C,G44S	-1.166006853541536
D9K,Q42I	-0.3393935780302192
G21V,Q42F	-1.1334678905632412
F6R,N55T	-0.16365093945777717
W34G,Y50A	-0.836266447244113
W35L,G41L	-1.0833998726741707
Q3P,Y50W	-1.0726935603983652
G21R,G44M	-1.3588264973903907
Q42M,F46S	-1.0518800358002829
T43V,T52N	-0.09114047450881925
K36T,T43K	-0.3516464453415925
K36E,F46E	-1.121014225671187
G41V,F46Q	-1.3255000909992534
D9K,N49E	0.1394970232177663
V2E,P53S	-0.9809343222068952
F18K,N33M	-1.1621150607088677
D9Q,Y50M	-0.07325065681197936
D31N,Q42G	-0.779881018169389
T0F,T43E	0.10076649318381944
Y1L,F18N	-1.0196416584888839
A4W,R19V	-1.2606579487155702
W34L	-0.24938036925436116
F8R,N49K	0.10876958500675471
Q11L,C39L	-0.3625944587372735
V2P,G44D	-1.24215103099365
T0K,T43F	-0.2971511738039416
Y1V,N49C	0.16085722290848467
Y1E,F8L	-0.7354701780083491
A4R,D22R	-1.3190223292429804
F18N,W35M	-1.1696573069048388
Q3L,E15S	-0.5563072562822042
F6V,V51G	-0.9321808462803107
D31S,R48V	-0.5662200861962888
A4R,N49R	-0.8902571937385757
F18G,F46W	-1.2503111519948233
R19G,P32W	-1.1073619504022925
Y1W,Q42M	-0.04393126575772664
A4P,G44M	-1.3101737952050643
D28S,P53S	-0.8237501833484662
V2A,W34E	-0.7678481875121331
Q3F,F18T	-1.270454935284232
A4M,D22A	-1.3183041885651015
Q3T,G37S	-1.1660116431363965
F46G,T52C	-1.1307278168574637
V2E,W34P	-1.3322703231145312
Y1F,R48P	-0.15414231844384463
V2Y,D9G	-0.6950219244646894
A4L,Y50K	-0.9030590969347805
N49I	-0.1123159076391712
Q3G,G44Y	-1.4251606290502776
W34K,Q42V	-0.30456972638295404
E12C,F18A	-1.0619413570122793
Y1L,P47T	-0.7524965917969622
Q11L,G44R	-1.0829226193273969
F8V,V54W	-0.37159904658441756
P10N,T43G	-1.2476377355595716
F8C,R19Q	-0.5153517284830645
G44W,T52A	-1.0565736801829348
V2D,R19Q	-1.017254421810753
G21L,Y50C	-0.9939730979962227
M27E,C39V	-0.17639424687463143
R20W,R48G	-1.0943024146428628
G17V,P53R	-0.5049404660253385
A4V,G44Y	-1.392188474775652
Q3P,M45V	-0.9970010021276543
F18S,F46V	-1.292472660830517
C39W,N49E	-0.7221188740747554
T0G,G21R	-1.0218442880443797
R20A,Y50K	0.021147505696242908
V2M,M27E	-0.48584565079822395
P10I,Y50L	-0.7183944138680117
Q11A,N49R	0.09637845731920898
Y1F,G17K	-0.046157665005390223
T0R,Q42E	-0.2057622686244376
Q3D,T43E	-0.8118338637426779
D22V,T52D	-1.223065760623255
A4R,E12V	-1.1542896943175631
D22W,T43L	-0.9657707234130869
S30W,G44S	-1.3161273208661115
Y1P,A38L	-0.8133047345465088
A4L,T43V	-0.9430035605488003
V2L,T52P	-1.3494015249267253
Q3K,Q42L	-0.11358003398523761
Q42R,Y50P	-0.936242000266919
Q11P,P53C	-0.8514899683879933
R19C,Q42F	-0.591880957921066
T0E,A38G	-0.29566674923297226
V2S,G44L	-1.2739943983597364
D9R,P53R	-0.4651293619436495
A4V,Q42E	-0.9813237634345986
G41K,V51W	-1.1029785868818796
R19G,R48D	-1.1845475021850036
T0I,P53G	-0.12472851710047905
F18Y,V26S	-1.3333053091266678
T43P,N49Q	-0.9106525154325342
A4P,Q42L	-1.0701078231441379
D7R,C39G	-1.3474902443406325
R20V,N55S	-0.0843898471847832
K36S,N55R	-0.6024943299199402
D9V,M45V	0.010595553208187499
R20T,R48W	-0.934404901018896
A4E,T43R	-1.1860703192195823
V2K,Y50G	-1.25166401269205
G44T,N49K	-0.8123258902201419
G17C,R48W	-0.8267676226952432
N55P	-0.006527316594956999
V26H,G44N	-1.2638761739274722
P32I,P53L	-0.6236647820764054
M27K,G44C	-1.0264547636201247
Q11F	-0.429947302736702
W34V,T43E	-0.10197590368771571
D28G,G44N	-1.313181354617805
A4G,R20Q	-0.7015769183220053
V2L,D7G	-1.2684929999103816
R20M,Q42V	-0.18592175198585748
Y1L,C39V	0.04012303827711851
M27L,T52L	0.005123173760075511
G44D,V51C	-1.043615482256274
W35G,T43K	-0.9272065195014354
F6S,R48E	-0.8308614548348032
V2K,D28V	-1.3184245451370542
R20W,W35V	-1.056014384168567
Y1C,T43P	-0.9280924667825738
V2A,G44Y	-0.9845772402483828
Q3G,N49W	-0.7920053693370003
R48V,N55R	-0.16902675673439516
Q3H,M27G	-1.2514073191897923
V2K,M45A	-1.1233086334157745
F18M,N49M	-0.8883694692760091
F46S,P53H	-1.0268519099510744
R20K,D28E	-0.024101000674865973
P10E,R20K	-0.5174612576310739
F18G,F46S	-1.2927382913837673
Q3G,H40A	-1.2852128415042945
Y1P,G21R	-1.2954738719281182
A4C,W34G	-1.3651312774010198
G41L,N49E	-0.6172890054717195
A4R,R19L	-1.2697367683491023
W35V,G44M	-1.0756496365394046
G21R,F46T	-1.3828323826232196
D28G,M45S	-0.9873611311997659
C39G,T52C	-1.0672817540933766
T0R,M27A	-0.6930036964453044
W34S,N49W	-0.4948779554238837
G44S,Y50C	-0.9442533416640586
D9L,R48N	-0.7196853723271244
V2R,F18Q	-1.3413156316676778
D22R,M45A	-1.1829346221678174
I24A,M45S	-1.1313909279527088
D22G,Q42L	-1.11012346354507
Q3C,Q42C	-0.20976777964171683
Q3D,M45G	-1.0415425105654514
W34L,T43V	-0.14952891692349557
Y1G,G17W	-0.5609999605809948
R20C,G44S	-1.1256460339123415
V2Q,T43E	-0.7930948263167069
W34G,P47W	-1.032525245730024
E15R,Q42C	-0.21841902750525785
C39R,P47T	-1.1737600845458367
F18I,N49W	-0.7497205458546442
R20V,R48A	0.26871285940848544
Q11E	0.06295938819809127
R19W,K36Y	-0.891667179316423
V2M,G44W	-1.1145243984394466
Y1A,F18V	-1.2608945781818166
D9L,G44T	-1.188474881150429
N29C,M45L	-0.1849149504261493
H25R,F46V	-0.8880730541561748
W35A,Y50S	-1.066222096825413
R20N,G44A	-1.2509553817350498
A4D,C39G	-1.3087970072952573
D9W,R48W	-0.9099356361661541
H25R,Q42V	-0.06027550751417829
G21L,N49V	-0.8639982934097146
Q42V,Y50R	-0.09654170023247612
V2L,D22L	-1.3053105449230804
D22W,C39M	-1.0853019266792665
F18L,W34T	-0.8559059631840813
R19H,M27G	-1.0241846407964557
P10W,F46G	-1.2727419867681973
N33G,P47L	-1.012616411414731
Y1V,Q42G	-0.3597626371098023
R19G,M45Y	-0.5278744276347291
Y1V,F8Q	-0.5433174411218031
Y1G,F6E	-0.7107923209908719
F18G,N49G	-0.9250464663643021
D31V,K36D	-1.3920188093906667
Y1S,G37D	-1.2082275081025184
R20W,N55Y	-1.0063543557745833
W34K,T52R	-0.2824519079459514
R20E,N49R	0.15252294285969048
Y1P,Y50I	-0.8106124428437664
Y1A,L16H	-1.3093191486429991
Q11S,P47V	-1.0614138488644982
Q3C,T43V	-0.04251463491526197
A4W,T43W	-1.3699100226880265
D7Y,R20V	-0.9612049238750714
F18A,C39G	-1.3254134513751443
Y1H,R48G	-0.44328816689454575
F8S,T43L	-0.798478067109629
C39Y	-0.6045102803677164
G21L,M45R	-0.7731858199617871
Q3A,T43M	-0.5553247893137004
R19P,P47L	-1.163011370656379
S30G,F46E	-1.290933729411216
I24G,G44A	-1.2774349291251559
M27R,A38G	-0.6529144885464118
E12G,Y50F	-0.15226397641293402
V2K,G37C	-1.2827586126953163
D31P,R48P	-0.9697433651753418
P10R,N49V	-0.502938959935501
G41V,F46V	-1.321785815704542
Y1V,G37L	-0.9723455389453692
Y1R,Q11E	-0.10105607281189607
Q3W,D31G	-0.888954937549773
G44F,V51R	-1.1958652289967993
S30C,T43G	-1.2114900738831544
Q3R,R20Q	0.00031601911704085515
Y1G,K36E	-0.8023456907847785
A4L,P53R	-1.2001865775924208
W34V,Y50V	-0.3143128905632095
T0E,Y50R	-0.14419449258803144
D7P,G44V	-1.3264018081899753
Q3K,R48C	0.019096057714704996
G17L,G37V	-1.1938514065492793
Q3R,D22V	-1.0167876470021546
F18W,T43E	-0.920478438330286
D31A,G44V	-1.10929009118607
G21A,G44R	-1.3469610928300697
Q42E,T52F	-0.3292020507954646
T0V,M27W	-0.24725368836009132
T43L,Y50L	-0.13896613543192182
Q11G,N49E	0.006610087569157486
R20W,Q42F	-1.051031585561059
E12A,W35P	-1.0524309770727047
W34S,G44Q	-1.1317502062240532
Q3W,P47W	-1.1276726190274908
V2A,G21W	-1.0091312215890371
M27R,G41A	-1.0834096089651564
A4E,R48V	-0.9833521306190135
R19G,C39D	-1.2303218786193164
Q3L,P47K	-0.6615015121307003
Y1S,F46M	-1.185316994020936
G37S	-1.0207702219487047
D28G,P53L	-1.045844901912008
K36S,R48Y	-0.953184975899343
V2W,Q42F	-0.551117853306586
F18N,N49A	-0.9604724619703366
G21R,G41R	-1.2570562137845926
G44P,N49V	-1.0164402382431141
E15R,P53Y	-0.4933051987972772
R19E,Q42Y	-0.49449251793096716
R20E,Q42L	-0.05075623486676475
P32V,N49T	-0.16984186178708693
P32M,H40G	-0.7372880762473559
W35G,Q42D	-1.0223610290781477
Y1C,F46Y	-1.0345782852608643
Y1W,Y50K	-0.046413434224692976
G44V,V54M	-0.8995990714886928
V2A,G44N	-0.9847524372481558
I24G,T43K	-0.9889589411705626
V2R,Q42A	-0.9688228617601292
V2T,N55R	-1.0742345387542127
Y1V,F46G	-0.9132011626518928
G21R,A38G	-1.0800314168326275
W35F,Q42V	-0.6938695869383317
D7K,T43V	-0.8526271892794912
V2D,Y50M	-0.8857871875576928
V2W,G41V	-0.9941539863640043
D9V,N49V	0.015953437660882183
V2A,T43V	0.018686594101514527
R20K,K36T	-0.01325530742078291
V2E,G41T	-1.3579221083014141
D22A,T43K	-0.8518271240548356
F6R,D28L	-0.9105149470218328
M27E,N49A	0.08963566179545007
G44S,T52G	-0.9159014369744611
D9R,D22V	-1.1825598131615678
N33G,N49K	-0.13764183491092039
T43E,P53D	-0.006528405397531932
V2W,I24V	-0.6448757070840279
Q3I,R20G	-0.8580482395681386
N29G,R48N	-0.7915890339943044
Y1R,P47G	-0.9153658890136867
T0M,Q11R	-0.02338094747380451
T0D,R20P	-0.7978180442747131
A4P,T43V	-0.846285961264011
Q3T,R48K	-0.13745668742125983
C39A,M45L	-0.23699125034953805
Y1T,K36M	-0.08468099909908056
M27A,V54I	-0.548079398368081
A4P,T43F	-1.156526238995305
V2S,C39V	-0.8963901648935361
Y1P,D7G	-1.2318369684324504
Y1F,M45T	-0.1756814161516901
F18T,G44D	-1.2269971870302232
P32T,G44A	-1.0926762105163974
F8W	-0.18000903351021846
F6E,R20W	-0.8120416162148332
K36E,N49E	0.048681693704134534
F18M,C39G	-1.326914389086411
Q3Y,T43A	-0.683274639726086
Y1E,R19L	-0.5582134524542295
Y1K,Y50H	-0.1607300545102225
T0K,R48E	-0.590240199971688
P10T,Q42V	-0.4017552737962832
C39N,F46Q	-1.2857332179662384
F18G,T52P	-1.3790610369320537
F8S,T52Q	-0.590092097853789
V2E,N49S	-0.8308072855897691
E15C,N49R	-0.053832699882783566
G37V,F46K	-1.2321116361530735
D7R,P47Q	-1.1700642051416903
V26D,G41L	-1.241479324798932
Y1T,G21L	-0.936482098342494
Y1M,Y50W	-0.24163664716459432
A4G,A38G	-0.9091083783793819
E12V,F18K	-1.1577928864962148
Q3V,M45L	-0.07682617051613307
Y1C,M45G	-0.4981805738049312
D7C,N49K	-0.7839900707254153
E12V,Y50V	-0.3294213509224703
Q11G,V54L	-0.2041833496374912
V2G,N49D	-0.9496610529254053
V2G,N49I	-1.0493713678773935
F6E,N49T	-0.06156771155851251
D31V,G44K	-1.3317329507796871
V2P,P47K	-0.9836230118038372
W34L,P53L	-0.5304086363050651
Y1K,D28W	-1.0147567008325726
Q3N,R20V	-0.8320543559194226
H40L,M45V	-0.6111676921502066
V26G,H40R	-1.0232232706886233
E12G,S30I	-0.8462332845074811
Y1P,R20Q	-0.4785319491201064
M27G,G44A	-1.3958819816096972
T0V,D22I	-1.063694689907447
F6G,G44Y	-1.1926996128445695
M27L,N33P	-0.7738889697813865
D7T,Q42D	-0.8767418167641425
N33P,Q42G	-1.1614148742682948
G17W,Y50S	-0.49222646787451196
R20W,F23L	-0.7885367235142702
W34M,G44R	-0.9103910324450777
W35V,P53W	-0.7124895755092207
L16R,T43G	-1.3981894734951648
A4K,R48D	-1.5388068134852082
R20T,M27A	-0.7099640655053396
D22Q,N49L	-0.8519933714173384
D9G,P32L	-0.9743602035585001
Y1T,R48C	0.050263169630357624
M27L,F46R	-0.8953542949333093
Y1P,R19W	-1.1114693439199193
G21D,Q42F	-0.950444859680559
Q42R,G44W	-0.9076214078379026
R19T,M45R	-0.17096982173698316
F8Q,N49E	-0.4992251618518807
Q3P,F46V	-1.3570140239785657
T0L,D22E	-0.2752123288978653
V2R,Q11A	-1.066521418696904
Q11G,M27E	-0.4232037519091961
G41E,P53G	-0.5337770212916866
F18N,G44S	-1.308365017711265
C39L,N49V	-0.24308490928272902
V2R,P53C	-1.1128975531981236
R20V,V26W	-0.9976739100793772
Q11R,G44M	-1.034198561063124
M27V,V51G	-0.9518596078197796
P10G,F46A	-0.8658684525207785
Q42T,N49D	-0.10014126768081613
V2Y,E15W	-0.2001860870358001
F18G,G41L	-1.3835416238011038
Q11R,G44T	-1.0536641830860591
F18G,P47H	-0.9573735786935091
D9A,D31G	-0.5651640463614408
F18P,G44M	-1.2918857924290676
V2E,T43W	-1.280927205227655
A4F,M27K	-1.1710259086996926
F46M,Y50C	-1.0029346811485045
T0A,Y50W	-0.3558839750672643
M27F,M45G	-0.5751463224233679
G44L,Y50M	-0.8769332083062895
Q3K,Y50P	-1.0141977244648621
W34E,F46S	-1.0990880600612716
E15G,P47S	-0.7885529540501928
D9G,D28H	-1.1465477987032429
D22R,F46W	-1.2703199700150591
E15C,G44V	-0.9198616449876693
V2T,R20T	-0.9659210623068474
W35N	-0.9813593296235321
E12R,N49P	-0.30727770426861334
G44Q,T52G	-1.0027876265350917
M27Q,T43G	-0.9597440210997323
F23S,T43R	-0.6511817793936164
F8G,N29R	-1.0619136616939868
V2F,R20G	-0.8273678112265395
H40G,N55G	-0.44695716637759714
L16P,R20G	-1.2451869478242683
T0S,K36G	-0.808199300010016
R20K,G37L	-0.8619743724195417
Y1A,F18A	-1.2134380665534505
N33E,Q42W	-0.6408857660661167
D7L,V26G	-1.36206409906446
Q11G,N49G	-0.04376835661231942
G17R,M45E	-0.4879734787923169
F6L,G41W	-0.903057572271434
Q3A,N49M	-0.5649272868295997
A4C,R20V	-0.9633601512143424
D13A,V51W	-1.1141815659663938
G17R,D28V	-0.9994126382108184
D9A,K36R	-0.300917391374546
A4T,G37S	-1.3479499937660067
Y1E,F46R	-1.071758714959031
R20V,Q42N	-0.07194219958917028
Y1P,G41R	-1.0760500027724955
D9G,T52N	-0.8040260842481338
V2L,G44I	-1.304405315039401
R20C,Q42W	-0.8855911296703725
V2F,G41L	-1.0634134898919079
A4F,M27G	-1.4685304507037402
P32L,G44A	-1.1426407938651804
I24P,N49G	-0.8402324732633613
G44E,N55I	-1.171395146593916
Q11R,M27P	-1.0164779299180204
R20K,N49H	0.1609242902754373
R20E,N49T	0.18241857831972869
D7S,A38R	-0.6431905994838123
T0V,G41K	-0.5664620156356692
F46R,N55S	-1.151239102913409
M27A,G41M	-1.191740594094858
R20N,P32S	-0.8086747776573945
T0Y,Q42L	-0.221566066181011
R19D,N49R	-0.43444809293378606
T43M,N49G	0.03317555685172497
V2E,G37L	-1.3015617020509294
C39G,G44C	-1.2924992883803677
D31G,A38S	-0.5105260100299827
Q42F,R48Y	-0.8136104955826735
F6W,H40M	-0.6868721793934439
V2H,P53G	-0.5910933323102832
R20W,M27T	-0.9332138125309852
Y1V,D28G	-0.7612679555366826
V2D,Y50V	-0.9848218503478614
R19P,F46G	-1.34391584257378
Q11W,D22G	-1.2512532291800076
M45G,T52C	-0.6259349827222399
A4S,Q11G	-1.0512358123143426
R20A,M27A	-0.4125685146252166
D9V,N33C	-0.42233283770176416
A4R,G41R	-1.3370025216338826
G41K,P53G	-0.6485658611209961
I24R,D31K	-1.108533132748581
D7W,T43K	-1.0389386916949594
E15Y,N33L	-0.35733998927665034
Q3W,F18M	-1.2076755556298666
Y1E,V54T	-0.23844745924159536
D7C,Q42F	-1.0970217633695818
W35G,N49L	-0.9615580102618806
R19S,M27R	-0.5763967755092729
M27P,G44N	-1.4453388164189298
H25Y	0.03465085618082578
R19C,Q42A	-0.3885194616435683
Q3V,A38V	-0.12158669387951249
C39L,G44A	-1.0140666068123267
Y1R,Y50V	-0.24245629854717105
W35S,V51C	-1.077339819032287
P10K,N49W	-0.3742328351947576
F18S,Q42P	-1.382605095974029
Q11G,G37W	-1.1581924837213058
F18H,M27V	-1.0247583306449042
Y1A,G44F	-1.189959665702331
A4T,Q42K	-0.7632971644649581
F18E,Y50E	-1.1978626121680833
Y1T,D28V	-0.9493708258744991
R20V,Q42I	-0.26047452532130944
F18W,T43P	-1.4256837460629972
V2G,P53R	-1.1144039899265463
T0V,M45T	-0.1064894103615288
R20W,S30C	-1.2513465314325734
G21Y,Q42A	-0.9731347698599488
Q3D,N55A	-1.042000263404045
V2T,W35K	-1.2598441496272106
M27N,F46R	-1.3153991755998677
D7R,A38G	-1.1048794383560145
M27A,C39R	-1.0521427373130456
R19Q,N49K	0.14461573964364055
M45L,N49W	-0.14614563833120792
V2S,C39W	-1.3183146209752854
G44N,N49R	-0.8314505063570126
P10L,M27R	-1.2472320095353258
Q11G,F46E	-1.1123530205887342
T0G,N49W	-0.25070018542859757
L16N,Q42V	-1.056816362106153
T0Y,F18K	-1.0593680735633737
P32L,F46A	-1.1807331423448864
Q3R,M45L	0.016043740444141783
D9W,T52R	-0.17766233871701498
N33G,G44E	-1.2320791438374834
R20K,M45D	-0.5351886318771139
Y1L,T43D	-0.49254309699593785
G44W,T52E	-1.0278406915894664
G44A,Y50Q	-1.238843195228045
Q3V,G44L	-0.9730362463454604
T0V,D9C	-0.2216229858095389
H25R,T43I	0.02657595816952633
Y1G,G41T	-1.213510512371624
C39T,N49V	-0.6878690125568596
M45A,N55S	-0.4747079950510967
T0L,Y50P	-1.0299119087553885
L16H,T43K	-1.0268295029716659
N29L,Y50S	-0.8320906667890507
W35E,G44S	-1.2496365471514845
S30A,T43E	-0.22872297530719235
F6G,R20K	-0.3633847896330408
D7V,Q42P	-1.3666737438216283
W34F,M45W	-0.185524149443667
M27W,P47K	-0.6995638572588707
A4S,Y50T	-1.1536968259172968
Q3G,T52F	-1.022087950559644
R20G,W35T	-1.2346780684946106
A4G,H40V	-1.2608637400673262
H25S,N49L	-0.21349799210437687
V2A,C39R	-0.6033876428011841
Y1M,M27A	-0.5688401000979408
M45F,V51F	-0.8612647260946494
D9S,F18M	-1.0664303654895704
D28V,N49K	-0.7388840370348375
T0M,M45R	0.07199140894868833
Y1E,Q42A	-0.15495837770985343
D9L,G44V	-1.0931354194033822
G44E,Y50R	-0.9495674336807991
A4R	-1.0624462270458537
D22V,T43A	-1.1473055923978257
V2P,V54R	-1.066555732868283
R19Q,T43R	-0.38318662759625344
Q3K,T43Q	0.028100969801031134
Q3E,R20F	-0.9315048604722681
K36C,G44E	-1.1728879349977195
A4G,P47H	-0.886231585845044
L16R,M27G	-1.4155315064689271
L16T,R20V	-1.0058233628972877
D9A,C39G	-1.0754660599993473
M27T,M45D	-0.7497078317745722
D9A,G44N	-1.1031680331432892
L16C,M45A	-1.0412455743655065
M27V,T43K	-0.02511202089429214
Y1F,M45W	0.1052221695023378
M27Q,A38G	-0.45160103938650487
D13K,Y50G	-0.9047540917307471
F18S,I24G	-1.211160148053879
G21M,T43K	-1.0041330121682044
T43D,N49E	-0.42181002749258795
G44C,R48W	-1.2639760975045031
V2P,F18L	-1.261875485295045
D13V,Y50F	-0.44208807198288985
A4D,W34S	-1.0812563896156893
V2P,M45Q	-1.2146249473692339
G21S,W35M	-1.1110031211970828
Q3G,D31E	-1.2107055736525716
T0E,K36E	-0.18317433006699038
Q3K,W35F	-0.6421563466916864
V2K,T43R	-1.1578004719726631
V2G,Y50N	-1.210696626665361
Q42E,Y50P	-1.000063344574898
T43P,N49P	-1.2135229217242631
I24V,T52S	-0.6784392079292294
Y1P,V54G	-0.6197247582263165
V2D,F18E	-1.2085144234201302
R20A,W34G	-0.8559509862225604
Y1C,M45S	-0.30441250163618183
R19S,T52A	-0.21230467566102953
D22G,P47F	-1.216273169461373
Q11A,T43R	-0.36971356394066246
F8V,M27G	-1.0047910843825227
D22G,D28G	-1.3063458630241345
A4D,N49M	-0.9510761392482204
I24L,K36M	-0.8582367609119442
V2E,W34C	-1.1550089684690552
V26G,Q42Y	-1.1267288654654366
A4T	-0.8968617539033016
F6W,T43M	-0.3087202851696431
K36G,H40S	-1.1158626302364962
T0D,T43L	-0.2298637815597004
E12N,N49K	0.22016227047348452
W34R,N49W	-0.1459008122856516
D9W,P47V	-1.072217782342791
Q3C,G17C	-0.31383148108921943
W34E,Y50G	-0.9870626534275417
G41W,P53G	-0.9298584913634462
R20Q,S30K	-0.26892722705625727
E15G,M45S	-0.4048776361843546
Q3V,M27Q	-0.21628023366125293
V2E,P53V	-1.0260022539600622
V2T,H40R	-0.7963978639142282
M27A,T43W	-0.9930850635267965
R20W,M27C	-1.1827472364096325
A4R,A38G	-1.1487774795677757
G37V,G44W	-1.2617637698132431
F8T,G44I	-1.219127531203239
Y1F,M27K	-0.2579554763403199
Y1W,W34H	-0.5197915126919423
Y1D,Y50W	-0.5695052854447817
V2E,R48C	-0.9656212106468591
D9Y,R20S	-0.3267616363717651
R20E,N49G	0.1540829625076337
Y1W,I24M	-0.7277540251657624
Q3F,P47W	-1.1177748088694919
Y1F,M27V	0.02695831719786962
V2H,M45R	-0.2641167435159113
M45Q,N55Y	-0.6062345359011582
G17Y,R48W	-0.9016586293302793
L16H,Q42D	-1.1486386606890708
Y1G,F46V	-1.2600630238288908
G44C,R48M	-0.9736047596122523
Y1G,W35E	-1.2899335792220765
G21N,N49K	-0.4516483835099418
H40M,F46W	-1.2295259045615494
F18M,Q42I	-1.0669177652125095
R20M,T52S	-0.3628071876673202
T43Q,N49W	-0.021241389996541016
Q3F	-0.5729994486670711
V26R,Y50R	-0.8861342230227502
F18G,M45H	-1.2011048561601931
Q11R,G37L	-1.1037875540236148
Q42L,M45V	-0.08166648670559666
R19V,W35T	-1.141373510171542
G21T,F46V	-1.2941836796228763
D9V,Q42G	-0.5245185516899831
D13G,M27R	-0.8386168741805022
F6L,G44A	-0.9217567098814858
K36A,Q42S	-0.8020498031189729
R20N,W35R	-1.2312282037857074
A4L,M27S	-1.2127251645630888
D7C,Q42L	-1.1058979977133032
R19D,M27T	-0.5847732087596756
A4L,M27W	-1.2055037788172671
G37R,F46G	-1.2570831368176147
T0F,W34R	-0.14439396486194825
M27W,Q42T	-0.3785506469120934
W35S,G44V	-1.2422746489899517
R20C,M27W	-0.6201822450655968
V2G,D22R	-1.3440402878788227
H40A,Y50N	-0.9456029340767131
D13G,D28G	-1.1869581751929306
V2A,A38G	-0.4541971145191225
E12M,M27G	-0.9863628420606738
D9T,G44L	-1.024765091438414
R20W,G41K	-1.1581947325533348
D7K,R20G	-1.2913937843306564
V2E,N49R	-0.823321436229757
M27E,G44W	-1.0445958987964166
V2S,N49Q	-0.7244786849263701
R19M,R48G	-0.5892218823180639
K36G,N49K	-0.4535558493039751
D7K,M27L	-0.7766121432923523
F6V,M45G	-0.42079983984629293
Q3W,R48V	-0.6231087433270406
M27Q,R48W	-0.8999263697255605
R20A,P47I	-0.698358220901992
R19G,M27L	-0.23959318741072722
A38M,N49W	-0.24597547083583252
F18Y,N49W	-0.795389371993537
D7V,Y50V	-0.998951205368556
V2L,I24A	-1.3263218565644639
V2K,R20E	-0.8819422648191654
G17V,Q42A	-0.3650419189440869
P10R,G37W	-1.362498676874908
D9E,C39N	-0.6555274551571992
Y1L,P53L	0.014079823849489356
Q11G,T43K	-0.34082487388214433
A38G,F46L	-1.0599581454840472
T0L,T43G	-0.8448312204233989
D31A,G44E	-1.1792821594565157
V2R,C39A	-1.04839763879051
R20V,Q42A	-0.06634741896733214
P32H,G44T	-1.1611768192777185
L16P,T43K	-0.9225585456692043
F18R,G44S	-1.3086206840094918
Q3T,G41E	-0.6913836339967689
D7L,N49W	-0.8930034837252783
F18E,F46K	-1.1516328328638068
K36S,P53F	-0.43529527456562656
F6W,G14R	-0.67711823591608
T0C,A4G	-0.7349160169110402
G37R,R48G	-1.2133834689902996
Q3F,N49G	-0.5190391086491084
G21F,G44E	-1.2752162809921912
Q11A,R20A	0.03791011848110712
D28G,P47I	-1.2611460568481663
V26A,N49C	-0.7651534643634303
F6Y,R20M	-0.2772825534031651
D22I	-1.047516758141521
A4E,M27A	-1.3430423615470928
M27A,H40S	-1.0216042128005312
V2C,E15M	-0.2916630129834553
D22A,T43E	-0.6653136699833276
R20K,K36S	-0.16995962632393502
G37R,N49L	-1.059563887074387
R20E,N49A	0.23815935826387225
Q11L,G21Y	-1.0696809313502056
M27E,Y50P	-1.0154578199478448
M27G,V51Y	-1.3504812105921773
F8M,N49G	-0.522300835849472
R19V,C39H	-0.8487218275733452
R19M,N49V	-0.23676890792009803
R20F,Q42F	-0.9253497385481595
P32I,Q42F	-0.715530993151312
M27R,N49G	-0.3341416715654481
T43G,T52L	-1.033101322333226
M27G,Y50H	-0.9286092170557865
G37W,M45Q	-1.2050545984730157
R20K,G41A	-0.5131407897223751
C39G,R48L	-1.3191178522344167
V2S,M27K	-1.0113589707609545
Y1W,N29C	-0.10559713837951498
Y1W,F18C	-0.9148789609970708
N33P,Q42N	-0.9496843001768118
Q3L,G44C	-0.9671397297155329
D22T,Y50E	-1.3132245786296548
T0K,T52R	0.041796201317984776
G44P,P53H	-1.0995185015459994
P10L,F18C	-1.2978061138547128
F46M	-0.96033470126795
W34L,N49G	-0.2758725536446324
T43H,T52R	-0.20270068296127028
Q42E,G44C	-0.9003072320681496
Y1F,Y50L	0.015026002284798341
D7K,R20L	-1.3259494048402038
A4I,R19V	-1.2649611569991699
V2I,Y50L	-0.6322176497338495
P10Y,W34G	-1.279225144822348
A4G,F18L	-1.0384933685515645
Y1W,R20K	0.27198350580355257
Y1R,G37R	-1.0248839722462475
R19W,P47R	-0.9012682651276023
W35R	-0.8698061039718905
T0L,R48F	-0.5860252374039284
E15Y,P47L	-0.7329555152828765
N29K,A38E	0.1826403976622631
E15L,N49R	0.10832039284176796
Q42S,T52W	-0.3882276387028521
F6R,H40V	-0.7374717262610233
F18G,K36G	-1.4189506589293095
G44E,V51Y	-1.28894255656695
G17D,N29A	-0.834378638890531
F6A,G44W	-0.9396975952334155
D7S,R48V	-0.6197082976620125
D9I,F46G	-1.055293734729364
S30T,V51N	-1.0683506819192838
Q3S,M45P	-1.3502088339796297
E12D,N49G	0.0631528225238316
R20C,T52A	-0.3998244351929225
Q3K,C39G	-0.9692712053712621
A4G,W35S	-1.1518594045000143
Y1W,D22V	-0.9364793474280008
M27R,G37L	-1.266969711263041
Q11A,Q42S	-0.17455679503358068
F18E,H25R	-1.0442004175271322
D13L,Y50L	-0.2094815430378701
D7R,Y50D	-1.3286030233938506
Q3W,F18W	-1.3020246618008384
Y1K,W35L	-0.22720254167723564
G21L,W34V	-0.8951719473749895
D9L,M45V	-0.23401127961444737
M27I	0.050857136280278395
R20Q,N55L	-0.15591934392998869
Y1R,F46C	-1.040317592984196
T43I,N49S	0.20810576364823272
R19G,M45S	-0.6515390746279539
F23V,Q42W	-0.40957143641264504
T0V,G44N	-0.9935699389042443
D7K,T43K	-1.0045629870922266
Q11M,H40S	-0.571230489378449
T0W,F46K	-1.0836199695516537
E15I,F46A	-1.0395570033438537
G37V,T43M	-1.0826909039276336
Y1L,P32Y	-0.5782693016399657
T0W,F46M	-1.0528532473143262
A4C,R48G	-1.1499351631681247
T0S,P53W	-0.26231452870180894
R20W,R48M	-0.980322590368111
V2Y,Q42I	-0.2848582350869
M27E,H40G	-0.33651204612219443
D31E,R48W	-1.08657751935098
G17H,M27S	-0.45071782508214786
D22P,C39A	-1.0437782659000048
P32I,M45G	-0.7676290456060093
T0I,Q42G	-0.4676109321967448
D7H,I24A	-1.305308208764765
Q3S,D22V	-1.326697586001991
T0K,D22G	-1.0466508399882841
Y1N,Q42R	-0.11848382953426678
V2K,P47V	-1.2955077498509402
Q3H,K36S	-0.9447804370080963
T43E,F46W	-0.8068732339585889
G21W,G41L	-1.3132679353765069
Y1V,R20L	-0.377936994674712
V26L,K36P	-1.0255866276345154
D28L,V54W	-0.8486493360374916
T0I,C39W	-0.8953542572797224
D9E,F46D	-1.000765797434326
P32W,Q42M	-0.9766682171606649
T0Q,Y50G	-0.8283002992241646
A4R,T52M	-1.0119125146020789
G21E,G44L	-1.3326007641037378
Q3E,P10A	-0.17096675607905484
Q3P,F18W	-1.3416205450648788
D9V,T43S	-0.0949840616636593
R19L,M45K	-0.30738129965329763
F6M,Y50S	-0.414309517623337
A4G,D9P	-1.2487164399677575
R19C,Y50P	-1.1304766516692109
F8L,Y50S	-0.8585602522321227
E15V,I24A	-1.064342314121496
G37R,G44V	-1.184002004096035
R19F,A38G	-0.7770036160195906
M27N,N55D	-0.5845391230717302
Y1F,G37A	-1.0218873208818997
M27L,M45K	0.2178967305329217
D9L,W34D	-1.1217146316457398
T0N,F18Y	-0.9306203727108251
Y1R,K36V	-0.11798715055013184
Y1M,G44I	-0.9509577587875969
Y1F,R20W	-0.9227966944019449
Q42P,P53S	-0.9780881704973514
N49F,N55E	-0.34408485872645145
V2L,A4V	-1.3160300125355069
D9R,T52Q	-0.15748212104659762
Y1W,H40W	-0.6612289138259698
D28A,G44I	-1.2577107953941882
Q3I,R20W	-1.1213462886235246
G44M,N49D	-0.9979214420992637
P32A,N49C	-0.029821463986100735
M27R,T43N	-0.7793591462232218
Q11E,P53S	-0.09936433021477127
V2P,D22W	-1.2049884166482954
R20E,V51L	-0.8296436878984609
N29R,M45K	-0.011182920622963975
V2L,E12S	-0.9794890746056866
H40E,N49R	-0.4025504783437355
V2G,G44C	-1.3034399871850446
G17V,Q42G	-0.7527576035477527
D22V,K36L	-1.1209129627319443
A4T,R20K	-0.6978785758094972
Q3E,G41R	-0.8123511030422934
F6W,K36Q	-0.3595972952070827
R19Q,N49W	-0.12169056394588959
G44D	-0.8984036863701658
W34A,R48A	-0.49425385479378503
Y1G,I24R	-1.3246318850454002
E15P,T43R	-1.2410535825432245
I24S,Y50L	-0.8778889497100967
A4S,G41E	-1.12071888989491
G14L,N49Q	-0.6135824025818829
T0M,V54R	-0.1100971976663353
A4W,M45L	-1.1338520579033224
V2A,T52L	-0.30176557163883955
Q11R,R48G	-0.30940194484313666
V2P,W35G	-1.2555048869110355
V2P,F46M	-1.3244953379269973
A4T,R48M	-1.002034246879848
I24R,Q42C	-0.967982299539682
A38E,G44W	-0.8760803336016889
V2M,G37R	-1.1013377422195343
D7T,Q42T	-0.8206325815990274
T0M,Q42M	-0.11006985047798953
D22T,T52I	-1.0153901077315046
V2K,T52R	-0.9174169892208157
Q42W,P47W	-1.1321984890669157
K36I,G44K	-1.1304667464154832
W34G,M45S	-1.0504297467393766
A4F,N49W	-0.9494376402713087
F8L,R20G	-1.0109950682762792
Y1C,M27G	-0.9195285821462851
R20P,M27V	-0.7523791076207388
R19F,G44A	-1.2012177527805012
Y1R,V54L	-0.02070191345283835
D9L,M27I	-0.31045330305388374
N29A,Y50L	-0.13929491632538918
R20I,C39E	-1.2791197139546244
Q3F,R20V	-0.6565845759113531
Q42C,Y50P	-0.9234268951535591
F18V,F46L	-1.3080416244572157
P32R,T52W	-0.4294868324016456
D22S,F46R	-1.3074698883232196
T43E,N49Q	0.1691369825944644
G17N,F46W	-1.1089169673301489
D7S,M27G	-1.2919543355692946
G44A,T52W	-0.8920614133889324
T0M,F46L	-0.8914010356699994
D7G,K36A	-1.3061360294762487
Y1A,Y50L	-0.28758979307259236
R20L,Y50L	-0.48146957849899114
V2T,G17W	-0.6651486277128099
V2R,N29V	-1.2136109077290502
M27P,G44Q	-1.4372302281734042
Q3Y,D9G	-0.9777791145171078
M27V,M45E	-0.3876804021123782
Y1K,G41V	-0.9198471338023706
Q3F,T52V	-0.5571153076279292
D9Y,V54S	-0.13391782539110125
E12W,R48W	-1.019569588940919
Q3G,F46W	-1.3650205667679125
W35D,T43N	-1.152244198393479
C39D,Y50S	-1.1529960206750347
F18Q,Q42W	-1.334357849056399
Q11L,S30T	-0.40741527136459277
E12V,T43V	-0.04028695321046046
L16H,C39P	-1.2368459048719325
D9V,D28W	-1.034222976157956
D9E,Y50S	-0.3176520523405375
T0Q,F46G	-1.0334820336412929
R19A,T43P	-1.109401897207234
D22E,R48F	-0.8736074052131488
Y1E,D22G	-1.0950679384657231
Y50Q	-0.5997204357281136
P47G,P53A	-1.005830142340169
V2S,G41Q	-1.1808363785960412
Q11G,Q42Y	-0.47591722872179487
Y1S,Y50V	-0.5057337378314772
Y1K,R20Q	0.06552325186161254
Y1V,Q42E	0.07064259876216658
D9C,Y50E	-0.9527858521167458
A4V,K36A	-1.3616205021169616
Y1H,H40F	-0.6860932381697813
E12V	-0.057450653619833675
Y1G,G41M	-1.2103908109010444
Q3V,D28V	-1.0129080598614708
D7V,Q42A	-0.9706330423330131
N33R,T43S	-0.32584865719032174
D7Y,F46G	-1.3123357004373482
P47A	-0.6521046583221723
G37R,G44N	-1.2769294890265486
M27R,T52S	-0.5435080395753057
Q3R,P32R	-0.20340030736877873
F18L,G41Q	-1.0820116519765457
F8G,N49G	-0.8763770401621153
Q3R,R20A	0.12080711754584256
M27T,H40G	-0.2238550631366692
A4S,D31N	-1.0293777210583663
T0F,F46C	-0.9328691177547495
Y1V,Q42H	0.06859213454743504
F6R,M27G	-0.830088545792628
T43V,N49A	0.26302053595145003
P10W,M45S	-1.057147503884302
F46W,N49K	-0.7389827003808017
Q42E,Y50V	-0.4078303486847519
Q11G,F18E	-1.13477958426173
R20H,D28G	-1.1249892761094293
F46L,Y50A	-0.889462083471751
Q3K,G44W	-0.9950845470594312
D31P,T43C	-1.0096613215590808
D13M,C39W	-1.1220349701706558
D22G,M27Q	-1.093806597659056
N29G,N49S	-0.09561639219557186
W34V,N49S	0.03816262038670644
R19H,R20V	-0.19676905700871578
D22Y,F46R	-1.3211543667382797
N33H,Y50G	-0.9487803127365964
L16R,R20W	-1.3635342804801345
F8R,Q42W	-0.5603606875884712
V2G,N49K	-0.7136922817274454
R19G,T43S	-0.5893844843431575
L16S,H40C	-1.314576406175398
T43K,N55C	-0.4034896171675643
Y1S,T43S	-0.4327311790219767
P10V,P47V	-1.2318878467859948
V2Y,M27A	-0.5797078127054447
D9V,H40K	-0.11916687549456861
T43E,N49C	0.09821119259888048
V2G,G17E	-1.008200875100032
M27R,P53Y	-0.6560779013585347
Q11H,N55F	-0.5145697876931233
T0F,F18R	-1.0128715144583222
C39W,P47S	-1.161236519312126
V2Q,M27K	-1.073768465066148
R20G,W34N	-0.97643764981692
V2I,M27G	-1.3029393852791138
V2T,T43I	-0.7411681499078133
F46G,P47T	-1.1922338482584358
Q42E,P47L	-0.7593868109626445
Y1D,D28G	-1.0575751744598543
H40R,P47M	-0.6524569214108753
M27D,R48W	-1.1531071218732678
R20W,V26Q	-1.2883024561581051
D9K,P47C	-0.8561716424627728
M27E,A38L	-0.3182053986730561
P10L,R19K	-0.787209135866677
E15R,R20Q	-0.26508423680334164
Q3I,M27G	-1.152050149311199
R20L,V51F	-1.1826527526889725
L16A,G44R	-1.2574922603413112
A4N,D22Y	-1.3467504726933128
F6S,R19L	-0.6081145750273488
V2Q,G44W	-1.3056419852180776
E12W,N49K	-0.15352790243791586
R20M,M45P	-1.0294325361401282
Q3M,T43P	-1.055459452549114
T43L,V54G	-0.46323694692214956
H25M,T43M	-0.09857507138284212
Y1A,T43A	-0.665697675152896
G37R,T43E	-0.9391953939054769
Y1I,G44R	-0.8689967915120823
T0Y,W34G	-0.9251726827985529
R20Q,M27D	-0.5923128175214977
C39R,G44V	-1.1998105051489016
F6R,T43W	-0.5572873110597005
G37L,F46L	-1.3365667552716918
T0E,F46E	-1.0977921814568012
I24G,Q42M	-1.0443246206695833
F8C,N49L	-0.50848000372079
F6R,G44K	-0.9495624130641931
D9G,P47L	-1.0897094310534639
A4P,M27D	-1.2897915649581422
R20A,K36Q	-0.08286545769509335
G17F,V26Y	-0.917646494934613
N29L,G41V	-1.2500129240974789
T0Q,G44R	-0.9757281465016717
F18G,W34Q	-1.0061082990275148
V2L	-0.8199882048631263
L16G,Y50V	-1.0469276656981312
F18V,M45A	-1.1100967012623144
A4R,Q42H	-1.099408116077801
Y1P,N49K	-0.2556197943922941
Q11C,G37V	-1.1560567295104314
F6C,R48M	-0.2918947496057228
V2G,P32E	-0.9367692565283794
M27W,A38G	-0.5476721832679238
G44D,N49K	-0.6614902087793944
G41M,N49W	-0.6663551010114482
W34V,T43R	-0.44286701623659297
Y1A,R19M	-0.7319699166911562
T43P,V51K	-1.3493110799605186
V2E,I24P	-1.2784792833196013
D9W,N49L	-0.3425820649754839
Y1R,T43A	-0.2502392253360226
A4T,F46R	-1.3155807295174513
Q3S,Q42R	-0.4648602260093168
L16W,N49T	-1.0015369776367518
A4C,M27E	-0.9958296332143057
R20V,Y50A	-0.20810539583344775
E15G,N49R	-0.08686673000947616
G17T,M45C	-0.486470453410627
G41R,R48Y	-1.1333417768885161
F6T,T43A	-0.4903830674965616
E15S,K36L	-0.5449432518049675
F8Q,M27G	-1.2684620322878277
R20L,N49K	-0.27061416062769245
V2R,T43L	-1.1355837955868224
M27P,T43D	-1.3258977173322664
E12K,P53N	-0.0880106076194822
P32F,N49W	-0.5289074124531493
D7G,Y50L	-0.6819300738070256
M27I,M45G	-0.43035802108189125
V2R,R48K	-0.8758677117541208
F6R,R20W	-0.8114122097264772
T0G,H25G	-0.6113869078965423
M27R,D31P	-1.232526213715687
V2C,M45E	-0.6710948161028942
F6R,W34L	-0.29136203243797154
A4D,R19G	-1.1838333661561748
Y1S,D7P	-1.1159308768069276
D9A,C39E	-1.118104970562967
T0K,H25G	-0.5191643272461406
V2E,T43K	-1.0109160464806939
W34T,Q42R	-0.09748504620217598
T0Q,M27Q	-0.15786020475439294
Q3R,R48L	-0.5887194405217957
Q3R,A38W	-0.38363841336196824
V2E,Y50A	-0.8651176048131359
Y1S,F18T	-1.2170254799730038
W34R,M45Q	-0.5116000346036124
P10G,Q42M	-0.08460851806833798
W35T,F46V	-1.2459249808445385
V2F,M27K	-0.5650997037331605
V2K,D13A	-1.0960358795423637
V26G,K36G	-1.3953063361958709
V26A,M45A	-1.0329547005774073
A4S,C39V	-0.9565597279409368
G44Q,N49V	-0.9503730112619532
W35A,P47M	-1.1124343698958443
D7V,R48V	-0.9020805032993042
R19F,Q42L	-0.6637301647534619
D9R,F46A	-1.1465585119534667
F6L,P53K	-0.41908132349048
D7L,Q42G	-1.2572565520450785
G14V,M27T	-0.6136631453742256
D22N,W34V	-0.8839891102971504
H25R,P47C	-0.7106676492161332
I24G,W34G	-1.24500526745439
T0K,D9W	-0.28001907154533673
D7M,Y50T	-1.1618675444308801
V2N,M45G	-1.0853019347757615
Y1K,Q42R	0.15407862705726189
T43G,R48Y	-1.181333131033984
D7A,T43K	-0.8326776635763545
D7W,Y50C	-1.0745868333136266
M27R,G41F	-1.238129408868828
R19S,W34I	-0.5286357399318312
D9E,M45G	-0.3432679266611794
Q3L,M27Q	-0.3093178111738332
G44E,T52V	-1.0500493298302853
F6Q,R20L	-0.6547742132277801
Q11M,T52I	-0.33814400775981845
A4G,R20K	-0.5019610173896394
R20W,V51N	-1.3117872996741489
E15G,R48M	-0.44735898788606604
T0Q,G44V	-0.94901545098519
Q42S,V51G	-1.051545134462802
R20G,Q42N	-0.5735205517330835
D22G,V51G	-1.299489832007207
D22S	-0.8218698790296138
D22W,Q42M	-0.9021997479829665
K36R,Y50H	-0.4127285278757961
F23S,N49K	-0.09211716161063135
Q11E,R20C	-0.36651885182112637
F18R,G41L	-1.3658191237419528
G21A,P47V	-1.3535772652527835
Q3Y,Q42F	-0.6682507055342807
Q42E,N55E	-0.12760581310648014
D22L,N55H	-1.1605541537048742
R20T,P47R	-0.5358465841506657
G21A,Q42P	-1.4159771312037692
A4G,G17V	-0.9408377212082353
V2I,R20L	-1.1621724203508936
T0M,P53E	-0.04478249424585057
Y1Q,R48H	-0.5790139772516398
Q3W,Y50C	-0.7373420578665724
D9T,Y50G	-0.8394586586007897
K36D,G44V	-1.3268239730451263
I24G,F46M	-1.250502305850822
A4S,F6C	-0.8535040921148709
R20Q,F46V	-0.8463925914721141
V2Y,P47S	-0.6671959464146249
D28S,Y50S	-1.0029329210001867
Q3W,G44K	-1.3021437746404465
A4P,H40R	-0.9963792457230576
V2E,N49G	-0.8334870418156243
D7M,N49K	-0.8277223581107866
A4R,T43Q	-1.0137629628126785
P32V,T43N	-0.7188106935575381
F8V,R19G	-0.7322023305284833
G44V,Y50H	-0.9857770761072002
L16H,N49F	-1.1497803909408475
F8T,F46G	-1.261693025985426
Y1F,P47G	-0.9355025255484113
V2G,F46L	-1.339714905586261
V2M,G17L	-0.6895985020785091
R19D,T43E	-0.48717566441782817
M27W,M45S	-0.43956292979733014
A4L,G44L	-1.2964720353197068
Q3H,T43Q	-0.5086117580223062
F18Y,R48V	-0.8970030729995406
R19Q,M45V	-0.07199167307353513
M27V,W35Q	-0.8741908876518333
W34S,Q42L	-0.7054936404529135
V2G,N29K	-0.9529813069987725
D28W,Q42A	-1.03156399538203
V26L,Q42W	-0.875632781173735
R19V,T43N	-0.7817915492032845
M27W,Q42M	-0.39114910658587093
W34G,Q42P	-1.3359682831168802
P32H,Q42L	-0.59444089295255
Q3E,M45W	0.021665412493785993
A4D,Q42P	-1.3215668665758251
A4V,Q42R	-0.8967053734005759
C39E,F46W	-1.2475641393329813
A4V,R20Y	-1.3587069002819316
R20M,N49C	-0.16092936049833825
N49G,P53H	0.035720852309486614
T43V,R48E	-0.42601249326572604
T43E,T52G	-0.022164505664031275
F23V,P32C	-0.3476578500558519
A4P,F18W	-1.3142668384317877
A4G,G44K	-1.2780630311329744
F6E,Y50S	-0.4756044991739664
Q11G,M45W	-0.12284157128629111
Y1A,R19W	-1.0780553748121444
I24L,G44R	-1.3012952695899598
L16N	-1.0615817920831927
W35T,G44T	-1.2672330179926066
T0G,D9A	-0.2149677478654139
F6N,P47S	-0.9266402305663073
V2G,K36E	-1.0962228113140982
Y50L,V54G	-0.11042154279701226
F6L,P47A	-0.8632315295201511
M27E,T43L	-0.3096920536069831
V2K,R20M	-1.0682318339520522
Q11L,R19G	-0.6654777188412642
R19F,K36Q	-0.705288788172242
T0R,D9L	-0.3979462248108052
D22R,T52A	-1.1250445074554627
M27S,G41R	-0.942267375648798
D9C,C39G	-0.9690358074653553
R20E,R48S	0.3477546428135159
D7C,W35V	-1.0737908817991786
D9Q,G44V	-0.9177541239497276
R20G,R48Y	-1.0348198848630779
V2H	-0.46754638966933976
A4P,T52Y	-1.1442507718897814
Y1Q,G17V	-0.3899586456001757
G21P,G44Q	-1.3121047766714047
G21R,Q42E	-0.990305615673996
R20V,H40G	-0.25974016291533664
L16W,T43G	-1.3677676134200476
Y1F,R20P	-0.8076372762447729
D7G,V26F	-1.1930116695128394
A4G,W34E	-1.1061354446278344
F18M,G44L	-1.319286884165449
A4D,Q42F	-1.0491922655025303
A4L,Q42T	-1.1041958825270037
Y1A,Q42S	-0.5424911292188808
Q11R,G44V	-0.9788884807239498
G44A,N49C	-0.8332960669633784
G17V,Q42P	-1.0664016947449961
G44H,V51K	-1.2487375730168755
D22V,F46W	-1.3009154493369715
D22G,T43K	-1.0104640624572545
Y1E,M27Q	-0.28526159072473145
R20C,F46R	-1.1966893513330965
F18P,M27G	-1.4526522861042466
M27R,W35Q	-1.1875118938839544
T0M,Q42F	-0.23049954098626127
M45L,N55H	-0.2235026445046033
F23C,W34R	-0.36133257128663243
Y1K,G44P	-1.0650974117190815
G37P,V54A	-1.2360634012736125
V2R,M45E	-1.1826384041835363
W34F,R48W	-0.9861930725535166
W35I	-0.4808459676783529
D31R,N55S	-0.9151200479901487
P10G,F46R	-0.8790763687225958
G44H,T52C	-1.0971178735596463
Q3E,G44F	-0.968056779319484
H25D	-0.1291557341019231
F8G,S30A	-1.1389611183979909
V2R,M27V	-0.9522731777293942
Y1T,T43W	-0.49590616029804807
V26M,T52M	-0.7465232447286925
T0R,I24L	-0.8857981964478883
V2I,V26G	-1.2260925766752333
Q3L,W35G	-1.024919984557016
R20V,M45D	-0.7806948372478361
F6R,T43I	-0.07678413130453576
V2K,R48Q	-1.2252271308631602
F18G,G44V	-1.2538798578359698
H40S,N49P	-0.8697133349864152
F18D,W34A	-1.105315180420379
N29Y,T52F	-0.5699251626613118
V2S,M27W	-1.0559529046646883
D22L,P47L	-1.1943948739030381
P32L,F46Q	-1.2158040652309008
V2K,Y50F	-0.9578722247036152
F18E,G41V	-1.3220634284389565
A4T,D31L	-1.2541262454461473
M27I,G44L	-0.9865770268144948
E15L,G37A	-0.7861385064962413
T0N,G44L	-0.9543970383679292
R20T,G41N	-0.5120698053748457
D31M,R48M	-0.9442720894848255
T0R,V26T	-1.0409506856353103
A4R,W35S	-1.2750410671273933
T0K,F46S	-0.9922838713565312
A4R,Y50F	-1.0976471893820743
V2W,G41Q	-0.7872703160776181
D7E,M45G	-0.952538088955084
V2K,Q42V	-0.9739185712920658
D22E,P53R	-0.5472046012588558
A4R,R19V	-1.2344634235680192
E15T,P53S	-0.3601787235540139
A4S,L5F	-1.1897256940369219
T43W,Y50L	-0.41890252005665796
Q3C,M27G	-0.9489209679222858
F6G,G44N	-1.1965603747679976
T0Y,T52D	-0.5523076735707786
P10S,Q42W	-0.923040931465415
R19S,G44W	-1.102498107616504
G37P,T43W	-1.3284377658375326
D9R,D28W	-1.1862958072889476
A4E,Q42R	-0.9499081270894356
T0G,R48N	-0.47108571276299444
D7T,R20G	-1.0964690242645692
R20F,M27G	-1.2865757075952775
R20G,T52V	-0.5301215308221556
D9Q,M27K	-0.21910130540536818
G44W,N55T	-1.1016823672947085
I24M,N49G	-0.5962303464747556
A4R,R19T	-1.2366329292400797
T0W,T52I	-0.316466840319848
G21D,N49L	-0.7768510747407188
M27L,Q42A	0.12447274616435625
R20W,M45G	-1.02365211689287
F18E,Y50S	-1.103390408036105
Q3T,N49L	-0.3492057704622707
D22Q,G37P	-1.3796744438297575
D13G,G17D	-0.967508333190277
Y1R,V51L	-0.963485119669837
Q3C,G41M	-0.8998727867454286
F46G,V51G	-1.3129884533018903
Y1N,T52R	-0.20098105476890238
V2T,G37E	-1.3049833158853428
Y1Q,T43Q	-0.030618193246048454
G37E,P53A	-1.1022763583910737
D9A,F18L	-0.7849336784808796
D22R,M45N	-1.2007728748582722
Q3N,K36M	-1.0118319051726736
T0E,G44P	-1.1413586824965014
D28G,D31A	-1.0857017189199496
C39A,F46A	-1.0045108737216746
M27Q,Y50A	-0.2833995561368021
G21Q,M27G	-1.3710740740594982
A4R,G21A	-1.3459763490119219
A4V,G14E	-1.2339319116111367
Q42W,N55R	-0.7591088726800437
W35G,T43P	-1.2852677142622364
V2L,G37K	-1.3036050428665236
I24W,P47A	-1.1771396924118274
P10S,G14W	-0.7277224975373979
Q3E,V26T	-0.9985020370435125
M27T,F46M	-0.9649947299800922
V2F,F6G	-0.8959750450244046
F18M,T43V	-0.6954333764068079
Y1F,D31G	-0.48025085083253616
G44Q,N49L	-1.0366828680566613
Y1H,R48S	0.07970193566374216
Y1E,Q42K	0.04538039555105728
V2E,P10T	-1.0894436692287235
V2P,A38D	-1.2024012585157091
T0G,R20V	-0.1207790644548163
T0F,I24G	-0.9244636760369855
W34R,Q42Y	-0.44367970045408756
A4P,M45V	-0.9613985177164364
W34R,R48A	-0.011254406705310117
V2D,G44A	-1.3185794327886335
P10A,N49G	0.06579990724599902
V2K,F46C	-1.2827774231070754
Q3P,G44E	-1.3672651719575524
T43N,P47R	-0.8100856078482068
Q3R,Y50K	-0.11853896418543997
G44R,T52S	-1.0842133697528524
W34R,R48N	-0.6408252720742789
I24A,G41V	-1.3456348714806452
R20V,H40M	-0.5932177237396856
R19Q,M45W	0.023581627992821104
D28G,P47G	-1.3006753499976695
P47G,P53M	-1.1050701743025864
Q3E,G41K	-0.6511164198544317
V2W,M45V	-0.23910685303516557
R20G,T52E	-0.5470304245498363
T0G,R19V	-0.4986279204637011
G21C,G44E	-1.3592929416820136
V2I,R19G	-1.0828240767613915
R20W,H40A	-1.1887022768510707
D9M,T43G	-0.9984814039166945
Y1G,D28V	-1.2914991928880544
K36Q,N49G	-0.08533744926121642
I24E,F46V	-1.271544534953891
D28C,F46E	-1.2179353257013232
T0L,T43W	-0.5348939993524876
R19M,N49A	-0.05756038401670005
M27K,G44E	-1.1383639488319353
W35S,N49R	-0.7078422543979292
Q3E,W34K	-0.5240283697197056
G17T,Q42L	-0.3226895921149078
Q3F,C39F	-1.1131412834316217
Q3P,Y50A	-0.8490060439996506
V2Y,Y50W	-0.2460183163174101
I24R,F46G	-1.272247525413263
G37K,T43R	-1.1848566902777093
V2L,H40G	-1.0809489295250039
G17L,N49C	-0.2545035176031012
K36R,N49L	-0.2704707582761794
D28E,N49C	-0.19651292792114164
Q3R,K36G	-0.7571157128710577
Q3G,T43Y	-1.0638548498840157
D9R,Q42R	-0.11474045468720082
I24C,Y50W	-0.9710102337229732
A4D,T43V	-0.7878299126641095
F6T,L16V	-0.9508702962182914
D9G,K36Y	-0.8833888044760773
Q3V,D9G	-0.7148208157959122
L16V,K36V	-0.8276497865389824
M27E,A38G	-0.3823877250297988
N49V,V51L	-0.8593140505479819
F6L,Y50R	-0.09461638682843218
V2N,V54F	-1.0755869445686086
T43L,N55R	-0.45466112319346774
G44W,N55L	-1.1714750958266664
A4V,P53F	-1.1164030864433543
Y1R,T52L	-0.204165576371002
Q3G,G41A	-1.3512867115266496
R20E,G44T	-0.9278834906421183
D7A,M27V	-0.7855108080827005
M27G,P53Y	-1.043704993602081
H40E	-0.3941193302771653
D9V,Q42K	0.13733662751354783
T0S,P47N	-0.4862435872675497
M27A,G44Y	-1.3028871931632449
D7A,G14V	-1.1978214302109298
G41R,Y50E	-1.2298687937391413
C39M,P47L	-1.0297513332115065
D7R,G44T	-1.3799551155663865
R20T,V51L	-1.0390898297584115
F8M,Q42A	-0.7251811664334549
Q3P,N29C	-1.0837212596061836
M27V,A38E	0.18730244509519323
F23E,Q42W	-0.8388384066746216
R19K,N49S	0.37264407612860495
M27S,Q42R	-0.13459466950161705
Y1V,K36L	-0.03241419042645245
D22C,W35I	-1.0776375212376754
S30L,T43K	-0.8407872273633423
F18R,F46G	-1.2464721488040422
M27F,F46G	-1.2009141711330527
V2R,Q11L	-1.0983996133601275
T0R,F6V	-0.2876763260678623
V2L,D31P	-1.3429843303909759
Y1G,I24L	-1.2203767022883953
T0W,G17V	-0.5654904992810817
Y1M,F18G	-1.0424679090597717
V2R,W34S	-1.2069014353023841
Q3D,D7R	-1.430808601323296
T43N,Y50R	-0.5263044317721284
T43R,P47E	-1.0664562216406448
V2H,G44D	-1.0345386297348524
D7G,H40G	-1.0379788530559562
T0G,W34E	-0.7442325836068584
M27K,Q42V	-0.24147062720774248
V2T,T43G	-1.3444973451705733
Q3S,T43I	-0.5887340173022597
R20C,Q42P	-1.1052298518522836
Y1C,P10S	-0.44848115398978383
K36L,R48S	0.0849191840501597
D28Q,C39G	-1.197011859759068
G21W,T43R	-1.1383754616406188
D22K,N49K	-0.8733374179240536
D22H,Q42P	-1.3614506661810077
Q3E,Y50F	-0.20565290468162878
T0Q,D9T	-0.04869767042616539
Y1E,G44S	-1.0248385345321755
D7G,L16W	-1.305271679167017
D31A,C39D	-1.2245286607471815
V2S,G41D	-1.1502970330023408
R20P,T43K	-0.8925960483009051
G44T,P53L	-1.140744002433797
H40Q,F46M	-1.1189631355378278
F18W,Q42I	-1.2221236885980906
M27N,G37E	-1.3432858410182404
F8W,R20W	-1.0133477327579024
G17R,R48P	-0.1834200312129891
D9E,G41V	-0.8928228992313773
Y1P,G37K	-1.3366273509029605
M27V,N55R	-0.17997438966358204
Y1E,G21P	-1.0870116624699426
D9L,D31V	-1.194829359026807
M27E,C39G	-0.9750860375615888
T0K,M27E	-0.0658411577362491
F6Q,W34L	-0.31604911540521713
Y1L,P47G	-0.8051079133686373
G17V,V26L	-0.6068003493843698
Y1N,V51R	-1.07843623473434
V26E,G44V	-1.27937552207806
V2A,Y50L	-0.03972004776045353
G21W,T43A	-1.0859326774540703
Q3E,Q42C	-0.16987856615009483
G17A,Y50M	-0.08081760618013956
V2R,Q42Y	-1.1054155499521654
D28G,T43R	-1.0807067816096916
Q3S,M45A	-0.8857694038794481
G14P,N49K	-0.4407780956989773
A4K,T52R	-1.002949939638206
G41M,P47L	-1.119274829454958
Y1E,T43A	-0.35977275432354267
M27G,D31G	-1.0614195407483287
D22S,M45G	-1.0425889196384408
R20G,W34L	-0.8797077925417142
G17V,G37W	-1.2014625065108233
V26S,K36L	-1.1446342323814205
P32A,N55H	-0.29130287079084316
F6R,Q42R	0.023951212952413897
R20V,G44P	-1.048141131688978
M27L,Q42H	0.11902267650321718
Q3M,W34V	-0.4366897133543211
T0Y,P47R	-0.4777598670267911
D22E,N49A	-0.08106061770408697
W34A,G41S	-1.157954979468174
D28A,G41L	-1.270224115859396
D28E,T43W	-0.7439832289084736
N49G,N55A	-0.033552951935417914
M27C,G44L	-1.1913512779990163
Q3E,D28W	-1.0841417252078738
Y1F,G44D	-0.8997058899856439
V2L,M27G	-1.3859936685812302
V2T,F46Y	-1.307936530138591
V2G,V51G	-1.286712085331403
G17C,M45G	-0.5217565231215489
D22G,Q42C	-0.9505671921683242
D22L,G37A	-1.3656644985639372
D22G,Y50R	-0.9356342774544006
V2T,G44E	-1.329025930767548
G17C,N49A	0.061463129779382855
Y1N,V54R	-0.31363789143989246
Y1A,M27K	-0.6406000372962273
D7R,Y50G	-1.2820515881942822
G17W,I24G	-0.8565946086637337
M27K,R48C	-0.2627783104435324
F18L,G44E	-1.2882477295225692
E12A,Q42S	-0.26039932192250403
Q42G,F46V	-1.153650054878873
E12T,Q42S	-0.2325088040072967
F18G,P47W	-1.111292378154301
Y1I,R48A	0.3862260040163165
A4P,T43C	-0.9953193167830879
T0L,G21R	-1.006914946603583
Q11L,T43R	-0.48951774588658226
P10R,G21V	-1.3480150663501351
L16H,G44W	-1.283849536924137
F8A,T43R	-0.9439162571884663
V2R,N49D	-0.9441449775837301
K36S,M45W	-0.1682838135374164
Y1S,N49S	-0.06867526336483815
A4R,R48C	-1.036877305104805
G17W,G41E	-0.46645967195955124
D9E,F46T	-1.0228332741080335
Q3V,M27R	-0.49069466991361554
Y1Q,G44F	-0.9248176839489597
V2G,I24L	-1.3264602810198531
Y1F,N29G	-0.42785743714667634
A4E,G44T	-1.311769424729342
P32I,T43K	-0.5721413734724682
Y1R,G41K	-0.5343708619212791
Q3R,D7G	-0.8708349069638309
R19L,Q42F	-0.66525245277066
G41V,F46W	-1.2946615191250315
T0V,W34E	-0.641984498558651
R20W,Q42I	-1.1139932093129636
D13T,N49G	-0.07529974894656044
G14N,G41A	-0.9187080551715044
M27G,A38E	-0.693937080003434
P10R,D28E	-0.7285825843978965
T0M,R20S	-0.094746183911434
F18W,N49M	-1.071804398279018
D9C,T43E	-0.11772042521804046
A38S,P47Y	-0.6489389660585462
R19K,Q42A	0.11615586388285742
R19V,G41V	-1.1816694052269145
D28V,R48D	-1.4896409142553864
F6E,R19A	-0.5037197667514856
A4S,D9W	-1.041650002734983
M27E,R48T	-0.14297982052630454
G21D,R48G	-0.9631928900382325
G37W,T43A	-1.1405466590075517
D7P,T43E	-0.7374155659227513
V2L,N29P	-1.2506903391893698
P10K,D31P	-1.218629477104832
Y1W,R19E	-0.16426912987604697
F8S,G41V	-1.1901318398350953
F18A,T43K	-0.8974997480591511
F18D,M45G	-1.1144633945481222
T43K,V54G	-0.25834509670744576
V2L,Q42V	-0.8905984689728326
D22G,F46Y	-1.3821160912767985
T0R,R20W	-1.032827308926803
L16G,Q42T	-1.1002625697698132
R19D,Q42G	-0.9699863020707749
R20F,W35G	-1.2424011065712532
V2G,P47L	-1.1873638814408274
H25G,P32R	-0.7678355233332187
Y1D,T43H	-0.5677029975724628
V2K,C39L	-1.0609815087867809
W34A,V51S	-1.3009622102159
P10T,K36G	-0.9795827407342055
V2C,Q42V	-0.19811103825350845
V2G,R48D	-1.5152643928344065
A4Y,W35M	-1.1705778704576253
S30R,T43A	-0.6140970219933146
F8V,M45W	-0.19295740116444035
R20V,Q42C	-0.03119374318816086
W35G,T43A	-1.0521873353671878
T0D,G44V	-0.9101234891089816
T0M,T43I	0.08318033462819328
A38W,F46G	-1.1823222407076068
Q42L,Y50R	-0.20879631238724336
V2K,N49E	-0.7494203556642238
W35P,G44E	-1.1782715609458134
Y1G,P53V	-0.6578636736060908
N33K,M45G	-0.5760236193346179
Q3M,G21A	-1.0506480338231308
F18G,Q42I	-1.2225201906769918
Q42P,N49V	-0.9220654494637716
R20Q,P47A	-0.767349955636243
Q3W,M45V	-0.5856409489807077
G44S,V54A	-1.037689226357461
F8W,G41V	-0.9632271832859205
E15T	-0.29857786353809085
V2M,M45S	-0.5809581236556061
D9K,G37W	-1.0906260000872874
G44L,V51R	-1.1963230304484882
H40I,N49E	-0.49151618602902164
D22G,K36A	-1.363439626231622
M27T,Q42I	-0.237681781340688
T0Y,D9C	-0.2381168964532777
R19A,A38Q	-0.33357253494906297
F18W,M45A	-1.179254638468068
D9W,R48L	-0.801879295716958
T43A,Y50F	-0.3631545125330013
V2C,P47S	-0.7783796079465585
Q42C,P47D	-0.676289047256184
F6G,H40C	-0.9995859056649862
A4S,F46V	-1.2647929350314113
F18G,K36C	-1.2078415212551767
Q3W,Q42F	-0.8250589021740886
E15A,M27W	-0.5275277734671338
T0E,H40D	-0.3965629281640848
R19E,M45T	-0.43263961387423056
F23S,Q42F	-0.5697215522299847
V2C,R19D	-0.7394361343953436
A38W,G44K	-1.1708947649964987
G21Y,R48Q	-1.2137482336758518
V2P,Q42F	-1.1372442818364243
W34L,T52S	-0.5471434799164966
V2I,T43K	-0.791354012302362
F6Q,N49F	-0.37035040908698025
W34G,G44P	-1.2676312889846166
R19K,Y50L	0.179799179686084
F6E,T43Q	-0.2099669951211408
T0R,D7S	-0.8052892048986573
E15P,P53A	-1.1317709405155867
I24L,W34L	-0.9356258558311781
R20L,M27A	-1.0403863463876437
R20Q,G44Q	-1.0397502982612132
E12D,Q42P	-1.0509084308214613
A4T,P32C	-1.0922607314977546
P10A,N55V	-0.22745311690903222
Q3T,G41L	-1.0966923820193226
R20G,M27P	-1.27363234825722
F18G,P47F	-1.1775004702200536
V2D,G44M	-1.256524717568927
D22F,W35F	-1.277768951353647
Q3Y,H40W	-1.109632290844036
D9S,N49Q	-0.06895502397035412
Q3F,G37K	-1.2591375182914626
Y1G,V54W	-0.6548394986294432
D22E,W34G	-1.0938538180505353
W35G,G41L	-1.286965892276984
V2G,M27G	-1.4291166058017888
G37A,T43G	-1.3787587010157063
D22L,D28E	-1.025439732814097
D28W,G44F	-1.2854073474391248
F6W,T43Q	-0.22364606475456503
Q3S,R19C	-0.9390040525551124
A38R,R48W	-0.7380634573278496
G21N,M45G	-1.002989883483627
V2S,F46S	-1.293166623357505
G17F,V51L	-0.8706316972388992
R19S,P47G	-1.0529985560708943
G44L,V54C	-1.068156697996113
D7S,T43W	-1.0715986174934575
Q3N,R19T	-1.1705903234980433
F18Y,P47C	-1.2024658336951053
D28P	-0.9755669785363708
V2P,R48K	-0.9187853770591075
D28V,N49V	-0.9248694201374663
G17H,T52I	-0.24927604719345453
A4Y,G37D	-1.2589141481367434
F18I,H40G	-1.0494147053253573
W34V,R48S	-0.02140858567442616
Q42R,N49W	0.03801655665761294
F8V,P47G	-0.9234085473294322
R20E,Y50A	-0.08672142222421265
M27V,C39K	-0.5280230183783746
M27R,Y50E	-1.2191683134033315
P10V,G44A	-1.2022346963083077
Y1I,M45G	-0.2831829120738834
D9V,W35I	-0.5578743704682944
A4V,P47R	-1.0281195690147231
V2W,M45G	-0.6859088804002724
V2S,W34N	-1.1175496745939624
W34R,V51K	-0.9044802278865419
Q3V,R19V	-0.41814712878324384
D9L,A38V	-0.29726384933622596
R48G,V54G	-0.4141656297775589
V26T,P32S	-1.0955739560633286
Q3G,P47L	-1.2221609068387687
F6C,F18G	-1.0238664376136473
A4L,F46S	-1.2757544485995935
L16W,T43F	-1.2009956600284166
A38K,T52P	-0.8811147905408984
R20V,D28K	-0.9422626177050619
R20V,G44S	-0.9235598642472842
Y1C,T43G	-0.8740611693363891
T43W,Y50S	-0.9399210024492989
T0V,W34L	-0.3209699560451099
M27T,K36A	-0.5888675446223215
D31R,G44E	-1.1607905583616183
T43W,Y50G	-1.1909460917112589
Y1N,D22L	-1.198386224881176
R20E,G44K	-0.9149692043810953
Y1H,Y50G	-0.9517417966660668
Q3Y,R48G	-0.7395678442927505
T0M,H40L	-0.5835213339846516
F6G,G44D	-1.0942232802028293
T0R,D7K	-1.184426179703577
Q42S,T52Q	-0.1169960860271395
T0M,F18G	-1.089215574945908
G44V,V51F	-1.2089818908379952
G37W,T52Q	-1.0467636822304716
D7N,N49G	-0.23519336961178214
A38G,Y50N	-0.886535029648495
F18N,F46W	-1.2415497038680345
M27A,P47F	-1.2072123430925135
M27E,T52L	-0.270209839233555
V2R,Q42C	-0.8940488752187303
T0C,Y50G	-0.794610935648676
G44E,T52I	-1.0751210050637026
V2L,T43K	-0.9076340675023156
A4E,G44S	-1.2981716143019606
A4T,F18R	-1.3202208024602593
Y1V,R48Y	-0.44068445492070585
R20K,M27L	0.4030867683733818
G41L,N55Q	-1.0768602967150158
V2H,N55G	-0.7372655338816814
Y1L,R19G	-0.30111120669983715
M27T,Y50V	-0.24219860620761857
Q42H,N49E	0.15479963011853326
Q11G,D22E	-0.5900025135362825
N29F,Q42M	-0.5978346062251899
M27C,T52K	-0.18847474859075272
M27R,G41L	-1.1877422315752015
F8S,T43K	-0.6778483687314686
Y1W,Y50C	-0.13898939519889147
V2M,N49L	-0.4892829582157706
R20K,M45V	0.24894832629323832
F6E,Y50P	-0.8661803475610774
M27S,N49M	-0.3499997791693652
G21W,R48T	-1.0291614569685437
Q42A,T52Q	-0.038062188263693696
D9G,D22E	-0.9000716484053298
Y1V,K36V	-0.009481984564006438
R20G,R48C	-0.5653760124322256
F23M,P53R	-0.23271680924638488
A4S,D13R	-1.0836009166226994
R20E,F46V	-0.7748903501654434
R19G,G44F	-1.1581459128688212
R19K,Q42R	0.2595711193571995
R20W,Q42N	-0.9141888447508996
G21A,R48S	-0.6690327048185194
G44N	-0.9675075485838575
Y1Q,M27A	-0.6485195373031554
Q3P,T43D	-1.3136783325552837
M27G,T43R	-1.0888489251866007
V2P,R20F	-1.369594101028981
Q3G,Y50F	-1.0086557249187615
R19A,F46R	-1.1713351135756216
D22V,P32I	-1.2202534052263547
A4T,Q42E	-0.9102796617368432
V2N,G17R	-1.02000452051925
L16V,N49W	-0.6892897052693139
R19E,G41A	-0.9048350528854843
R19G,G44C	-1.15769475488981
Y1G,G44M	-1.3557936932617354
Q3W,R48C	-0.709090407340519
N29T,R48I	-0.5280697995441064
F18D,G44P	-1.1847149613926802
Y1E,R48V	-0.06042965402248254
F8G,G37V	-1.288164112402797
D9K,G17W	-0.11730739444796354
F8S,R20G	-1.1236624296784146
W35S,P47W	-1.1550379646958318
Y1P,G44T	-1.341556095756413
P32R,Q42S	-0.3734827351047376
P10H,N49G	-0.5201224457477356
F18R,M45R	-0.9062430114400182
V2I,Q42I	-0.9708397999844532
Q3G,A38E	-0.8070252100121642
W34K,N49W	-0.2875379979252514
D7W,R48G	-1.1977142132948002
P10G,M27R	-0.397193157629952
Q3H,W34R	-0.725685816855102
K36P,G44W	-1.435435783862829
Y1G,G44Q	-1.3714373737119399
A4R,N49G	-0.915407683905025
R19G,N29T	-0.4602498518508984
G21E,W34G	-1.374943874761231
F18Y,N49A	-0.7929663907436055
R19L,P47G	-1.1983367267928684
D7W,G44V	-1.3082672567869333
W35T,T43W	-1.2181139558345098
Q3V,M45G	-0.42611231856190207
Y1W,G41Y	-0.7559257512937061
A4W,C39G	-1.4040665327294466
V2W,R20S	-0.41265114962076405
N29S,N49L	-0.1644865748151636
Q3L,G41S	-0.7969134738563388
F6N,R48G	-0.6542519913109429
F6G,W34L	-0.7828672337690532
V2Y,R48W	-0.7636495361143447
A4T,M27W	-1.08822152557399
C39L,N49S	0.05021648084586788
T0S,F18V	-1.0249875145361245
Y1I,M45V	0.14650775314858364
G17L,W34R	-0.5598816445271743
K36G,P53Y	-0.9147029981500359
Y1P,D9G	-1.0580282570128237
Q3T,P32A	-0.4155301488734907
R19N	-0.11354489019698638
H40G,P47F	-1.0125340113534977
G44L,Y50F	-0.9998965460824201
M27K,T43W	-0.7308568645759742
R20W,A38S	-0.892395040944272
R20W,G44K	-1.4142071094717257
R19V,D31G	-0.776390604519609
W35G	-0.9362433871376097
M27L,W35S	-0.5897776151570123
G37W,P47L	-1.1661815939313798
F18E,G44E	-1.2673795126180307
R20C,G44T	-1.2050829630683972
V2F,R48G	-0.5838924857108317
F18E,A38R	-1.0522595513736428
T0W,D7M	-1.10754143511922
D7C,T43I	-0.9869952789682991
D13E,R19G	-0.53739905386346
Y1G,P53R	-0.8310312796530407
Q11T,F46K	-1.0729646712136927
F46R,Y50T	-1.1068603803501933
G17V,T43R	-0.565375906566002
W35G,Y50G	-1.174635859133077
R19S,Q42M	-0.2753834904693737
G44R,P53R	-1.1451168678265913
R20K,W35V	-0.2625567393999031
E15A,Y50L	-0.15577898759754671
G21K,G41L	-1.2659821716048563
L16R,C39S	-1.2688612776128236
E12V,G44K	-1.1372669383457765
C39G,N49L	-1.0152308580393772
Q3D,N49V	-0.8832510834612508
G17A,G41A	-0.7580951714380113
H25R,R48I	-0.4954977866791752
W35R,F46W	-1.2193669676505026
T0F,F6G	-0.5748305756741742
R20Q,G44S	-0.950099273158731
V2A,R19S	-0.3030529869451568
M27S,M45V	-0.2175328835453346
Q3Y,G37R	-1.2135629056542783
T43S,N49S	0.1074222646740583
H40K,N49K	0.14971843160576667
D13T,G44V	-1.109201371337663
F18G,M45E	-1.2325806871523586
Y1D,D31E	-0.8186549669216122
G21V,Y50L	-0.8638398226138829
Y1H,G44Q	-1.1276994457284926
R19W,R48G	-0.9509281869436834
R20E,Y50L	0.07487997373325923
V2I,Y50G	-1.207402122337023
D7K,R19G	-1.1975288322781403
Q11W,P47V	-1.2259653456758455
E15C,G44Y	-0.9936583530193339
Q3C,G44T	-1.0680995867689465
F8A,G44C	-1.1965147468989992
M27V,G41N	-0.37679144246606955
D22W,G44Q	-1.210797870640337
D28E,F46V	-0.9723680099032931
Q3W,C39R	-1.1072199571290937
D31R,Q42G	-1.0589548012429295
P10N,N49W	-0.5328957343649496
V2H,G44M	-1.1200438492522815
R19C,P53R	-0.5702628434717916
N55M	-0.18204646828558949
F8A,M27V	-0.7466150014363728
R19W,A38V	-0.7224962373660453
M27V,Y50F	-0.022042006628564367
R20K,T52L	0.06513615179294271
F46L,P53R	-1.086707048529184
K36A,Y50F	-0.6802279165537809
T0V,M45E	-0.41353348832501047
M27I,G44E	-1.0425902108143652
Q3M,F18G	-1.1240109410365706
D9R,R19K	-0.040451106268392614
V2Q,M27V	-0.8970468190402736
A4W,Q42K	-0.9783763695147293
Q3K,A38G	-0.2741757416935925
D7L,G41R	-1.349916135175369
V2I,P47Y	-1.1012395377942867
E12S,T43G	-0.9105169110470561
E15R,V26G	-0.9705314278059891
A4C,T43A	-1.1012941891736998
F18L,G41V	-1.2647981406873687
V26G	-1.0150217482352961
D9G,Q42G	-0.9690940907929998
T0L,Q42G	-0.46162697611116843
M27K,N55C	-0.5439641036461895
V2E,R20E	-0.8937011907981536
M27V,H40M	-0.4651001044711212
F8A,Y50P	-1.1907491461615085
Y1P,R20W	-1.2296806833675218
R20E,R48D	-0.7894014148456776
E15S,M27W	-0.6469015787296236
W35G,N49K	-0.7119260360488828
F46V,P53V	-0.896166054199182
D22L,G41W	-1.3184824014639775
G14V,F46W	-1.238097528454933
P10L,H25M	-1.020736607221874
Y1C,Y50L	-0.03619314900276398
D9M,M27G	-1.0241484164766586
V2P,D22H	-1.3326839370256778
Y1W,F18V	-0.9086121655985154
D7M,F18G	-1.3439075574026675
A4L,M27T	-1.0744554812552218
Y1S,R20G	-0.8416003120490241
A38G,V51A	-0.7668234035576847
K36V,N49G	-0.02490495912020473
G17R,G44E	-1.0367012444254127
T0S,D9Q	-0.016360279350237993
G17D,F46W	-1.2765508631331077
D7L,G44R	-1.4084964229172048
V2A,D9K	-0.2261377356806025
W34L,Y50Q	-0.7958252754369257
W35I,M45E	-0.8515041125017366
R20T,M27V	-0.08272888818748386
F18P,N49G	-0.935866093582494
V2F,Q42F	-0.5411737614232282
R20M,T43S	-0.2814240078437323
V2S,T43Q	-0.8136738813577837
Y1W,V26G	-0.9456411567934089
A38R,G44R	-0.9622581519506562
T0M,P32V	-0.26509421409082834
N33G,N49D	-0.36949546023890345
C39D,F46Q	-1.313925345603413
Y1L,P53G	-0.007724149791738785
P32V,R48V	-0.32247285420403066
W35G,G44K	-1.2682936634219166
D13K,N49W	-0.09334058754849248
R20P,M27E	-0.9307540790219533
G37C,Y50R	-0.9017456276589542
Y1R,R48G	-0.30227066538211544
V2E,F8K	-1.1459419458008546
P10N,G44W	-1.2606640665604616
R19V,H40Y	-0.8020429024143456
R20G,W35C	-1.062127905401633
R20S,G44A	-1.0202499045385522
R19N,Y50D	-1.1162786984121194
R20W,N49D	-0.8872490647330287
R20W,C39V	-0.9796218991629768
Q3K,G17W	-0.06882637467581816
W34V,T43N	-0.6576035407543016
R19G,M45F	-0.5512122532869826
G21D,T43G	-1.3406170087342137
D31L,Y50G	-1.1097243090159348
F6K,G44F	-0.7289879152586569
R20A,F46W	-0.8474093083909713
D22M,C39F	-1.2840895302802529
Q3K,Q42E	-0.05136489397073734
W34R,W35G	-0.841420960987791
E15P,F23T	-1.1247722865838679
F6K,E15T	-0.1976251263308053
A4G,T52S	-0.830762696547946
F8L,R19F	-0.9576316702729426
Q42L,N49C	-0.0914476426750141
Q42C,N49G	0.07912781213559841
P10Q,M45E	-0.9365545420808412
L16Q,Y50S	-1.0631344962608504
R20H,K36G	-1.0471629231645236
D7C,C39Y	-1.3283070796031307
G17E,P47K	-0.5911819371370499
K36D,F46W	-1.3420203409094227
D7R,T43R	-1.1516445586591706
D31L,N49G	-0.6804147891839059
D9E,Q42P	-0.9486132664488975
F8G,G44L	-1.2655100739075327
T0Q,T43E	0.0888917034398996
Q42I,Y50G	-1.066308658521217
A4V,N49K	-0.7510791632292269
G21C,C39G	-1.3468808402876133
F18K,K36R	-1.1661513188111394
G21L,M45G	-1.0775280267435372
G17R,G44Y	-1.0230132939684247
D9R,M45A	-0.5151158460792746
G14V,Q42P	-1.308544384743215
V2W,N49R	-0.2611191520271144
G14T,T43M	-0.3359716020070222
R20E,W34V	-0.17707746683618109
Q42D	-0.22458143384932547
F18A,W34R	-0.8575830672794305
K36R,Y50C	-0.41756655166407153
D9G,W34V	-0.8053285341808794
A4R,Q42T	-1.096819529593076
Q3R,N49Y	-0.24231738495506056
L16Q,W35Q	-1.2070070736126186
F8V,Y50G	-0.8695848091027379
P32F,G44V	-1.1844875920250506
T0E,T43R	-0.3378275178708241
R20K,D28W	-0.8101251334579734
G44V,T52A	-0.9786466751086806
Q3A,R20V	-0.533437953360768
Y1G,P47W	-1.1974502987724962
Y1M,G44M	-0.9632146338249571
R19A,D31Q	-0.8561249475861172
G17E,G44S	-0.9673325595986029
D7R,G44R	-1.363461487280209
F8D	-0.9414429155910988
V2S,A38G	-0.9805217944503544
Y1E,M45W	0.03356297207395423
G21E,N49G	-0.8005282114090723
Q3L,F18D	-1.0967056876687515
Y1P,Y50F	-0.5969651526059356
M27R,Q42D	-0.6646255717109901
D7V,A38W	-1.1383125848244526
T0N,F46G	-0.9696753695045364
R19I,M45A	-0.8954247294762827
F8D,F46G	-1.302520714024542
D9Q,G17D	-0.5286927883549024
E15M,R48S	0.140418935683278
F18W,G44I	-1.2427844489015265
A4Q,N29P	-1.3195443632880348
G44E,R48V	-0.9505636690102398
D9A,R48F	-0.7579867057472152
E15G,G44E	-1.0126620228471426
D22G,P53L	-1.1424150748216437
D7H,G44A	-1.254222945193878
V2H,F46G	-1.1250398142937903
G21S,Q42V	-0.9447912768152584
V2D,P47V	-1.258345730329646
M45E,T52N	-0.6788739949434348
V2G,F46Q	-1.3338902433272706
G21W,Q42C	-0.9271233379011132
D9Y,T43R	-0.4012161577560035
P32S,Q42V	-0.2950039872448508
T43V,T52H	0.10516680142078519
Y1F,G14M	-0.7161200404324677
Q3S,G44D	-1.2391730271402144
T0L,Y50S	-0.3456345074872569
Y1R,H40Q	-0.23793324354339165
D9G,Y50G	-1.179151887285396
F46Q,P53T	-1.1039343644308313
T0M,D9M	-0.2276640833149205
M45A,T52A	-0.41611617824289293
Q42G,F46A	-1.2086985885565513
G21I,T43R	-1.2302759100009402
G37R,G44E	-1.2410774310401886
Y1N,M27K	-0.4850916151498342
Y1L,D7G	-0.7530113242850408
F18R,N49G	-0.9181713162858981
Q3F,T43A	-0.8264624484666496
F18H,G44E	-1.3068855039080203
D9L,T43R	-0.5321090580602141
V2E,D31V	-1.3454765094129753
F8A,M27E	-0.8775171663010861
Q42N,N49V	0.011981168520916689
E15G,M45Y	-0.28529842575783304
V2E,L16G	-1.2645496536031622
D7R,C39W	-1.3103094299599314
F23S,W35L	-0.6961754149343777
Y1R,G37A	-1.0197211342286652
Q42V,R48Y	-0.6529778376483407
Y1G,Q11G	-0.8698358888876733
Q11E,T43R	-0.32552014737887897
R19C,Q42P	-1.1359245470922477
Y1L,D22I	-1.0502181940983397
Q3R,A38V	-0.04923803947728947
T0G,M45W	0.08939891946327863
K36G,G44N	-1.3995292884760966
T0L,Q42T	-0.10154556275811354
R19P,M45K	-0.7692098094451318
D9V,G41E	-0.44706666848807297
T43L,P53L	-0.3603948547122558
M27R,D28F	-1.2237979997507813
R20G,K36C	-0.8486698030610438
T0N,Q42N	-0.03306814626270568
Q42W,P47S	-1.0837843048588438
Y1G,H25G	-1.1212922600674289
F18S,T43I	-0.985746667189663
A4W,P10R	-1.3949922056176918
D9R,D28A	-1.0684326538847366
W34S,H40G	-0.8636319294949971
Q3R,G37W	-1.0192624735735356
W35V,G41S	-0.8984584686317053
G44P,P53L	-1.1805388357098614
T0W,D31V	-1.0681055166146762
Q3L,K36M	-0.3147007536261196
F18G,M45V	-1.0255480498685567
K36E,F46C	-1.1171682800586913
Q42G,N55T	-0.5889105981508029
T0K,N49L	-0.09593384279735966
A4D,Q42Y	-1.063164539741275
P32S,N49Y	-0.4264662858922998
G17A,G44R	-0.8948300697320434
T0M,N55G	-0.20492961092249765
K36G,G44E	-1.3909409857238724
T0V,G44L	-0.9552729808919329
Q3V,R20S	-0.21775491932241575
A4C,Q42A	-0.9742907223530606
D22R,M27S	-1.2199630807173905
M27L,W34T	-0.05722315032228491
Y1S,R19V	-0.6922998710943437
M27V,A38W	-0.3678858516744702
Q42G,T52D	-0.8667715928553221
V2E,G44M	-1.3237140639032967
A4S,R19A	-1.0737467406644803
R20W,G44C	-1.3117200238369353
D31A,N33H	-0.808662502994203
T0R,M27P	-1.0763248223760824
Q3W,K36G	-1.1834922125581302
G21R	-0.9162753560726319
F6C,G44L	-0.9343603731909684
G44S,R48V	-0.8899116134742835
V26G,T43Q	-0.9627647441897198
F18M,D28V	-1.3053207863374496
A4V,W34S	-1.2387204304507515
F18G,T52K	-0.8580839026040201
Y1H,G44T	-1.141423061464265
T52D	-0.3693003360905315
T43M,N55P	-0.2455793894083911
D7Q,V26I	-1.0856124217494558
M27L,Q42F	-0.04841791000253906
F18M,T43A	-1.02735293415808
T0Q,M27K	-0.2333199105741649
D22G,R48Y	-1.2821274043513673
F6A,T43S	-0.194825241084145
W34L,N49R	-0.18257986502871262
K36R,V54K	-0.3190886040336153
Q42C,Y50A	-0.1382557761383449
Y1G,T52Y	-0.8853334581674812
V2Q,P10T	-1.0458499404577646
Q11G,N55G	-0.4556777674272342
Q3M,W34S	-0.8524776916019877
D22K,N49W	-0.9533883227364734
M45Q,T52F	-0.4983247041825716
K36R,G44D	-1.0058802127760642
R19Q,N49V	-0.053175181444424346
R20W,H40T	-1.2643306991960714
V2I,N33G	-1.0449297967121323
Y1D,T52V	-0.3475169044591
