variant	score
D23Y,L85R	-0.9331944885543593
K16N,P65L	-0.642590542163417
K2Q,M93V	-0.502939627011939
L6V,K96T	-0.3981784673773221
N70S,Q72H,Q97P	-1.6577710791728264
A7E,D23H	-0.5344106690187433
S25W,T38S	-1.0204409331446864
A18E,I89F,R94S	-1.2213879863004493
E8A,M78L	-0.8887084340113544
Q88R,Q90P	-1.547105123961218
A27S,Q88L	-0.7047367410175576
D67N,Q88H	0.9129038713949595
Q88L,E95V	-0.8579447183437392
D42E,S98I	-0.39314385791034223
V10M,S64Y	-1.0313451363967154
Y24N,M40L,I89L	-1.5586995066708338
A15P,S98R	-0.6083689383581029
K4N,K96N	-0.015794663536048137
L35R,L74R,S99T	-2.158909984917912
D42A,H101N	-1.021952757437735
E12G,Q72L,S99T	-0.6881914268885206
E8A,E80K,Q90K	-0.5245203176142721
E8A,V82E	-0.6048217290582883
T38S,L61V,M93I	-1.3255718938591057
M52V,D67G,I89S,S99R	-1.2736377703159014
E1K,D100H	-0.44237864582849146
I13M,T41A,M78I	-1.2863996653182443
T50A,N63T	-1.1855237172592274
D23A,A91T	-0.8240747241784383
N63Y,Q90R	0.007576483634699857
D37G,M40T	-2.189412062032745
V10G,A27D,Q72L	-1.1349856729813204
E30G,P83R	-0.9573031411773666
D42E,S98T	-0.40380096718436753
I22K,Q90P	-1.7063628791886116
E21G,H101N	-0.5354653585811899
T38A,M52I,L74V,R94L	-1.0122820632010052
K9I,V82L	-0.9213049356264473
I13T,Q97K	-0.34184872661577653
I13M,A18V,D42E	-0.48646853557706315
V10L,L46Q,P47S,G49S	-2.3928052951114602
E8K,I22T	-0.36678781418424683
T38A,A91G	-1.3197957005729992
A27S,A91G	-0.5270428997557358
Y24C,I56V,P83A	-0.28095370021733584
P83T,Q97E	-0.38009217576586585
D37N,N70T	0.8586485918787695
L39V,T50A	-0.47347243040446657
I56T,N63S,I89S	-1.1873840197158754
Q90H,M93I	-0.1410848556772623
F3L,P81T	-0.6976996706307714
H101L	-0.2870510754074561
F31S,F69S	-2.3069824504891674
E8V,E11G	-0.7531993278109066
A7P,E30D,R45K,E95V,D100H	-0.7305974464148866
M78K,I89L	-1.2251329894915677
K4N,M36L	0.033265137828827826
Q72K,S77N	-0.5687305462765275
E8V,P34L	-1.229649272352625
I0T,M93I	-0.38789424248440185
V10G,N63Y	-0.10568894005605664
A15V,E30K,S64F,E76A,S98R	-1.515032560206798
A7G,W92L	-1.2571765609819883
E95D,Q97P	-0.3634908184067292
D29V,A91G	-0.7000047680427273
S25N,M52V	1.7650853990797917
A15T,M40I,D100E	-0.6409324234073207
A20E,S98N	-0.03560337533782426
Q72L,T75N,V82L	-0.7078342635679473
L79V,A91P	-1.99073022927554
Y24D,R71G	-1.0299181670259343
E95M	-0.33097458962504367
M40K	-2.162844383731789
F69S	-2.271040224485312
V14L,E30K,P65L,T75N	-1.2095412763177675
R32S,L74M,E76D	-1.9089529853550622
K2T,M73I,E80K	-0.7663143242023418
E8K,F31C,P68S,M78L	-2.4197383036395435
F3V,D29H	-0.9097910678999314
Y24C,M73L,M93L	-0.33828196293483215
E8D,Y24D,T75S	0.6353496571339938
L39R,Q72E,S77C	-1.9403398218150367
Y24S,M52V	1.340351166798352
I0V,D100E	-0.6401133930815208
Y24H,M78L,E84K	-0.7854577217307958
R19Q,D67E	-1.63699453900142
S25R,M40L	-1.2098643728920244
A18V,M78K,E84V	-0.8931012853991301
A20G,L61R,F69L	-2.194028287727197
L39P,M40L,N70K,S77N,Q97P	-2.362657614038928
I13V,E95V	-0.5167424217788416
P34T,T41I	-1.5203441746327113
I0M,E30A,E87D	-0.7641721299103337
I13F,F69Y,W92C,H101Y	-0.8171072844224365
F3Y,Q97L	-0.46031813174214503
A27S,S99R	-0.5953666552498376
L39P,R94S	-1.0075728618474211
P34S,Q88L	-1.8003683181416466
N70I,E76D	-2.3766542688996557
E21V,M93K	-0.7085313967742375
I13S,H60Y	-1.7214919193120561
K4Y,E95K	-0.400594369595476
I13S,M52V	1.482929910268124
P34A,M78K	-1.7567814690894004
I0V,P83R	-0.8768597537358049
E12D,K96N	-0.1158253939234942
R32K,K86N	-0.445915906643741
V14L,Q72R,L74R	-1.9906245730442111
D23A,L74Q,E80Q	-1.7274453504446612
K16N,E30G,H101P	-0.5314105118967062
A7S,N70Y,M93I,E95K	-1.3062567122412743
V10L,T50A	-0.7159154739877827
D23N,N63Y	-0.239308416123585
K4R,A7V,S25I	-0.038951796229163886
D26V,M73I,H101P	-1.0818087699450962
E12D,D23N,P28S,E80Q	-1.3816591342531597
D67V,P81Q	-2.21079249079838
I0L,A7G,N70T,E84Q,Q90R	1.0718526282839178
M36T,M40V	-1.5916198025156536
F3Y,A15T	-0.353918663597561
E11A,I22L	-0.3005739298244678
E1V,P83T	-0.7293495830978461
I56V,P65T	-0.4794215347015059
E21D,D29Y	-0.6634904274211133
K9I,K16T,V82L	-0.8897500265518561
V14M,P83T	-0.48825247841170716
E12A,M93K,D100E	-0.4512742301345831
S25G,P65T,E87K,H101Q	-0.8429148334294314
T38N,P65H,H101Q	-0.9764439570063084
E8D,N17T,K96R	-0.19662594147827084
A15V,S77R,D100A	-0.7759522026528337
E12G,N63D	-1.0117350185327008
K2T,P47H	-1.8636099066643248
I0M,L39R	-1.8228405319216774
L6H,V10E,S25C,A27V	-0.08620363394075808
S77R,M78R,A91G	-1.17606313113542
P65L,E95A	-0.7852128370398879
S25T,F69Y,D100Y	0.38446940739429397
I56V,S77G,I89F	-0.9856811693042563
I13T,T41I	-0.26895313748989663
L6R,K96N	-0.24821241309627046
I0V,E84A	-0.6407548647074705
V14A,H101Q	-0.2186338904131392
R45I,S64P	-2.123583601293909
E1D,A7E	-0.0771587897681626
D26N,G49D,P65S,P68T,N70Y,E76K,M78I,L79R,E84K,A91S	-3.681375697497633
A7V,T41P	-1.059319488162554
A7P,T38S,P81S	-0.788553126150383
E21D,E80G	-0.8815011250556636
V14L,M78T,R94S	-1.2276528945764715
A7T,P65H	-0.4991613039592441
L6V,E80V	-0.39615798087385207
T66A,S77N,Q97R	-1.626568750927503
E30G,T41S	-0.6634387006830307
M73L,E95Q	-0.3223379092522108
A7P,E11Q	-0.4014796537854045
D37A,M73V	-0.5978649021917402
N17I,Q90H	-0.6553843764314611
E30K,R94S,E95D	-0.6739059390202672
K2M,L74R	-2.133823118674023
K96N,H101Y	0.037438360270661164
I0M,E11K,N17H,L74M	-1.2086184381790719
N63S,N70S,M93R	-1.1468462102548223
K9N,M36I,S98C	-0.874108064018658
I22L,L39P,M93K,K96N	-0.8404060697094744
V14M,R59Q	-0.6676498267923006
L6H,E11D	-0.42144204450833883
S25N,M93T,S98T	-0.021526213311554653
E21Q,D29V	-0.9509404485761933
M36T,I56T	0.29432372907100846
D42N,M73L	-0.4649978022562733
E1K,T38N,E80A	-0.724301275057753
E11G,Q90E,E95Q	-0.43701235708395536
A7P,E84G,I89V	-0.4612897306049364
A18T,D23E,E87D	-0.13984367940789555
K16R,E30D	-0.22308910807950746
L6V,E12K,E21D,S25R,T41S	-1.029357817810967
E21Q,P47T	-1.9674435760588027
A27T,P83S,A91S	-0.43663634855624456
A18E,S55A,Q88L,H101Y	-0.5820249878740288
V14L,T66P,M93V,K96N	-1.5640004821834914
L6H,F31L,T50N	-0.9989405003866295
E1K,Q97E	-0.2088613151846768
M52L,L85P,K86R	-0.6004646934560609
N17T,P83A	-0.4009850459907096
E8G,D26N	-0.7014870960443707
L35V,K96E	-0.11347138655922792
K16E,T50P	0.5632220745182702
E1D,M73T	-0.395120711143679
T66I,E84D	-1.4251890142204215
F3S,F31L	-0.982970330241655
L74V,Q88R	-1.1087633346589028
D29A,Q97L	-0.6717071309260345
R19P,R32I	-0.6199706108592837
I0T,I22T,P65T	-1.0165155317789307
L5F,H60Y,S99I	-1.560595656154644
K4E,R19P	-0.37615866229275385
E95A,S99T	-0.5029498934700658
I13M,A91G	-0.4296545778182442
E11D,R71S,T75S,V82L	-1.71065804155453
N17Y,S25R,P83L	-1.2153142949950235
S77N,S98T	-0.41505534002417427
E11D,A15V,D42E,L61Q	-1.601226203645253
Q88L,D100Y	-0.823596570479979
M40I,L74P,E80K	-1.6298544353389617
N17I,Y24H	-0.47315914187090957
D37E,D100N	-1.1936301063477832
M36I,E87A,E95G,H101Y	-1.2627409972159018
E8Q,E80K	-0.4582610492362835
M40I,S98R	-0.7047092274805172
K9I,Y24S,L62V	-0.5049182933132578
K2E,I22V,T66P,F69S	-2.5683051409460607
E12A,T41P,I89S	-1.8848847253626058
K2T,D42E	-0.735188668689252
I13T,I22M	-0.12235010805615232
E84A,Q90K	-0.4743485311053574
L62I,D67G	-1.915629328167414
I13M,D23E,D26Y	-0.6780216947119007
A15S,L39M	-0.5421240759556598
A27D,E30A	-1.1558812531915963
D23N,L74M,I89N,H101P	-2.0270920605830973
L39Q,E95V	-1.5245188978394943
P81R,S99N	-0.9063255996442227
P68T,A91V	-1.9569187682882099
I0L,K16Q	-0.48814743792911053
A91V,H101Y	-0.3623495756682241
E8G,M52V	1.2996684298040901
E12K,R94G	-0.5838634437408412
A18P,E80Q	-0.3997767488975658
E21A,S98G	-0.6487025476295537
L74V,D100E	-1.3611238172171305
N17S,E84K	-0.45904799638202914
N70T,D100E	1.4022854230033568
E87A,M93V,Q97H	-0.14685860461577482
I22K,P34R,G49A	-2.004079305807015
S48A,E95K	-0.05533668557974339
L6R,N17K	-0.5970980847482186
D37G,S77R	-1.4671232474553912
E8D,P81R	-0.8283653042961632
F3L,A20S,M93L	-0.052061130700884466
D23E,T66S,S99G	-0.61043232433012
K9T,E21Q,V44M	-1.42700721958462
I0R,T38I	-0.8870454258613543
P47R,S77C,S99T	-1.5257580127038777
I0R,F3Y,M52L	1.774538875963858
L6V,R19G	-0.22804704707911935
M52V,D100G	1.3878499056437552
D26E,D100V	-0.4657370279949935
V14G,R19L,V82G,K86Q	-1.2498369176542048
A91T,H101R	-0.44784745410030347
V10G,V14M,R19P,M40L,D67N	0.3414398008915766
I0L,R32K,H101Q	-0.3984586676832229
F31S,D37E	-2.2648463370453507
E80K,R94G,D100A	-0.451190155546975
E1G,D29Y,L39R	-1.957363296520299
A15G,N70K,A91D	-1.7519699250724956
E30K,A91V	-0.7135582488967639
R71H,P83A	-1.8368809870629592
A7E,A15P,K96R	0.10061415491999025
E8G,E30D,P65L	-0.963615691291543
A7E,E21D	0.04883371268404228
I0K,N63T	-0.9210032814148608
K9E,D100N	-0.2479659377922953
F31L,M52V,D67E	-1.182309279336226
E1D,E21V,S25G	-0.6419365519092253
H60Q,E80D	-1.725611770667374
H60Y,T75S,E80K	-1.692965253097555
D29A,M73V,K86M	-0.6848431502041445
K16M,S25R,M40L	-1.2327933435854406
Q72E,K86E,H101Q	-1.1118276815874084
E8D,A15S,R32S,E80A	-1.1862924722250001
Q88H,K96Q	-0.415467416989082
L6V,E12K,E80V,P83Q,Q90H	-0.8437683614725797
I0V,V82E,K96N	-0.32321881804830116
P83T,M93I	-0.11801242816749807
A7S,E11K,D29H	-0.704991091381963
K2E,E8K,E84V	-0.872869124635962
I22M,P34T,K96N	-1.0106291725428669
M40L,Q72H	-1.8482526399047787
E84G	-0.44276077864866664
K2R,A7V,R32K	-0.4481371466827782
A15P,R71H,L74P	-1.8132037950752053
K9N,E87K,R94S	-0.35191941360819645
E21G,T38S,Q88L	-1.3270017597366788
A7S,M52L,I89V	1.6877265738525098
E30A,M36K,M52V,P65T,E87K	-1.1560962059350774
K9N,L39M,S64C,D100Y	-1.589923197576384
R71S,S98C	-1.6146457793867488
D33G,T50P,M93I,S99R	-0.9178340587939406
N63D,S98C	-0.8452388797598652
D33E,S77N	-1.7335059792060692
A91S,H101Q	-0.3648186062947716
I0M,I22K	-0.6168705706591314
K2E,F3I,G49C	-1.581709813351456
V10G,S25R	-0.5118818338105269
I13S,A18V,M73L	-0.3279227138303161
Q88L,Q97L	-0.8376008889179664
K2M,R32I,P65A	-1.1951703753340035
S64Y,P65L,L79Q	-2.0608723707103107
K9I,E11Q,A18G,T41S	-0.9820553475555671
S64F,P68T	-2.2605111029923908
L6V,S64T	-1.06488282950984
M52V,W92L,H101L	-0.47834238747488245
E21D,T41S	-0.3658175627671981
I13T,L35R,T38I,M40L	-2.016878653809815
R32K,I56S,E76D,M93I	-0.409913359276046
N17S,Q97R	-0.4344550280803895
E8V,D67V	-2.1668677606656077
I0R,M93L	-0.24097173873245153
D26N,M78K	-0.9421808306807746
A7T,E11G,D42H,V82L,A91G	-1.4937786095541346
L5V,L61V,P65H	-1.3860557807417404
D23G,T41A,T50N,K96N	-0.7559914196244231
P34S,K96N	-1.3607512918287918
S25C,D26H,F31L	-1.1758324992146583
L6P,K9E	-0.16585621216015117
L5F,N17S	-0.23938957252039023
I56V,I89V	0.04390754793979347
L5I,D67E,M93L	-1.452536576633233
A18G,I22V,M36L,S77I	-0.8101667348551512
E12A,T41I,P65T	-0.8022276450108896
I13V,L35M	-1.5680837196828863
E8D,S99R	-0.5170707509376524
P65S,P81A,E87D	-0.7490433417810962
A7E,E84K,Q90E,R94G	-0.12225289470710432
N17D,A20P,D23N	-0.46023416341502044
I0M,P81S	-0.649318834340409
E8D,R94K	-1.6387810536662561
E30V,Q88H	-0.7967343793819858
I13T,E30D,R32I,F69L	-1.8696423133758373
A91S,H101P	-0.2607822397048379
V10M,M36I	-1.0907703568840779
A18V,R94G	-0.401159747311138
I13S,K96R	-0.16984904540884185
T66I,M78I	-2.11154802798287
A15V,I22K,Y24N	-0.4089679196182582
R19W,M36V,M40I	-0.5233640169250067
L6F,I89L,Q90K	-0.8897396834431603
K2R,M93L	-0.3405071171319223
N70S,M78P	-1.897938048434221
K9Q,K86T,S99G	-0.6142845079729419
P65S,Q90L	-0.412747784784822
I0V,V14L,D23A,D37E	-1.4727943353305561
L5I,I56V,E84D,E95A	-0.28367151833873905
M52V,N63I,S98R	0.8127257221150122
A15G,A18G,D67E,E84V,K96N	-1.3784963414160107
E95Q,H101Q	-0.4389755929349587
D23V,P65L	-1.3092595137746288
A18V,P65H,Q97H	-0.5093652678207494
K9N,I89S	-1.5344667226848439
K9R,E21D,R32I,M52L	1.262818904047573
N17Y,Y24F	-0.4535857322643782
A7T,P65A,K96R,D100H	-0.4761311817448636
E1V,V10M,K16R	-0.6370695181474836
A7V,E11A,P34A	-1.5404469143247255
A27P,H60Y	-1.7188622806962732
L5R,D23G,S64F,T75N	-1.3399691314391908
E11Q,A20T,M73I	-0.46429582342851494
V10E,S25R	-0.2449845908528507
K2R,S98C	-0.708299691431055
K2Q,K4E,L6V,N17S	-0.9655106977391681
D37E,P68A	-2.493002329796779
A20G,P68L	-2.174113003402863
S25R,S98R	-0.6596304907600098
I0V,E84K	-0.6489209164938494
I0M,Q88H,M93L	-0.6681744998006528
A7E,D37N,F69Y,E87Q	0.10205477754239475
E12K,R19W	-0.3046025402030458
K16R,L62V	-0.17411387416378385
E11A,E30D	-0.47337378000125546
A15V,T41A,E76K	-0.805337576879285
M52V,P65T,L79Q	-1.1165404183000223
K16R,M78K	-0.6916194926283514
I13S,M36L	-0.01631665871652215
A20E,Y24S	0.12439955832806242
E12D,A18T,E95Q	-0.4324396922329475
F31L,T75A	-1.3524052733374607
I0L,V14G,D42N,M78I	-1.4964167698253297
E1V,K16R,Q97H	-0.6194936092999769
E21V,L35V,L58R,E84V	-0.8885287657696679
Y24S,M78I,E95A	-1.1521423361420884
L5H,E87D	-0.4547772986001333
K16T,L58Q	-0.11530699729688282
K16R,V51I	-0.10707800312206509
E8V,V10G,I89L	-0.950772251329043
A20V,F31L	-0.9920458468497839
D37G,F69L	-2.319394305295107
S77N,P81R	-0.9450885206249863
L5I,D29H,R94S	-0.8712842309602646
I0K,T66S,W92R	-1.8656297070387888
D26G,P83T	-0.67182928980233
V10G,S77N,M78R	-0.8370420346548257
V82L,D100Y	-0.695718538862872
E1K,K9N,M36V,M93K	-0.5070389578972196
E12K,D37A	-0.8259143014289902
V14E,K16T	-0.06549174017289205
I22V,T75I	-0.6966601456883836
D26N,I56T,E76D	-0.0025489418124218476
I0M,E30K,D53H,M73L	-1.7069916351361867
P81Q,Q97P	-0.7798544558814531
L6V,E8D,E21K,A91V	-0.9225887179772743
E12K,I13F,P34R,S77R	-1.7485753250534959
K4Q,E11V,A15G,D67N	0.4418837138526224
R94S,E95K,Q97K	-0.2955081897022811
E76K,L79R,E84K	-1.8322648435407065
P65A,R94S	-0.3748292657869104
V10L,E11G,Y24F,S25N	-0.4093497869183187
V14A,N70T	1.6014206896212246
E8D,L62I	-0.33845646305141586
A15T,N17K,S98G	-0.5021278985803215
R32S,T38P	-2.320458476441538
T38S,M73I,I89N	-1.8617193321568926
I13L,N17T,R19P	-0.31407098841294834
E80D,E95Q	-0.5257262813962966
D26Y,M36R	-1.57255810963605
T50A,Q88R	-0.5143081450115135
L39R,M52L	-0.5658780762478817
V14G,N70D,S77C,E95K,S99N	-1.1300698412250736
K16T,I89N	-1.6540846948521553
Y24S,E76D,K86E,W92G	-1.7308138717574773
S25I,I89F,W92C	-1.3900118474234484
V14G,S99R	-0.5045477224947863
D37A,F69L,E84D	-1.9303878775496044
A27T,N63T,D100Y	-0.9255096258673731
I13F,S98N	-0.448013604361156
K16N,M40L	-0.8554289486333466
R19Q,S64F,A91G	-0.9154078574199809
L5R,D26N	-0.6717572620775287
L35V,T75P	-1.2966224419395123
F3Y,E21A,E76G	-1.1572935795126023
K9R,E12D,S25C	-0.3541298953692429
L5F,E11G,L62M	-0.3896764364908781
K2E,E8D,M73T	-0.5760216887792798
E11D,T75S	-0.3916741565698817
V44L,R45K,P47S,S98C	-2.1755992036958878
I0K,L6P,P81A	-0.6584885602460714
T50I,E95K	0.15212006759420732
I0L,A20P,H101R	-0.6952286963968765
D29V,D42A	-1.3756447158458631
K16N,E95D,S99G	-0.29035894808344936
N63D,E80K	-0.9042694320462242
N70H,Q72K,S99R	-1.9826906879667374
E11D,F31S,L62P,E80K,A91G	-1.8014950056495553
K9N,M40I	-0.48458133832355854
A20V,Q72H,R94S	-1.3999445424105328
E21A,M93T	-0.5554321034371126
K4N,K16T,P34L	-0.9823405624949375
I13T,M73L	-0.3076513197701076
Q72R,M73R,Q90H	-0.6485191674665538
S25R,E87K	-0.6390678233987348
E21G,R32S	-1.279441670076734
R45K,P47T,E84Q	-1.7321259954807489
I13V,K16T	-0.1947489213873393
F3Y,Q97P	-0.409925330435096
I22V,N70H	-1.8103149141928803
R32T,R59Q,S64Y	-1.7198364166101108
I0L,Y24F,H101Q	-0.46903016806724335
E8D,R19G	-0.1982225696174721
I22V,P28Q	-1.2192775919478445
Y24F,D100N	-0.3232522021472435
V51L,N63K,P68L,I89N	-2.7652515620110147
E8K,E12A,D37N	-1.177383957756737
D26H,M36T	-0.9767477475695578
A15S,N17K	-0.567558636587403
K4Q,A15V,N63D	-0.9637112429356569
I0V,F3Y	-0.5605612486900379
K4N,I13V	-0.3208254525384944
A20P,D26A	-0.6473226934960128
F69Y,N70T,M78K	1.6023331561402072
E76Q,S77R	-0.8217462509693922
N17D,T66I	-1.1102052958008595
N17I,Q72L	-0.7363899879633351
K9Q,R19G,S64P,T75I	-1.9049950219885163
F3L,A27S,A91G	-0.5112190646024276
R19W,E21K	-0.4955540652118545
R32K,A91T	-0.18449780593166018
M52L,E80Q,Q90H	1.8376031925722134
E84D,H101P	-0.28332291781435376
E12K,Q90R	-0.4408540305863885
A20T,P81S,Q97P	-0.5717191951425981
V10G,M78V	-1.0445490911130015
E76V,V82M,E95K	-0.6839734188388104
L39M,M78R,E84K	-1.105721489533126
S25T,E80D	-0.32026304748105994
A7T,M36L,E76G,S99G	-0.6126052804506074
V10G,L35R,P65A	-1.541499904690116
L6F,F69Y	0.4577993163586603
R19L,T75S	-0.19672640506514816
K2N,A20V	-0.32660044527772425
L35P,T38S	-2.066166219776888
M78V,Q97P	-1.0886119872227047
E87D,I89V	-0.37347530853774796
R32K,E80G	-0.731290318940758
E30A,I89S	-1.7197501802218182
N17D,A91V	-0.2004197464028666
N70I,W92L	-2.260531534112115
L74Q,Q97R	-1.9921613447788045
D26A,E95D	-0.7146660642170721
E12D,R19L,S25R,M36R,T66I	-1.966336561867924
D23V,A27V	-0.6787494418470454
L58R,M93L	-0.2869939840234866
L61V,T75N,M78K	-1.613472019063198
L35M,H101L	-1.55749061656096
K4T,A7E,E8A	-0.2854961101166758
E11A,A15G	-0.5385622822741127
T75N,M93I,D100G	-0.31241174793469617
L5H,E30K,F69L	-1.7734835156953737
A7S,S98C	-0.3101737240671464
N17T,T66N,E95V	-1.0232199820095202
Q97R,S99N	-0.4832042415851889
I13S,D26V	-0.9849796996083917
T41P,S77T,K86Q	-1.1923012477947028
A18G,D23H,R32K,T66S,V82L,E95K	-1.528956084265334
L6H,Y24S,D26E,P81A,M93L	-0.6341727440544156
P34S,M93L,H101Q	-1.322556754944978
R19W,L74R	-1.5045257652725423
E12K,A18T,L39P	-1.062969127857508
R94K	-1.4892780143655437
L62R,L79P,S98N	-1.3917659864921939
E8K,K16T	-0.32133230308935123
I0R,E95K	-0.4432004546470435
K16N,K96Q	-0.11112628797027438
K9N,L39P,Q90R	-0.8955441470764745
I56S,P83S	-0.45082500426422173
A20P,Q90E	-0.17123174289380091
D23N,P81T,H101R	-1.0108698768399722
A18G,K86E	-0.5247660876435538
K16E,I22L,S77R	-0.20153163288097897
M52V,D67E,M73T	-0.7158464312652162
E21D,T66S,S99C	-1.005869650117649
K96N,D100N	-0.13059108970384956
K4E,M40I,A91T	-0.8479786476476074
E21V,K86N	-0.8875341852442185
K16M,D23N	-0.60076985134105
D23Y,D26Y,P68A	-1.806005902930778
S77R,S98T	-0.6502810077724129
Y24N,E30V	-0.5303184271558756
K4A,D26A	-0.7164177200845518
F31L,M93T	-1.0340109691720727
F69L,L79R,H101R	-2.23517350674687
N17D,E80V	-0.143640315766874
L61M,Q90H	-0.48011355176326215
A20T,T41S,P68S	-1.8125206499292272
N17T,M73I	-0.33716197133943204
F3Y,Y24C	-0.4099206619706743
T38A,M73K,E87K	-1.205293887328643
M36K,T41S	-1.5397839349917306
D23E,Q97H	0.02234220083618537
A20T,E84A	-0.36250204344612613
K2N,L79V	-0.7382642417232939
A7V,N63Y,M93V	0.23027235501917673
L46V,S48Y,G49C	-0.8799323435303176
T41S,I57L,K96N,D100N	-0.9099884295834635
E1G,T75S	-0.650612571100452
E95A,H101L	-0.395534244835108
A15P,D37N,M73L,L85P	-1.6717814394602375
K2N,N63Y,E95G	0.06477325793393016
D29V,T41I,K96E	-0.6871621368938996
E12D,S99G	-0.401264476728939
V14G,I56L	-0.5998086784945693
L35V,N63T	-0.6586358652897278
F31V	-1.9218750251011811
K4N,E30V	-0.5734452901125057
E30G,M73L,V82M,E95K	-0.7124582169593741
M52T,E87K	0.20591433764731654
T66P,T75S	-2.1681974792837373
A20V,D26H	-0.7627501461469383
S55A,W92S	-1.6427500055397593
A27V,D100E	-0.1341146281829339
E80K,E84K,W92L	-1.220743942870539
R32I,E76V,Q90K	-1.1839859620976019
D26E,M73R	-0.29833060748963713
E21K,E84A	-0.8146154560372255
I13T,K86Q	-0.18163458457030074
M36I,E84G	-1.1719507860157434
M52V,N63K	0.0339279278444483
I22M,H101L	-0.14911258170531033
S77R,P81S	-0.7247920144702924
E11D,L39Q	-1.2936866359368726
T41I,L74M	-0.9536591432534214
A27P,H101P	-0.3869281291177591
F31L,E80V	-1.0540771286583954
E1D,R94S	-0.44273462773854483
A15V,T66S,E80K,E84Q	-0.9957013034892088
Q88R,E95V	-0.41081078457230186
N63I,Q88R,K96N	-0.2668049907554916
M52I,H101P	1.6533716497952764
F3S,E21D	-0.3783540916363166
D26E,D67N	1.2152532656605994
N70T,E76K	1.2319153821980346
E76G,E80D	-1.0100975498790414
P34A,E87D	-1.4544170243424703
K9N,V14E	-0.12056383866031803
Q72H,H101Y	-1.3044613822217508
F3I,R94S	-0.3055696629412801
K16E,N17I,E95D	-0.3690462983750473
A15P,L79M,Q90P,M93K	-1.793923719143009
K16R,R19P	-0.2203924113328291
K2M,M40I,M52T	-0.5564187923374391
L74P,K96N	-1.6691214104171208
M36T,H101Y	-0.5332285524367884
V10G,A18G,P83Q	-0.4287696818565333
V14E,V44M	-0.9125176582198711
K16R,I89V	-0.3643964078547557
E1V,V14M,S25C,P81Q	-1.0728536254493948
S77C,H101L	-0.7186850497650339
Y24C,N70T	1.5012504417218866
K16E,M36R	-1.4374035084012875
N17D,P34S	-1.414605126703737
I22T,P68A	-1.993093924391862
E11Q,R32K	-0.2147922152508033
S25C,E87A	-0.28239890945635665
D37N,M93L	-0.8311378841216068
E12G,P47A,M73I	-1.4463466888383085
V10L,Q88R,K96N,H101Q	-0.22924119608102697
M78T,Q88L	-1.5084305087193757
V14G,D23K,L62H,M93I	-0.9841167898205752
R19L,H101P	-0.09921665416976869
D37V,P81A	-0.4233279844004074
I22V	0.05379395228291084
K9N,A15V	-0.3538566298323334
A18T,D26A	-0.6844866730142865
S25I,R32S,M52V	0.42170317189480355
D42E,M78I,K96N	-1.235547183931716
K4T,V51D,R71H,Q72K,E95G	-1.991913672178302
M36V,D100N	-0.7906063097771315
D42N,E84K	-0.748836847990686
F3D,S25G	-0.7929856355300436
E8D,S99I,D100N	-0.5395666061913528
P65R,T75N	-0.7228363722194497
A15T,S98N	-0.3317314979108079
K16M,P65H,S98N	-0.4960565367044686
L6R,H101Q	-0.4850688952170634
L5I,D29H,K96T	-0.6930946774069727
K4I,E80K	-0.5076374338023814
E12Q,G49S,Q90E,A91S	-0.7607342653405692
K2E,L6P	-0.5827166972151236
D29N,P81Q,M93I	-0.7508095109728369
I0R,I22R	-0.5849395109548671
M73I,S77T,S99R	-0.7260205666577361
S25R,K96N	-0.30295318100506835
S99T,D100E	-0.5694968596239298
E30A,E87D	-0.49178763436724116
E1Q,E12D,M93R,R94T	-0.5992920984644172
H60R,M78L	-2.0654560500112673
E8V,D26Y	-1.0537355385864142
A27T,S64F,S98I	-1.119240307063074
E8D,H101L	-0.3531881068936197
D37N,E76K,E84G	-1.3345199509645596
E8V,A15Q,L74Q	-2.1286588514490528
M52V,D100E	1.4992572466411787
A27D,T66I,K86M	-1.7738027375270333
L39V,S77I	-0.7295926687172885
D23G,K96N	-0.6703460354729907
L35P,H60Q,S77G	-2.0194619659418
S77R,A91G	-0.6438891560848842
K9E,E21G	-0.3227011420810074
L62R,S77T,E84V,M93I	-0.4506561290672444
M40V,A91T	-1.5884747397347891
F3V,E30A	-0.5809370444246711
A7P,E11K,M52V	1.2128041199838235
R19H	-0.12226122697238224
R71H,M78I	-2.2058754318046927
V14M,M73I	-0.450276453422076
V82A,S99N	-0.6649541015119658
K4R,P68R,L85P,M93L	-2.344309381244148
N63S,S77N	-0.9116563574648933
D37E,M73I	-1.1358124577961164
I22L,M52V,M93I	1.7969268576817672
Q90P,D100V	-1.8105979802055114
A27P,M40L	-1.2001952714664892
I22M,E87K,D100V	-0.4771141875395585
E12K,A15E,E80D	-0.46482826994718657
E11K,A15V,P65S	-0.5794983777396863
A20S,Q97E	-0.322773244413102
Y24S,T38N	-0.6282892265475206
K2R,E84D	-0.7823035191374177
E11K,M52L	2.0367222936230025
M52L,Q90P	-0.7817024163716102
E11A,A20E,M78R	-0.6258348659495903
N70K,Q72E	-2.287322179587886
S25R,S77G,E95Q	-0.6096871005776343
F3Y,A27V	-0.04415529500116716
E1V,V51I,S99C	-0.6184499437797163
V14E,M78L	-0.48457556341045815
E80G,A91T	-0.9745183049722088
T41S,L79V	-0.8634382819381691
Y24N,M93I	-0.16731918414583777
L5I,F31L,M93I,H101L	-0.9468890909370592
F3I,A15V	-0.4036638248317802
N17K,A20V,K86R	-0.42641156614449627
E12V,I13L,I22R	-0.7111242262979526
K9I,E12A,E21K,N70S,Q72R	-1.8956009069378024
V10L,S25N,M36I	-0.9687978638172459
I0L,D37V,K86N	-0.7353237242762196
K4Q,R94S	-0.5176329269336071
E84G,Q97P	-0.44218680381663567
R19Q,E21D,E80Q	-0.08497253959405282
Y24D,S98R	0.5568853152428971
K4E,S25R	-0.6324762367246198
F3L,A15E,T41I,P83S	-0.19877670728387734
E11K,S98I	-0.46192802882847883
A15T,L79V	-0.737798867179801
L5V,H60N	-1.6520562236787426
K4R,H101R	-0.5066331722589513
A27V,M78I	-0.9562388248270233
L5R,V14M,A20P	-0.5907298372244565
V10M,E80D,Q90K	-0.5135138860652716
R32T	-0.8418684497779125
M36V,D42N,V82M	-1.063967854863212
A15T,S25I	0.14344085787481792
N63Y,E95A	-0.04000636850521575
N63D,N70T,M93R	0.599213025435875
A18T,E80A	-0.468172707156076
K4N,D42H	-1.2476344496640492
I13L,N17S	-0.4343018739261313
I13R	-0.6560972649152927
K2E,T38N,M52V	0.26780748021107337
D26E,S77C	-0.733981861865563
Y24D,F69S	-1.273188600343256
L62V,N70H,Q97L	-1.4395645889754483
D29N,G49D,D53E	-1.7592742600075675
N17S,S64Y	-1.098230680376948
P65A,D67E,T75S,A91S,H101Q	-1.8363420399736563
D53G	-1.8855667454773364
A27S,E30V,E76D	-0.9641561927837332
N70K,K86N,M93I	-1.624155148016277
D53E,S77R	-0.7510683544041179
E12V,S99N	-0.6107758538781114
I13T,D23V,M40I	-1.088423720925942
P65R,M73L,E76K	-0.8039653823073978
Y24C,L62H	-0.17525167135140882
N70H,E84G	-1.8218675619006073
L62P,S99N	-1.0625336387213662
R59Q,Q72L	-0.7285525817165903
A15E,M78K	-0.515218289492278
N63H,R94I	-0.8128389773727935
A15S,S25T,M73L	-0.2812015442176038
A18T,H60Q	-1.7379010917095532
I0R,L62V,S99R	-0.47054686420327074
D42V,A91V,S99T	-1.5043270381764857
I0K,R32S,T66S,S77G	-1.4625979522523327
T38I,S98T	-0.7885463487485895
K2T,L6P,L85Q,E95V	-1.3844685836839479
M36L,P47S	-1.2670734807511717
A18V,E30D,Q90H	-0.4381360984732829
L5V,M52L,S64A	1.049717670015753
L6R,D29V,R94I	-0.8243627398778621
I0V,E12D	-0.5385656565574508
K4N,D23G	-0.6730624757819026
Y24D,T75I	0.2797004908321175
E8D,E11V,R94G	-0.6524381812776369
N63D,S77G,Q88R	-0.712404661105052
Y24F,M52I,S77R,Q90E	1.3087312062772922
K16T,W92L,K96R,S98C	-1.1382597236424628
E21K,T38N	-1.157132935654479
R32S,L39M	-1.2687509471764098
P34S	-1.476104503888952
M36I,F69L	-2.3134426121709724
W92C,K96E	-1.4631486574951138
T38A,E84A	-1.2185876343062338
L5V,E80K	-0.34410072535216857
K9N,A27P,W92G,R94K,S98N,H101P	-2.0091584686294066
E8K,F31L,T38S,L39Q	-1.8223517492226795
I22T,D42E,H101Y	-0.468184805735917
L6R,A18E	-0.148697554914761
K4N,D42Y,L79P	-2.134295965341381
P65A,Q72R,E76A	-0.9306815925421705
N70D,K96N	-1.3772344886632546
I0L,A18T	-0.63670371807476
S77N,I89V	-0.44222014390596104
K9T,S25C,P65A	-0.4107115746531048
D37G,E80K	-1.0933589924215417
P81A,Q97E	-0.39149006327135905
A15V,M52L	2.180807439486501
A27G,S98C	-0.4711360974374858
A7E,F69I	-1.351475778908588
E95V,H101Q	-0.5595824833687926
D53E,N63I,R94S	-0.8401061910019236
K9N,L85R	-0.8665896108252156
Y24H,S48F,M93L,S99T	-0.5637651491409617
R32S,K96R	-0.8052050326487141
F3Y,N70S	-0.5811061566247867
K16M,A18G,T38I,V82M,D100N	-1.0408120371894256
V14E,D23N,I89L,S99N	-0.8820287379459772
A15V,S77C	-0.7754887243316613
I13V,P34R,A91S	-1.7343530071525102
K9Q,V14E,K96T	-0.19328523647822077
R32I,Q90E	-0.759141482289786
K4E,N17H,L79M	-1.2095004841447645
K2N,S99G	-0.3921018978279973
I13N,Q72L	-0.49845695980096183
K9Q,E30V,M52V	0.8026941327608921
P68H,M73R,Q88L	-1.917877359568888
K4N,F69Y	0.5082530545660973
R71L,L85P,A91T,M93V,Q97L	-2.200252949796514
K9N,E12D,D67E	-1.5842430070916462
E11D,A20V,E76Q,K86N,Q97L	-0.9115301854788774
L6H,E21A,R32T	-0.9939895178206157
Q90L,H101P	-0.2296294437118035
K4R,M52V,E76K	0.660055449764079
V10E,F69L,E80Q,E95K	-1.2246530692945814
T41I,A91S	-0.305550351207238
K9Q,V82E	-0.4210445671516634
E8K,I13T	-0.4816680374190774
D33G,G49C	-2.5266010938129244
V44L,P68H,L85R,W92C	-2.4326833306218107
N70D,E76V	-1.865056020313292
E12A,D67N,T75S	1.0933476392627874
A7T,E84A	-0.3404140349576574
E1D,A7V,E21D,P81A	-0.7030020404717532
L39M,S99C	-0.4678267139462608
A15E,E95D	-0.14570590318938614
A7E,E8D,L74R	-1.5052468832051735
L61P,H101N	-1.5705284223649971
E30Q,F31L	-1.2396160709684738
F3L,S99N	-0.3482947392512507
E8V,D37E	-1.2779976055881621
P43T,K96R	-1.7041701339773805
N17S,T41S,E84D	-0.51390899114684
S25I,M36R,M93R	-1.2356744280899563
K4E,D100A	-0.6243473406749706
E11D,S48F	-0.4476913962910914
F3C,V10M	-0.5061844190113854
A7P,A27T,S77N,E80G	-0.7549695847637092
E30V,P68H,N70I,L74P	-3.004244082065945
Q72H,I89V,Q90H	-1.3801162624435261
A27D,R32K,E76D,E95V	-1.3642529209989929
K86Q	-0.07876504063558344
D42N,W92C	-1.8424016151388418
E21Q,M73V	-0.5121775268609869
Y24S,N63T	-0.6908328702440636
E12D,A91V,S98G	-0.38691399264623755
K16M,D100N	-0.4619285656927117
A15V,K96T	-0.36829730038811853
I0K,I22L	-0.2851051037450916
L35R,P65S,S99I	-1.8484922252149856
D23V,M78I	-1.5622636952168358
T50A,N70T	1.2244413906268035
V14L,M73K	-0.3320823695033932
L74Q,M93R	-2.0126437980761542
A27T,P65L,P83T	-0.9159875898820133
I0M,M73R	-0.472646811630208
E8Q,E21V,A91V	-0.8849007869635865
I0L,K16N,S25I,R45K,P81Q	-0.7791034814682336
H60P,D67G,E95V	-2.0572107149615575
S25G,Q97L	-0.18747432633102423
A7V,K16R	-0.34606243863014197
I0L,E11V,S25C	-0.720580614906862
P34A,Q72L	-1.5627556460624201
A18V,E87D	-0.29475191539166273
I56S,D67A,S77N	-1.7586922949628705
K9I,Q72L,H101Y	-1.040437382972577
N63H,I89V,M93R	-0.9057272320760346
A7V,H60Q	-1.6572243421263395
A7G,E12Q,Y24D	0.6579011968401295
D26N,H101R	-0.5862279516524107
E1A,E76A	-0.9880854253584976
R94G,S98I	-0.412355453957856
R32I,S64Y,M93V	-1.2781568982924763
M78R,D100N	-1.0010883802749104
Q72R,S77T	-0.91455889736811
N63K,D100A	-1.5840025749787183
L74V,R94K	-2.5413153969407594
T66C	-0.8821869945200342
A15G,D37A,Q88L	-1.0442469040966296
N17Y,S64F,A91G	-1.473778020485076
K9N,Q72K	-0.4673202654871943
D29A,T41I	-0.46976057181585684
M36I,D100V	-1.16006607274117
E11G,K16R,M36L	-0.1614662826789294
N17K,S99R	-0.7551988682103737
L62V,M73R,M93I	-0.059789521069629925
K16E,Y24H	-0.09395079877890464
T41I,Q72L	-0.3242799920440561
L6R,E8K,M40V	-1.2469151300289223
D29H,K86Q	-0.7025493916113577
P65A,R71H	-1.736499509067728
A7T,E11V	-0.6524093063692649
V10A,I13T	-0.3163824688692172
A20V,H60L,M73I	-1.7590267368221093
L5F,L62I	-0.17357488488921757
N17S,M73R	-0.3067061365704824
K2M,V14L,A27T,H101D	-0.6339357214138275
E30G,L39V,W92S	-1.5821245418390046
L6V,E84K,K96E	-0.48319284176950783
M73R,R94S,E95A	-0.40586110554651844
K4E,D26E	-0.43093603044429873
R19W,V44A	-0.8521010213635696
I13S,D37N,M93T	-0.9876355682589613
A15V,A20V,S64C	-1.5138282531573983
K9E,A15P	-0.2553441988873748
I13M,E30K	-0.6811905590596508
R19W,T38P,E84K	-1.5442597933698445
F3V,D37N,E95K	-1.0921053064242618
M40I,Q72L	-0.7567362794137367
I22V,P65L,F69I,R71G,E80K	-2.1586686592891358
A7V,E84D	-0.38662264640411825
E11D,D67N	1.2406812340370237
D29N,D100Y	-0.7550175190503003
A20V,P65R,M73I	-0.6811428387942747
K2R,S25N,V82G	-1.7269210352531066
N17K,Y24F,F69I,E80D	-1.7073197575012609
I22M,P47H	-1.4830708878434697
L5V,L39R	-1.543626606489183
D29Y,M52T,Q88R	0.09226284934651738
E21G,D26N,M40I,E76D	-1.530822991771268
D33G,K96I	-2.0863456005037806
N17K,T75Y,R94T	-0.8385697101821659
K2E,E11K,K96Q	-0.5582311081816484
A15V,G49D	-1.3431794960584922
K4N,S25N,E84V	-0.33827848431542373
A7V,S77T,Q97E,D100N	-0.6334153881938301
R19Q,M36V,M52L	1.5809054850263158
K9N,Y24S,M36I	-0.811275861359738
A91T,E95A,K96N	-0.24092373191992028
M40L,D100E	-1.0147504347502976
E30V,K96R	-0.3583065875614165
L35P,N63T,S64H	-2.5674852645050397
R19W,T66A	-1.1572197103762147
S25G,S48T,R71C	-1.5445417930121963
E30V,H101L	-0.6326514950956528
T75N,K96Q	-0.2968920078359909
R71S,M73L,K86Q	-1.2708238069851816
E30A,F69L,V82L	-2.1141488471561445
N17T,E21A,M78L,Q88L	-1.3463533804508723
L39V,Q88H,E95K	-0.43104631329221155
E8D,D42E	-0.34325000674124867
A18D,A27V	-0.2135692531510759
N17K,E87Q,Q97P	-0.578175602147726
N17Y,R32K,E84D	-0.4656609988182855
I13T,S25H,P34S,M36T	-1.3282041959828996
N17D,M78T	-0.9050711720191416
P34S,W92L	-2.1272920776424313
A15G,K96Q,Q97H	-0.20078110543955824
E95D,S99C	-0.3771412341526946
Y24D,E80D	0.6931552829217051
D23N,Q90L	-0.7069485156794205
M78I,K86M	-1.4732753771330067
A7T,H60Q,R71C,M78I	-2.3198804720880215
D67N,W92R	-0.7756065387090948
A27V,W92S	-1.5906177499159662
D29H,M73I	-0.819173348839719
M52R,R94S	-1.7716553528794026
E1G,K2R,Q97H	-0.7635418069967462
I13N,T41S,E95K	-0.38303105181729163
S25G,Q90L	-0.13751170618252367
Y24N,Q97R	-0.45729236227045744
E8K,S25G	-0.275704455783615
S77G,D100N	-0.4218721814300514
V44M,Q97K	-1.1242973485102514
M73L,E87Q	-0.24691288916514115
K16N,R19G	-0.1035867931696832
I13T,H101Q	-0.3788685547894912
L35P,F69L,R71S,E95V	-2.561392481575737
P68L,S98C,H101Y	-2.0188597374073076
E12V,K96I	-0.8176441549552214
A7E,T41I	0.08044234267921602
M73V,H101D	-0.2850337530956624
N63H,S99R	-0.8929509807351719
K16R,M73I	-0.35179937766471503
M36V,R71H	-1.8553232158900776
E1A,F3S,R45G	-1.3430943120002174
S25R,D26G,L35Q	-1.6270804779687955
A27S,M36T	-0.5078012044381839
F3L,T66A	-1.618865538566403
A20P,M36V	-0.6680395727323521
N17S,V82L,D100N	-0.6919880798709273
M40I,N63H,H101Q	-0.8282685100177042
A15V,K96E,D100N	-0.41594536287702766
S77N,Q90L,H101P	-0.2773934740853972
E8D,E87A,D100Y	-0.6927284074560871
L6P,A91T	-0.4879159221446419
L39V,S77N	-0.2336495256431339
L61R,R71P	-2.388378920293343
N17T,R45K,H101N	-0.32813961154736737
T75I,Q88L	-1.1503086658824901
A20G,L62I	-0.3704015419224299
R71H,Q72H,P83S	-2.230990850092388
F31Y,N63I,S77N,V82L	-0.8895678653170027
I22K,I89L	-0.8769137293936954
L5R,E21D,N63K	-1.5217384186270408
A7V,D26V,D37A	-1.238645409876729
K2R,V14A,M52L,T66I,E84D	0.9782065696199561
E76A,D100V	-0.7474454487875525
A7V,H101L	-0.47647626957785916
N63Y,K86M	-0.10028469320795969
T41I,M73Q	-0.16602643360462166
L5I,M52I	1.7782895936232945
E8A,A91D	-0.5237513862703224
I22L,D42Y,M52I,M93V	-0.1164109327929268
V14A,E80D,W92C	-1.4290382339216576
N63S,P65T,E87V	-1.4366346708134072
D26E,P34H	-1.7112873153399848
M78T,L79R	-2.28459469958218
K4I,V10G	-0.5109032242518464
S99C,D100V	-0.6068999372234558
R19L,M36T	-0.3179820270877396
R32S,T75A	-1.354227833695788
K4N,L61V	-1.3373463296882115
I89L,S99I	-0.8487168673116081
P65T,M73I,M78I	-1.4870542661213673
K16R,N17T,T38N	-0.8009917914474853
E87V,S99N	-0.5769048673178179
F3L,E8K	-0.43507338761363556
M36V,S77R,E84V	-0.970471995325421
S25N,E76K,P83R,I89L	-1.3493463591093173
V82E,Q88R	-0.3617222855385368
L6F,M78I	-1.0829766959135605
R19L,D29A,N63D	-0.7395710124103543
E21G,S99R	-0.780286923679652
L6R,M78I,E87V	-1.1861848846947916
R94K,E95D	-1.65463785542364
Q72K,S99N	-0.5072240055418007
P65R,K96N	-0.3320969611106036
K16M,D23E,Y24C	-0.2824938002306927
A20S,H101Q	-0.35162205362273524
D23N,R71L	-1.8439265923420352
A15S,D67N,E87A	1.105658293086146
A15T,R59Q,L79V,Q97E	-1.0195765843757254
I13F,E84G	-0.6143489303531208
F69Y,P81S,H101P	0.3762537908178505
P34R,V82M	-1.7618676992657556
R59Q,E80K	-0.6504447857540913
E1A,L61P	-1.987480926339161
I89F,Q97H	-1.3663787316291494
T38I,S64F	-1.4134899930507205
M73I,S99I	-0.4987403247890688
V10A,R32T,S99N	-0.7414980528721197
E11D,S98R	-0.466171095903388
E11D,D23G	-0.5802829054800891
V10L,R32K,E84A	-0.414585188331567
I22M,A27T,M36I,S99G	-0.8735005440519842
I13V,K16R,R71G	-1.5975052225783672
N17S,E21D,M36V	-0.8152227852323578
E11K,L39V	-0.26012913487020156
A15G,D37A,Q88R	-0.7242929602621484
E30V,D37V,E95Q	-0.5033663998927078
F3V,I22K	-0.4186326296101428
A18V,F31S	-1.7813660598315286
D26A,F69V,P81R,L85Q	-2.426680179882047
K9N,P34T	-1.3415036665230988
I0T,T66P	-2.2403832758012103
N17Y,K96T,S98R	-0.5845051583413639
A20T,I22V,S99R	-0.46630635171055396
K16N,D29N,V51I	-0.42851840090428855
D26Y,M73T	-0.8166707355285509
I0L,W92S	-1.964523111655244
V10E,N17S,M93L	-0.025639315130235495
E95V,S99G	-0.5814864748425854
K9E,S25I,E76D,M78L	-0.4074997921283932
S25K,L79P,H101N	-1.5155559364918736
A7T,V44M	-1.0051774120744077
D42E,E84A	-0.517040055547479
E21Q	-0.481870061535828
E8A,A18E	-0.28865478958161483
F31I,M78L	-1.9079329479531646
E11K,K16R	-0.3640668501197908
I0K,P65L	-0.8336661405651312
A18E,M36I	-0.817200512870355
F3L,K4N,S77R	-0.5901707400378866
L6F,E84K	-0.3460706771248989
K2R,I89F	-1.612243683832761
E80D,W92R	-1.6920606089296122
V10L,D37V	-0.14494939069047083
S25R,H101Y	-0.5161738540514453
E8A,S25T,G49S,E84V	-1.2402446157574736
S64T,R71G	-2.0648914993642133
M73V,E95D	-0.28519208497958803
P47R,M73I	-1.4358524308192375
D23H,A27T,P34H	-1.7949669968690056
A18G,Q72R,Q90E	-0.3832837360169904
V14E,E95V	-0.35519485181373345
I13M,V14M	-0.4561983598778744
E1G,E87K,A91P,M93I	-1.6471427032204307
E8D,L39R,T75A	-1.649293321156812
M78I,E95Q	-1.1274003706553897
T66S,E80V,P81A	-0.9880845238193587
S48F,T75S	-0.6053127377906132
D67N,W92S	-0.8822688912308756
V10M,M40L,S77I	-1.2854823550217858
A20E,D100N	-0.08480437257081057
F31Y,M93I	-0.13036140928777687
N17D,N70D,P83A	-1.3372041954873781
E12A,S64Y,E76D	-1.2676370092258555
A18E,I89S	-1.3933626475186016
D26A,E76Q	-0.9819507187322721
A7P,I13T	-0.2782953075459639
L39M,N63I,D100E	-0.7652184031649634
K2E,A27D	-1.2496952703249393
K16E,D29V	-0.44461189572819476
L6F,K86M	-0.4550754103569472
F31C,S99I	-1.7990601247388334
R45K,F69L,R71L,E80K,S99R	-2.057825658971452
M78V,S99T	-1.2322811977972732
E76A,Q90E	-0.4101536750209258
I22T,D42A,T66I,P68S	-2.569365977792108
A7E,I57F	-1.3033735073028967
P34S,E95G	-1.6505988709152606
K4T,N17T	-0.43281625195029866
L6V,K16N,D29A	-0.4925761607511599
M36I,M40L,F69V,D100Y	-2.54698525552335
E12K,A15V,A20V,L74M	-1.0918928793321796
K2Q,R19Q,F31Y	-0.5030053516830341
M36V,Q90P	-1.8833253459858539
P68L,E76K	-2.2897365124793767
K16N,S25G	0.009177046214979565
A15S,N17K,A18S,K96E	-0.4266919805207645
A7G,S98R	-0.5024916345685388
K4N,L62G,S99C	-0.6111894786088077
W92S,K96T	-1.6663009475700896
P34S,M36V	-1.8363895857496886
L39V,V82L	-0.3824408823571292
D26E,V82E	-0.52178793998133
P65T,E84G	-0.9379293911338249
E12V,R71C,Q90R	-1.7945380441529972
N17D,E87D	-0.12883035141709334
K9N,Q88H	-0.4434955652223168
L35Q,I56S	-1.495137531535084
L5H,T50S	-0.5200301554099516
I0R,L5H,M73V	-0.6539452782643804
D29A,M93R	-0.6751536083963209
M36L,R94S,Q97R	-0.10318869846593517
E30G,I56T	0.21497719498005444
V14S	-0.23211439066298492
S25C,M73I	-0.2773195631041454
K9R,A20P,I22L,I89F	-1.2176920383823902
V10M,E11D,I22M,M73I	-0.29838002473235586
E80V,S99R	-0.5136556194502055
K2M,F3L,E11A,H101Y	-0.9529057103029185
M52L,K86T	1.10400285914884
L6I,M52V,A91T	1.0525430500562494
I0R,L61V,F69Y,S77N	-0.43119163832264495
D33G,S64A	-2.18838540583587
E8K,I22R	-0.5253007690146116
E1G,D26E,I56V	-0.2876515004559479
E12G,D37A,V44L,P81S,H101D	-2.0368787713837575
S25I,Q97R	-0.03532851168615918
D26E,M52V,V82L	1.053884224603729
V10A,N63Y,M78I	-0.5355259194906485
E11A,N17H	-0.6110740843816543
P83S,W92R	-1.7330431232652241
D23V,A91V	-0.7998627416693438
E8V,W92S	-1.861476621928248
I13V,R71H	-1.7485950044907805
I56S,M93L	-0.08564992498205087
S25N,S77N	-0.018708386444256885
Y24F,M93I	0.04404033122899757
A27T,L62R	-0.09079628533164949
D42A,P83L	-1.5520462942001214
M52L,R71G	-0.5003409736330846
E12G,Q72H	-1.4769912908921614
V14A,M40L	-0.7623325058581588
I0L,D37N,K96T	-1.11760973340033
N17K,M36L,D42E	-0.40199401067105633
L5R,V10M	-0.5736112629227558
P34R,D100N	-1.7113486251504364
E12Q,K16R	-0.3515168204417839
E76V,I89F,H101N	-1.4938392450410773
A18V,E30A,M40I	-0.8687101469649017
V10G,R71G,L79M	-1.878450699870531
E1V,T75N	-0.692198086388886
E21A,D23G,E95D	-0.9055989480017592
N17Y,A20P	-0.5374610651300225
E1G,D42A,E95K	-1.2870611464976034
E21D,F31L,D37G,M52V	-0.7688859782655302
S25G,A27T	-0.029610630950345426
P83A,A91V	-0.5127706906914871
K2T,Q88L	-1.0284650162639526
A20E,L74V,Q88P	-1.5968147529993688
I13S,M78I	-1.1731653692641246
E11D,E76A,E84K	-0.6215672497331353
E21V,T41S	-0.7236741791682808
I13V,E76V	-0.7214814379420216
E30V,M78K,K96N	-0.729467934371037
S25R,M73R	-0.4459051304494888
E1G,P34H,M52V	-0.30480405829594615
D26G,E30A,E95V	-0.8723110296923273
E8K,K16M	-0.44986475201414855
L5R,S25G	-0.3582467085365006
D67S	-2.2367097732822265
E80D,E84V	-0.6348927022654719
T41S,S98N	-0.3371498836838752
E12D,N70H	-1.8724226020206172
E1G,N70T	1.1978391222654508
M36I,M52I,E84K	0.11878935516729458
F3L,M78K	-0.7174402308724356
I0M,R19G,P83S	-0.5474090903954502
N63K,E95V	-1.5145922263217386
E8A,A18P	-0.5760330810936608
L6P,T41N,D100E	-0.6050897573557217
K4I,V14E	-0.28332428886044003
N17Y,R71H,E95Q	-1.7509178095747788
E21A,D100G	-0.7615851846078694
N17K,D37A,S77G	-0.7828952200488615
D23A,V44L	-1.7828286612297233
I22L,P83L	-0.4005221727163395
E1A,V51L,Q97L	-1.297145846511186
L35M,R94S	-1.5198296260499566
I13M,H101Q	-0.36730254563123255
T41P,P65R	-1.2820964366450964
E30A,T41S,Q90P	-1.8437490040712663
E76K,K96I	-0.8981460643693987
R32K,G49R	-0.579869643578429
I0V,M78T	-1.3322579439488942
M36I,M52V,M73L	0.31790486344894253
D23E,T41A,M73I	-0.31584359646368104
S98R,S99R	-0.6337559031172288
R19W,T75A,H101D	-0.20867793454490197
E21G,S48C	-1.122821960416375
T66S,R71H	-2.0368003250099775
R19L,L74V	-1.011600732766015
R19G,A20E,D29Y,P81A	-0.42971598972517294
S98N,S99C	-0.3735249741780555
S99I	-0.3154086465515009
E12V,M52V,E80K	0.9736826359781585
K96R,D100E	-0.2134927900374969
P83A,S99N	-0.4923071450652721
E1Q,E80K	-0.43438514322431016
I13L,S64T,L74M	-1.5073423438665194
V10A,M52V,T75I	0.901887256359601
E11G,V82L	-0.6591623905760492
K2E,V82M	-0.7265740270054732
F3C,E8D,W92R	-1.539539892558668
M52L,S77I,S99N	1.2384938554390452
S25R,S77C	-0.7783699102592221
E8D,I89F	-1.346484106742162
L5R,A15V,N17K,R19G	-0.7010821906237497
E21V,Q72H,E84G	-1.6524951888864978
I0M,K4T	-0.7299885983748439
E21G,V82L	-0.7990007298618723
A15V,K16N,S25R,T66N	-1.1492486383307474
N17T,L74R,M93L	-1.6468354226130124
L6F,T66S	-0.6482095311576508
R19Q,S99N	-0.15155748798539992
E76G,P81R	-1.4171948502340286
V44L,Q97R	-1.5050239934128575
E21A,A91G	-0.7208055202949876
V10L,Q90H,H101Q	-0.47314184368943646
E8D,I22R	-0.4128168660396724
P65A,Q90H,H101N	-0.34238433298662585
M36L,V82L,Q97L,S99R	-0.5206147611229236
M40L,M73I	-0.8568111952768405
K16Q,A91G	-0.3042111225135541
S25G,S99N	-0.13513888758877562
I0M,Y24F,S25T	-0.46338434755574975
I22T,M93I	0.022777493716579975
A20V,S25R,K96Q,Q97P	-0.561480454363845
A27T,T38N	-0.7977639177674527
Q72E,I89L	-1.400630723003527
A15P,N17D,H60L	-1.4120749863286692
V10L,A18G,S25C,L62V,M93L	-0.2126666998694216
I0K,N63I,Q88L	-0.8446141181161062
M73I,E84D,E95A	-0.6135881507482417
F3V,A20E	-0.020202386958549735
E1A,V10A,P34H	-1.9451341431472418
K9T,R19G,P34L,P65S	-1.1385519180063985
D29N,M93L,D100V	-0.5507009239166154
R19W,R71S	-1.2836155558783129
V10M,D26Y	-0.7465064969031405
F3S,S25G,N70D,S99N	-1.1781254843962101
A20T,M78I	-1.0473295095217614
E1A,T66S	-1.1671309635131448
F3S,D37N,L79R,A91T	-1.9426093510664133
P81T,Q90E	-0.4631182679368308
F3V,N63K,P65S,S99N	-1.5906857973142374
T41I,M52T	0.18129564116486158
L35R,Q90E	-1.6269836771978217
N63T,I89T	-1.5729598709055927
V51L,S99C	-0.878426317297578
P47A,M73V	-1.2269280197680965
V14M,S25I,T41N	-0.1107407117081007
A7G,S25I	0.034162757119904956
E8G,K9T,R32G	-1.667812328148762
E1A,A18E	-0.5315610746652677
V14L,N17Y,D53E	-0.8507623865471813
E21K,E84G	-0.9840855111252005
K16E,D37G,E76D	-1.1130453841510453
L6H,K9T	-0.45934355897016493
T38A,Q72H,P83S	-2.062595282348051
V10G,A27G	-0.4381927076197176
N17D,R19L	-0.015124051951898594
V82M,S98G	-0.37723871821594834
E11V,D100V	-0.9072465239800357
A18T,M40I,E80D	-0.8055898714169678
S77N,I89T,S98I	-1.2816286848775809
S25I,H60P,Q88L,I89L,M93I	-1.5270305880834856
E8A,D26E	-0.5239019164777441
M73T,I89V	-0.19914967866225594
L74R,Q90H	-1.963674025818944
L5F,I22K	-0.22405130771964163
Q72H,P81S,K86E	-1.6298394455894478
T38N,T41S	-0.8777287753123784
K4Q,K9R,L61P,N70K	-2.1650154543490916
P34S,T41S,V82G,A91S	-2.583269349176312
V14L,D42A,L58P	-1.8263974389884303
E11D,M78R,Q88L,H101Y	-1.086181282105264
L74V,R94G	-1.2796964917139644
E8Q,D26E	-0.46922540932688284
E1Q,K16N,P65S,M93L	-0.37735839691733697
P65A,M78I	-1.1910879109520052
V51G	-2.101377223539802
E21G,R45K	-0.5415720432576807
R32S,E87Q,A91T	-1.1592505023414752
E30V,P34L	-1.415151586156023
E8V,A91G	-0.6022772878695755
K16Q,M78I	-0.9692455869678795
E12G,M78L,H101Y	-0.7863083158370185
A7T,K16R	-0.20331369283130152
A20G,L35V,L62P	-1.0517385673760629
D29H,M93L	-0.6359528939354105
E21D,Q97P,H101N	-0.39406954684987433
I57V,D67N,R94S	0.4593853299397896
N63I,E80K	-0.550972902805791
D26V,R32K	-0.8932457384585477
N70K,M73I,Q90H	-1.7383675533422849
T38Y	-0.9744749737518852
A27D,H101L	-1.0927971812330262
A20T,D67E,N70S,E80K	-1.8263981721381994
D26G,E80D,E84A	-0.7064531597605016
V10L,S25C,E80D	-0.5057640603352701
I13T,M78I,E95K	-0.95201834528934
E8D,K16R,M73I	-0.43536148191239077
I13M,D100V	-0.5490418964796586
D33E,L79R,A91S,S99R	-2.3126474723645494
M78L,D100N,H101P	-0.7648697769153012
K16M,T41N	-0.29803707474903013
D29H,M73L	-0.7329915549105976
S25R,L39R,L61Q	-2.0811202471587364
N17K,Q88R	-0.4101426606746155
A20T,Y24D	0.7494238403052605
Q90R,D100H	-0.4911173602151988
S64Y,E95V	-1.1918690398200118
D29A,D67N	0.9730203976427061
E11D,I22L,E80D	-0.23790004417017532
A20G,L35V,P83Q	-0.3175707162206816
L35V,A91V	-0.05554935697576087
A18T,T41N,H101Q	-0.500402605111307
S77N,A91G	-0.4517237577828422
I13L,R19L,E76G,W92S,S99T	-1.6984282744767971
A15P,V82L	-0.6274276867017594
L35P,M93T	-1.9068873361541498
S25T,P83S	-0.3369883752447187
M52L,L61M,P83A	1.004788905300125
E21Q,D29A	-0.8466903791143734
D67E,S99N	-1.8880820393286646
A15T,E80V	-0.2645070273690226
A20G,D29V,S98R	-0.8310286790775667
K9E,E12V,Q72K	-0.520058582680982
L6P,M52L	1.432598131640717
M36R,A91P	-2.280306330266563
V14L,D26V,M93R	-1.1773546532478003
A15E,T38S,F69L	-1.6395220368164922
A20S,M36I,M52V,M93I	0.4545425760999511
L6R,K16M	-0.4063022380000765
E76D,S98C	-0.6848962856230252
Q88R,M93R	-0.24608262829034727
T38P,D67N	-1.1450237044541796
M40T,M78T	-2.2055599603427054
I0M,E8D,P65S	-0.6621557035451765
I0L,T75A	-0.9314189308405113
E1D,E8Q	-0.5095102177026721
S77N,L79M	-1.1708847218369018
N17K,E84K,A91V	-0.6502757656424875
E8D,I13S,P65A	-0.3289825866548358
R71C,K96E	-1.5769990273904042
A15S,Q90H	-0.43754308325611524
A7T,S25I	0.122610635877359
T38N,M52I	0.5368423718887021
E1A,L39R	-1.9043219976189463
T50S,M73I	-0.45982127284934515
K4E,L5V,E80Q	-0.37849359757978823
R19L,S25C	-0.028560774688734383
Y24F,L35R,S98R	-1.7090160754593704
E11V,E21K,S99N	-1.1290575905128155
R19L,L35M,M52V	0.6091442954429245
K2R,A15P	-0.6899202444864088
K2Q,R32S,M52K	-2.4058318565851593
R19P,H101D	-0.2634065814151269
A20T,T50A	-0.6341528089221808
A18T,N70T	1.4562412615759597
N17S,S99T	-0.5058622370125428
I22M,S99G	-0.16919418994020197
A15T,D37N,E95D,S99N	-1.1063479682695923
A7G,K16N	-0.20920216415021958
N17I,N63Y,P81T	-0.43342115221727645
T41A,D42N,S77G	-0.7644280872254363
N17S,L39P,N70T,E87D	0.6329994759051578
Y24F,T41S,N63K	-1.4412968275109517
D26E,P65L,T75S,E87K	-1.2328898078888453
M73I,L74V,S77N	-1.3258097063519472
K16R,M36R	-1.631554042403014
M73I,M78L,E95K	-0.6642061656351137
E21K,I57T	-1.4089478427020345
F31V,R32S,D42G	-2.505493588251258
V14L,N17Y	-0.6273142565027641
R19L,L35M,S48F	-0.94601953632906
K16Q,T75I,M93I	-0.4744187317405152
I22L,E76V	-0.5754221618168861
N17S,Y24N,E84V	-0.5440935207018027
S25I,M78K	-0.3124061362796947
Y24S,E30D	-0.20284084099342042
N17T,Q72H,V82A	-1.7563120077356515
R71L,E80A	-1.7758990296804873
T75G	-0.732263117638919
K2Q,E21D	-0.8327756279417604
N63S,K86N,Q97R	-1.1408280983266257
A15V,I22T,E80K,Q97L	-0.42363663294858617
K4N,K9R,E80K	-0.48290050702846626
D26E,D37A	-0.6358050468792437
L5I,A7G,S25I	0.08087239160661325
T41A,A91D	-0.36346759403633955
P65L,D67E	-2.036047648292452
A15S,A91D,S98R	-0.5214221304170591
E76K,E84D	-0.7163249754454446
E8A,T41S,S98I	-0.6284764129143114
E11D,Q97P	-0.32771006999300906
I13V,P28S,S99R	-1.2079991844902964
E11Q,D26H,M73V,M78K	-1.0682099024197818
E1G,Y24S,V82A	-0.7412010072637111
A18V,Y24H	-0.4688509564651072
E8A,Y24S,S77R	-0.5856932919994549
P68H,S77Y	-2.117146983910978
V14A,R32I,D42A,M93L	-1.2022015403155482
E12G,D37E	-1.2187821611509275
E21V,M78I	-1.5739322693338322
I22L,E30G	-0.44062102864628533
R19Q,D29V,M73K,Q90L	-0.3919480225310055
N63D,Q90L	-0.8710900766178364
P65S,Q97R	-0.5602700781330232
A7G,N17I	-0.5252018751798408
S25N,T41S,Q90H	-0.2014200447408147
V10G,A91V	-0.4255926700839311
V82M,D100N	-0.49426100930918493
S77N,E87D	-0.36617942305390105
Y24C,I57V	-1.0113158414177126
K2E,E21V,H101Q	-1.0145155971029107
E8D,D67E,K96I	-1.6833104003033825
A15T,S25G	-0.11390230088840822
A18P,I22R	-0.3397381602991503
D33E,L62V,Q88L,W92R	-1.9640366523015422
D67N,H101R	1.2669779119806575
E30G,Q97P	-0.5769873047194123
M36T,I57T	-1.1393060791660052
M93I,R94G,D100A	-0.33864638646600975
I13V,Y24H,D42V	-1.2951596871052449
A20T,E95D	-0.30085454016751945
P65L,T75S	-0.9280067889139041
E87V,K96N	-0.24961755649139342
E11Q,T75N	-0.5172825233443086
L5S,D100E	-0.33174856616847614
F31L,R94S,E95G	-1.1528539704270981
E8D,M40K,T66I,L79M	-2.5300416855309926
K9N,T66S	-0.762241328850416
R19W,Q88H,D100E	-0.2613378558140355
E11V,S77T,Q90K	-0.9629635479064254
E87D,K96I	-0.5215121602637733
I0L,K86T	-0.8430281816554186
I89S,Q97P	-1.612976882680393
K4I,A20P	-0.5155436875433257
E30D,P65R	-0.6268767563986344
R19G,M40I,R94S	-0.5219924288075144
F31S,I56S,S98T	-1.6085838921746065
I13S,N17Y,S25C	-0.4288837735705724
R19L,S77T	-0.34346122915883875
V10G,S25N	-0.07103119176613859
T41N,S98T	-0.40093660509253254
E1D,T41S,R94T	-0.4996436299910287
S25C,K86T	-0.46716445387251476
I0L,I13T,M78V,S99R	-1.372734420238744
K9R,S25R,M36I,Q72H,Q97K	-1.9750093094261263
E30G,D100V	-0.7679760285413609
K4Q,T38A	-1.4385850868970635
E11A,E95V	-0.6754002682477953
E11Q,I22L,P34H,L62H,T66S,D100E	-1.7519913383484649
K9I,E84G	-0.9937060366728099
N63I,F69L,M73I	-1.5768325869469704
R45G,T66S,Q97R	-1.615559411788253
D37A,S77T	-0.8855339489655156
Y24N,D37Y	0.6189306179493503
K2T,Y24N	-0.6112579460614733
K4I,S25G	-0.3023484917260312
V14M,R32I	-0.8245013225192888
L5I,A91G	-0.33114365483089675
D42E,Q90P	-1.724837281585694
D37N,N70H	-2.288354656536402
F31Y,M73T,T75N,A91V	-0.4072838767108522
E30G,Q90L	-0.6150855211882158
D42G,I56L	-2.0657058937849464
L6F,A15S,R19Q,M52L	2.142540400182273
L5H,T66S	-0.9178188836026309
F69V,D100N	-1.973391747616406
A18G,H60R	-1.6882309201606085
E11V,P65L,S99G	-1.0558613409853588
D42E,N63Y	-0.10450341253776628
L85R,H101D	-0.9265488204456885
N17I,A18T	-0.5908069257764157
V10M,P81Q	-0.7692262371617804
E8D,P81L	-1.5295424655099625
K9R,Y24N,K96N	-0.1906351075196056
A7T,L62I	-0.25505733541530395
A7S,D67V	-1.906833509965228
A15V,I89L	-0.8754570558174902
T41S,M52V,M73R	1.1968978883924144
E12K,I22V,T41A	-0.6021302853232475
T41S,S64T	-1.1077495021045518
K4Q,I13M,M52L	1.9070873666446349
D23E,T41A,M52L	1.6144593969269712
K16Q,Q97R	-0.3421351899046843
E8V,A18G,V82L	-0.7240884633339569
S25I,E87K,H101A	0.05389827864285976
L62V,S99T	-0.2820455816744794
S25G,H101L	-0.15023450330567784
I22T,M40K,E80A	-1.7097809299437066
A15G,I89V,W92L	-1.2002524044773528
N17M,R19W	-0.1607378763723834
P28S,R32S,L61R,N70S	-2.2015378703404327
V10A,R94T	-0.26708391864374637
K16M,R32K	-0.13112041795020443
S25R,E76G	-1.0237602326573596
M40I,E84A	-0.6133739617321475
L6R,F31V,E95G	-1.4263285862609885
K2T,M73I	-0.7552010694745391
S77R,K96R	-0.42220458428198127
E12V,M52V,E76D	0.6732749338680084
V82E,H101Q	-0.48683613307512685
A27T,S98C	-0.19406416809788346
A15T,E21D,A27P	-0.47239954418759034
R19Q,V82L	-0.2108470916614716
A7E,K16R,V82L	-0.15572504724324535
K9T,E30A,Q88H	-0.7508176466498087
V10A,M36I,S77R,E95V	-1.1773060121178356
D33G,E76V	-2.0969154966851122
E21V,R94K	-1.9072320419327196
T50A,K96I	-0.8452599963527692
T38P,T50A,Q72K,M78L	-2.439783232549117
M36I,E80V,H101L	-0.9999038157149727
F69L,S99T	-2.0239236358160153
Y24D,A27T	0.6688940001808314
P34H,P83L	-2.099923523615222
N17Y,T41I	-0.4674928634409137
E1V,E95A	-0.6394347568677667
S25T,M93T	-0.1482887364024193
M40L,E84D,S98R,S99G	-1.1772765136076218
E11Q,D23G,A27V,M78V	-1.170065752123509
Y24C,M36I	-1.0568540763114385
E8A,D29Y	-0.8284892607133431
V10L,K16E,P65H	-0.4170157649021952
M52V,P81R,I89F	-1.006911765032855
E8K,D26N,P34R	-1.849023353173131
E11D,K96N	0.019558120049185723
D42G,H60Y,N70Y,L79R	-3.046569845470728
D53E,M78R	-1.0748573195397375
K2E,R19W,A20P,M73K,K96R	-0.17397454942118407
M36I,M78L,Q88H	-1.6444167051453482
V10G,S99G	-0.4570431945076983
A15T,E87K	-0.44744991522479527
A20V,E76Q,M78T	-1.3002766795998983
D37A,G49S	-1.1329940535474696
D23E,D42V,Q72K,Q90E,M93I	-0.9508186592945462
I56S,S77G	-0.23636752819288223
E12K,P81A,E87A	-0.807812822480523
E12D,S64P	-1.8536565525674646
K16R,L74V	-1.3092893869469793
D29Y,E76G	-1.1330920263576691
M36V,S64C,Q90H	-1.7782507683481081
I0K,A91G,S98G	-0.5427693464869952
A15E,F69Y,H101Q	0.575417882250204
D26V,L39V	-0.993664184561335
E21V,R94S	-0.7005694408996875
I0V,A15V	-0.6326091656344283
N63I,A91T	-0.5847057397823673
N63K	-1.6358640194246603
M52K,A91G	-1.7788721280856485
K2N,Y24S,T38S,D100N	-0.5983184369527004
P34R,E84G	-1.587641030649248
R19W,M52T,E87Q	0.5852567637545123
F31L,L61R	-2.0089153149972985
A15T,A20P,M36L	-0.043814314736905516
A27V,E30A	-0.28958539674395695
T38P,V44L	-2.493531010868571
E8G,L79V	-0.8718683450774164
K16N,R94I	-0.3672220706116856
S25I,I89V	-0.08842934611712991
Q72H,Q90R	-1.3211426896694056
M73K,K86E,M93I	-0.33017321005275135
A7E,R32K,Q97L,D100G	-0.1037478524435578
I22R,T66S	-0.9188444744481442
A7S,V14M,L35Q,S64T,K96N	-1.488795958607675
V10L,I22K,Q97R	-0.5663222799071738
E8V,Y24C	-0.6093644822519788
I56V,R94G	0.008658754411292218
I13V,A18T	-0.3066751132693194
E12Q,I22L	-0.27316244904902465
I13T,K16N,E76V	-0.579275492491455
E21G,M36R	-1.7799078515669147
M52V,S77G,E95D	1.2676525815949646
V10L,L62R,F69V	-1.5512015245172033
V10A,A18G,S25N	0.04164850976955068
E30D,M93I	0.00015795995928700405
V10L,R71H	-1.8243304541755712
T41N,M52V,T75I	0.49835162253354964
L61V,S64F	-1.7620773166229073
S77I,Q90E	-0.704467001320065
I56S,E76K,L85R	-1.083462593622027
T75P,E87V	-1.6276917380817113
S25R,E76D	-0.8492156622426928
D26A,Q90H,H101R	-0.8214932756972342
K4N,L39V,T41S,P43T,F69C,Q88L	-2.2653521754616404
L6V,A7S,T50S	-0.30905090327872986
E11D,Q90L,Q97K	-0.342923937910885
A20E,M73L,M78R	-0.415708293231556
I0M,S25I,Q72E,M73I,A91V,K96N	-0.6104432056437334
E12G,A15S	-0.5233929912375592
L39R,P81S	-1.79277334277552
E12Q	-0.41770198719224827
K16N,D23H,M73I	-0.7281825925551866
A7G,P34S,M93V	-1.1932301208871656
I0K,M40I,L46V,M93K	-0.7354307935780489
S25R,L79P	-1.8592742274308536
D23G,L62I,S77G	-0.5995818412407675
S48F,S98N	-0.5068739278072021
E11V,T75A	-0.9705243457231796
A15T,P28T	-1.3022887877228855
A15V,D42V,E76K	-1.5542885773987567
I13T,A20S,N70H,R94G	-1.5228910169581014
S77H	-0.5775116779742351
E11K,Y24S,E84G	-0.45652918691125866
V14G,T75P	-1.3925225061589788
A15E,Q97H	-0.10049918003577962
L39V,Q88L	-0.5973656432711432
L6I,M40T,D42Y,H101N	-1.8055221428378072
M40I,V82A	-0.8783909124413105
E87V,S99R	-0.7223894248045613
V51A,E76K	-1.2382281112315374
F3C,E21G,L74V	-1.591786440345221
P81R,Q97L,D100N	-1.057357186575882
I22M,Q72H,H101R	-1.2301783693027168
T75N,A91V,S99R	-0.6575355862362523
T41I,Q72R	-0.5860561910468906
D26Y,T41S	-0.9135589504242286
S64F,K86T	-1.2843945535804342
K4I,A18P	-0.5770168965034804
N63I,Q90R,H101Y	-0.5906964417673666
I0L,A91T	-0.6622477035139988
N70I,E76D,Q88H	-2.2312621257230254
S25N,E95G	-0.07200989674333622
N17K,M78L,E80D,E87K	-1.043220182222468
I0M,D67N,Q72E	0.4406561562224608
M36R,M93L	-1.4311681978829802
E12A,E95K	-0.3733819975913547
P43R,V44M	-2.1820933280848305
K4N,S98I	-0.44215112014231905
E12V,D26A,P65A	-1.012344343016536
I22L,N63I	-0.3816807933292141
A20E,N70D	-1.2631540483254746
S48A,H101Y	-0.07588646248899969
S25I,K96I	-0.04186376667457785
E76K,S98R	-0.7921098402563447
E1V,L6H,T38S,T66N	-1.3257639738358047
D23V,R32T,M73K,E76K	-1.27457967371902
A20S,T66A	-1.5778838634173395
P34C	-0.9555119749730063
M36I,E80V	-1.0452049137930564
V10L,P43T,Q97K	-1.8043817339320507
A18E,E21K,F69C,I89F	-2.0704126994136756
E11K,M93R	-0.43639491462691593
D23A,M40L	-1.584411117326193
A7G,Q90L	-0.25558319454302675
E80Q,H101Q	-0.33614927668759575
P47S,L79V	-1.9716614087021118
E30D,T38S,M52I	0.8657453500826477
L85V,M93L	-0.4729087079195171
I22Q,D29V	-0.6738500035283712
D67E,F69L	-2.4886970505543244
E12K,V14M,E30G,P68R	-2.0102344234073968
E1D,L74M,I89F	-1.8203749040997226
M78I,Q97K	-1.0528523949954498
K9Q,E12K,N17Y,A18T	-0.7776971925476123
E8V,E11V,M52L	1.2937283843466663
D26A,F69V,S77G	-1.7865012942168086
D29A,V82M	-0.6590394274772228
S25N,E30D,N63D	-0.6584674030525186
I89L,S99R	-0.9592750383410202
A7T,I13L,L79M	-1.0158251359329034
R32K,R59H	-0.5868889031493533
P65S,Q88R	-0.3316572512829368
A15P,D42E	-0.5870264307913382
M78L,Q97H	-0.608663306737187
A18V,M40L	-1.0521911335745966
V10G,S99C	-0.4289396091322601
V14L,T41N,N63Y,E76A,D100G	-0.5004564196826626
L5I,D100Y	-0.5542527305167303
K16Q,I89T	-1.1734559451434703
L61M,T75S,K96Q	-0.45065355756826403
A15S,R71H	-1.7509405111833394
S77G,H101R	-0.33393755257838054
E1K,K2T,E21D	-0.567090384727924
V10A,F31Y	-0.20246678049716238
F69C,L85P,S99I	-2.33485434449672
V10E,K96E	-0.15706919874330005
L74Q,A91T,S99G	-1.9015184026759102
R71P,M73I,A91S	-1.8174780403416926
N63Y,Q88P	-1.0427100056415146
L39R,M93K	-1.6687358985030682
D23G,P65A	-0.7351408718545299
E11V,K16T,Y24H,S99N	-0.669294333250992
A7V,P65S	-0.49386788126984993
I89L,M93K,S99R	-1.0583260667442667
S64Y,M73I	-1.0498654499613786
F3I,A15G,S25T,L79M	-1.0687593449339388
L5V,R94S	-0.31823662837784683
S25C,R71H	-1.5221198823018443
A27V,L39P	-0.9317320261957174
I13V,A18T,M78I	-1.0427036508127927
N70T,E80K,A91D	1.336575359701746
L6I,M40I,D100G	-0.7240999804314274
D23E,E80V	-0.15391376003649865
V14M,D23V	-0.7515897738841764
K16M,T50I	0.16401480297854903
I13N,S99R	-0.6123661370511966
K16E,S64Y	-0.8570357911515817
F3L,A15T,R71L,E84G	-1.5175152148083142
R32K,E76K	-0.45011988969577993
K16T,D23N,T38I,M78T,I89L	-2.007077176445013
I13T,K16E	-0.09161863808400707
Y24D,D29H	0.09281690843766471
S25T,R32T	-0.8339489588555381
K2N,E87D,Q97H	-0.29720821055718233
Q72K,S98I	-0.5378416117774458
I0L,N63H,R94G	-0.9706469491976659
T41P,K96Q	-0.9518686848133575
W92G,M93K	-1.8478327935785526
K9T,S64A,E87K	-0.8759172507438582
A15V,Q90P	-1.7856723953611853
I0R,E12V,L61M,S77G	-0.6332115190664714
D29A,N63K	-1.5721218231378848
K2N,P28L,M52V	-0.440308792349261
I0L,L62V,E84G,D100Y	-0.736844824669383
A7P,V10L	-0.4444797349644529
K2Q,E12A	-0.8579596745340392
S25G,P65H,S98R	-0.5541755212766182
N17E,S99I	-0.27758406841929917
S25I,Q90H	0.011620045127631845
R71C,A91P	-2.264867427087247
I13N,Q72R	-0.6809307415246633
M36I,D67G	-2.3451814474046935
T41N,P81A	-0.5973458087120123
E1K,R32K	-0.03313676121618557
E84G,Q90R	-0.5020165300069145
D23V,H101D	-0.874176726990204
Y24C,E76V,E95D	-0.8431218370915851
S25R,D100G	-0.6861190647303819
P28A,M40I	-1.4877971251263
Q90L,M93T	-0.22742644050014527
D42A,E80K	-1.1964135531259836
P81L,D100V	-1.634210455922375
K2M,T38A,M73L	-1.5298947692749958
N17H,Q97R	-0.5341688053253939
Q72E,E80K	-0.9362178504838673
N17S,S25I	0.10644280346259977
A7G,P65R	-0.5905860198273999
D23E,D26G,L74M,P81L	-1.822385058925009
P81R,V82L	-1.0597484813704496
K9I,E30V	-1.0598262388802884
A20T,D33G,H60R	-2.1333367811881168
K9E,P34L	-0.8515952289601713
R19W,Y24F,P65S,K96N	-0.10100350388255414
V14L,I22M,M73L	-0.1496132274340371
I22L,M36L,N70S,P83L	-0.693936365475086
E8Q,D29A,R94S	-0.701115342400173
I0L,N63K,F69L	-2.3056056949319363
E11D,A18V,M93V	-0.023270631746771
E1Q,D26Y,D37E,E87D	-1.4683515510902707
V10A,S25R	-0.49128713876114044
T66S,K86Q,Q97H	-0.7734103788832104
A7S,K9N,H60R	-1.4273704716184892
L6F,E11D	-0.23161374035835666
V10L,S99C	-0.4673751798325498
V51F,K86Q	-0.7699426969477127
S25N,T38N,P68L,M93V	-1.8686785085980362
V14L,A18V,F31Y	-0.3697369592974573
D23G,D100N,H101R	-0.6605594020144985
H60Q,F69L,R71H,L79M	-2.7389910946427563
K4N,A27P,L35V	-0.3291625951731374
D26Y,N70K,L79Q,R94G	-1.7661293611512745
E21Q,A27T,D100E	-0.5648402731336754
E21V,D23Y,T41S,M73I,E84K	-1.1590522305669784
E12A,A91T,E95D	-0.5058905509231458
M40I,T66S,E84G	-1.1839981956413586
L35V,M36L,R71L,S77R	-1.4166175875748286
A18V,P68H	-2.2036536933383712
N17D,E30V	-0.3695202454051537
A7S,V10L	-0.34866546518611874
T38A,M93L	-1.116271451964334
E30K,R32K,N63K,H101L	-1.4201996218603563
E84G,S98N	-0.4917222813188955
P68R	-2.537684379883549
A18G,S25G,M78I	-1.0195648712830212
D26Y,L35R,P81A,V82G	-2.029983522208896
A15T,A27D,A91S	-0.9639921684838436
L35V,L79Q,L85Q,M93R,D100N	-1.8943983163125904
D29A,P65H	-0.7917320549468242
I0M,L6R,M52V	0.8820081178891696
A7T,E8D,F69L,M78L,E84V	-1.6850171729371632
Q72R,Q97K	-0.6145502987598398
V14M,N17I,A27T,F31I,S64F,P68T,T75N	-2.2881772922641375
V14E,A20S,M73L	-0.11526239408173095
E8D,R94I	-0.467811622864708
A18G,M40L,Q90P	-1.8824679545927638
K2N,R19W	-0.15293361085999713
D33E,P68T,E80D	-2.4632717157480957
A20T,D100H	-0.54011033982278
D29H,E87A	-0.907348594550838
V10L,I22R,W92L,K96Q	-1.2185784769750652
S25R,D42Y	-1.4732204739151142
K4Q,T38I,K96N	-0.7644387831410919
I22L,D26E,T38S,R71G	-1.8215480524482188
I13M,M36I,E76K	-1.3315513954744032
D23Y,M73V,Q90H	-0.4485715108734773
K9E,M40L,T66S	-1.0945454371390722
M52R	-1.8536862934735967
D23G,P34S,R71G,S99G	-2.0752320056568903
L5P,I13M,V14G,D37A	-0.6344438977115421
A7P,M36L,M73R	-0.028176563815972333
E30V	-0.35583682952653284
A20S,N63S	-0.8219202953957233
K96Q,S98N	-0.1859848014293986
S64Y,R94I	-1.1937035630897026
F3S,E12V,L62H	-0.32132339672714577
E8D,N70D,A91T	-1.4663865645309042
D23N,M52I,Q97E	1.0753355774344138
T41P,V82A	-1.3451435362108577
E8Q,R32T	-0.8626208857492677
N63H,H101Q	-0.7383231268756576
A18S,E84A	-0.44490995445370457
N17T,S25G	-0.09131658266911155
I13V,A15S,L85Q	-1.104088235962933
E1Q,L6P,S64A	-0.9128957303031191
A7T,S25C,L61M,S77T	-0.2503661736233187
D37A,I89S	-1.7491065848345118
K2N,K96R	-0.13240358301687302
K9N,T41P,A91G	-1.0702573980099364
T38I,V82A	-1.059281734921347
E21Q,E76D	-0.9072318961717326
E11V,R32S	-1.3252017595823644
K16R,N63I	-0.5506800492988362
K16R,A18P	-0.3688924436536367
F31I,E95G	-1.5441231742405352
M36R,W92G	-2.2582650072625583
K16Q,M52L	2.2815610039228913
K2M,Y24S,M78R,M93I	-1.0857952828343382
E21K,M36I,M52L,P81S	-0.21229957205009586
S25I,M36L	0.3225523220805319
E21D,M40L,L61M,A91T	-1.1629600560537252
N63S,S99N	-0.8422002730623289
T41I,E87D,H101Y	-0.344488078139467
I0L,L39V,M78T	-1.250004017145524
K9N,I13N,S99R	-0.3693007531215624
N70H,P83S	-1.9785519332018937
T38I,M40I	-0.9700086457504851
D29E,P81Q	-0.6355648725880523
I13M,R19L,Q97H	-0.08407725923985887
L35V,E76V,S98N	-0.4667403901460594
A15T,S25C,D37V,E95G	-0.22934568657958565
S25N,E30D,M52L	2.1340772553246623
E1A,E84D	-0.8219536871412796
A7V,S64C	-1.4901213598618774
I0L,E11A,E12G,S25N	-0.49894680634178656
T75S,M78T	-1.2637975986223733
E11V,M36T,L61V	-1.4324062504965702
E1K,A7V	-0.2842240723177681
F31V,L39V,E80V	-1.5015398592064297
A7V,E12D,S77N	-0.3940958750584638
N63D,M78T	-1.5000858841982132
E21Q,Q88L	-0.9719481920939115
A27V,L79M	-0.9045629268547624
E8Q,M52L,L85R	0.45563941534597513
E21D,P65T,S98C	-0.9034820788717339
I13M,K86T	-0.6507170692242138
E76K,R94G	-0.7307294323759528
P47L,D100A	-1.952996380850097
M40L,V51F,Q72V,W92C	-1.8753887939540022
K9R,K86N,Q90L,R94S	-0.7506288464186742
K2N,Q72L	-0.4669060566219586
P43S,R94G	-1.8147686216580858
K4R,Q72H	-1.5079344956410206
E76K,V82G	-2.0886151864441143
S77T,E84G	-0.7287345719659793
M40I,P83Q,E87D	-0.8631223637767964
K2T,E84G	-0.8552521205082126
E80V,S98I	-0.328562686115988
T66S,M73I,D100Y	-1.0573782814569783
V14L,A20V,M40I	-0.5993338423385213
N63K,E76V	-1.6872012424673808
R32T,S99G	-0.8651333664453167
S25A,E30D	0.08877199874926049
L39M,M78L,E80A	-1.0925959446894866
A7G,F31L,M40I,M78L	-1.58162417470583
M52T,D100H	0.24864661723135445
D23H,P68S,N70T	-0.6384147082010079
F31L,Q88L	-1.3516551481342363
E30A,L79P,V82E	-2.0392121509231664
E84D,D100H	-0.5672968785247463
N70S,M78L	-0.9079989684982736
L6F,T75A	-0.5428083454694332
K9N,E95G	-0.3434026246093568
P65R	-0.5327021531839466
V10L,P34T,T75I	-1.7294907324568913
E8D,N17D,M36I,Q97K	-0.8376220589210541
E1D,I13T,Q72H	-1.4394474560906998
I22V,N70Y	-1.799599842863175
K4I,Q88P	-1.6026192243659778
K2Q,Q72H	-1.7840137989543359
I22L,H101R	-0.1677430385477353
E12K,M36I,E87K	-1.2353252068898026
P34L,W92R	-2.110606765799999
S77G,S98G	-0.30490767857533413
E30D,D100G	-0.3779959758946551
K4I,Q72K	-0.6324232283059936
A7E,I22T	0.1067735639758843
L39M,T41S,Q90H	-0.6853828510675868
E30A,K86M,Q90H,Q97L	-0.9434943047949613
E1Q,T75A,I89V	-0.7888753307559592
I13V,D67H,S77I,E80K	-1.844078248893072
T38I,N70T,S77G	1.0235340916292972
E21K,F69L,S98R	-1.9986822249002092
E8Q,S77R,A91T	-0.7337108914738177
F3C,H101Q	-0.5179263294713762
I0T,M52L	1.8709010098496615
I0M,D42Y,T66P	-2.375383415748609
D23Y,T75S,E95D	-0.6039274600748923
Q88R,S99C	-0.339297357499348
Y24D,K86N	0.1995703126805523
M36I,K86N	-1.232282072708732
D37A,S64F,S77N,S99G,H101P	-1.4995505401941238
S64Y,S99C,D100H	-1.3303476934137044
E21G,D37Y	0.39091928567263756
A20P,P65L	-0.7696308821322602
Q88H,E95A	-0.6506814256385975
K2N,A7E	0.06129340113424195
I22V,L62I,S98I	-0.44213518558548676
E1G,S77N	-0.6568896013368984
L6F,V10L	-0.36288011318108354
V10E,M36R	-1.2248398797484437
V14G,A91P	-1.543155330634976
K16T,D26A	-0.6226256893862018
E1K,K4Q,R32S	-1.0852528732931952
T38I,M52L,T75S	0.8043088541820077
L79P,P81R	-2.174194170340829
K16M,A27V,K86M	-0.5223228606150674
Y24D,D67G	-1.3430391632461491
E8G,E21A	-0.8103031475021487
A20G,M78I	-1.1701861680674628
D26G,L61M	-0.5639336808267414
A7E,K16E,A27S	0.14510985995120765
K4R,Y24S	-0.3579289655959745
I0M,T41N,M52V,Q72H,D100N	-0.30446849808381304
E1A,I89V	-0.7536553997578843
A18P,S98R	-0.6019618586277485
N17D,M40L,M52L,Q97P	0.6280434495296934
K86Q,W92L	-1.258252146593997
A7E,K86N	-0.1911922200973311
V14L,S25R,M73I	-0.6633457083660339
K4T,V14A,T38S,V44M	-1.31283092999267
K2N,D26N	-0.4944655112461861
E95A,K96I	-0.6487444469886606
S77C,M78I,A91S,H101D	-1.2254805924666918
A27S,T41I	-0.4310902539241975
S64Y,E87V	-1.1855966861903804
D26V,T66N	-1.4928779620049626
P34L,H60L	-2.4323707187686496
K2M,K96Q	-0.7333504574985175
E11V,P43A,V51G	-2.327747790346346
V14M,A91S	-0.378590275479754
Y24C,F69Y	0.47148995880995226
P34A,L39P,D67G,W92R,D100A	-2.675724734689374
M52L,Q72R,D100N	1.776440196422
E21D,N63D,L74R,Q88R,M93I	-1.7195222831206747
R19W,L62I	-0.02828079612188498
D26H,D100G	-0.9861065599058603
I13S,R32K,F69L,S98C	-1.407451587680764
E1V,A27V	-0.3795004003634572
I0V,T38P	-1.968983059670723
L5I,R32K,I56V	0.12773554225503503
M36K,R71H	-2.1652699952356587
Y24C,E76Q	-0.6490504064553728
K2R,E76D,D100N	-0.9678077188009236
A7V,L39Q,V82M	-1.3501064700449434
L5F,M93T,K96I	-0.36925479848797865
L5F,S25C,D26A	-0.5546724893659283
L6V,N17S,R71H	-1.5938967040193661
A7G,D23G,E87K	-0.5750451644425739
A15T,E30G,S99N	-0.6486440322597498
E8A,L35V	-0.12891791774783706
E8G,E95K	-0.449768851278451
R19G,E76A	-0.45436946458881855
E8K,R19G,S99G	-0.3684527199845413
K4E,P34R	-1.5779369789721867
K2N,S64F,Q88P	-1.6633365668294515
K9E,R71H	-1.4104501570301073
L5H,D23N	-0.7616922330253835
N70S,P81L,M93K	-1.8139868630462455
E1V,D26Y	-1.053536638179735
T41I,T75A	-0.6098105628344412
A7V,K96Q	-0.15757567870948383
A7V,D100V	-0.6144682019475651
A15P,K96R	-0.15982536211986972
V10M,I22V,T75A,S99N	-0.6795845788951543
D26A,T38I	-1.0850233563068643
E21D,T38S,M52V,P81S	0.377597990006354
M78K,E95V	-0.8317420896966089
R19W,D42G	-1.309251055125348
E1D,V14E,A15E	-0.17139171512915363
D23E,S25N,M52K	-1.1881860750080493
L6I,E11D	-0.3100360477358767
E84D,Q90L	-0.3609382895472327
L5F,I22R	-0.28975826895229573
I0R,E12G	-0.6167114398686893
R32G,H101N	-1.7042898651360952
D23E,N70S	-0.38099485493488733
D23N,D37A,N63D,S99R	-1.226739996850223
K4Q,K16N,T66S,L85P	-2.124220598697005
A7E,A91G	-0.06515013872306821
I13L,T38P,K96Q	-1.7868400185308921
A20E,P65R,M78L	-0.44606154366270556
E80K,M93R	-0.35932197934664356
M73I,I89N	-1.7416272254325622
M52L,R94S	2.1669380278551715
E12Q,S55T,K96I	-0.7671231693560439
A91T,S98I	-0.4642993981408772
K16N,N17T	-0.20001896235761174
K2T,R19Q,L61R	-1.6287009351930708
E12A,V14A,E87K	-0.42640777561444065
L62R,R71H	-1.3803156975823208
A7P,L61Q,N70D	-1.8103339548767514
R19W,E30V	-0.2153275196613904
S77G,E87Q	-0.29424068469363146
F69L,R71P	-2.5832599492250186
I0K,V82A	-0.7453261350281147
I0V,N17I	-0.8255330909885714
Y24S,D26G,L61Q,E95D	-1.445949476253406
R32I,H101P	-0.8107458474596559
L5I,S98T	-0.31183645654263203
I22R,D100A	-0.5634230832833058
E8D,E11Q,P34L,L62I	-1.0776336743573733
V10M,D100E	-0.44931431710643516
I89M,D100Y	-1.233283970240842
K2R,R19G,E80D	-0.6509516969722062
E11G,L74V	-1.40468550150506
L5P,D29Y,S64A,T75I	-1.412058458738104
E1K,R32S,E80Q,S98R	-0.9721836757111849
P34T,E80A	-1.6578815414172092
D26V,E95Q	-1.0690175516077942
P47L,L74V	-2.245477732868594
R32K,D37V	0.17139216149869946
I13L,K16T,D37N	-1.0459490584438869
F3V,E12V	-0.6606326909023469
R19G,M36V,N70S	-0.8369048123744108
I0L,N70K	-2.1342891383614466
A18S,A20V,K86N	-0.5285263780688323
L39P,R71G	-2.0112711612613223
V10G,M40T	-1.4676805205250536
E21K,Q90L	-0.8716136659146262
Y24H,E84G	-0.5295454294628497
I0K,I13M,D26E	-0.5813177997444836
S55T,N70K	-1.9657934732696438
A27T,T66S,M93V	-0.6163551166423069
N17Y,R19Q,A27T	-0.08762746598005605
L6V,P65A	-0.4410618590617802
N17K,D37A	-0.840153983424708
L35V,K96N,S98R	0.10053824432040132
P83S,Q90R	-0.43110519398755814
L39Q,A91T	-1.5090310993941383
R71H,P81L	-2.509858025878135
M52I,Q97L	1.4274059228725573
R19W,T75I	-0.4041647273193558
K2Q,R32I,N70Y	-2.3789724062200186
V10L,E21D,D23E,P28S	-1.1964054949301444
K2M,E8D,P81L	-1.7942738247992573
N17S,T41I,M93V	-0.08379246354203625
F3S,Y24C,D42Y	-1.223810566716542
A20G,P47L	-1.8390107330537933
L5I,D29A,E30D	-0.5072829164787744
A15S,M36I,E80K	-1.0695424278887407
N63T,E95K	-0.8076787782919953
A27D,R32G,V44G,Q72P	-2.4055844015900787
R32S,N63D	-1.5510634396816823
F3V,S77N,K96N	-0.22018447213621933
L5V,E21Q,D37G,M73K	-1.4678775200386172
I13N,R32K,A91D	-0.22934816728656002
A15V,D23E,S25N,P81T	-0.42190294953125174
P34R,L39R	-2.428574356815269
R32K,M78K	-0.49599424616861654
D67G,R71G,K96N	-2.00521455621342
E80K,I89V	-0.43504353751656455
A7G,M73L,S99T	-0.38487372972322703
A7P,S77G,K96E	-0.2244239247285415
A15S,F31L	-1.0952182600741631
D53E,S77N,E87V	-0.9562429749677643
V14M,S25T	-0.24175571463345275
E11A,Y24S,M73I,S98G	-0.5856421661659665
Y24S,T75I	-0.5915240396192876
A7G,K16Q,D23E	-0.030172874370047356
I13T,M40I	-0.5674428530908914
E8V,K9R,S99R	-0.7179138945552233
L5R,I89F	-1.4921775831440405
D37N,E80V	-1.1081167613070302
M40I,P65R	-0.9001432898303345
S25T,V82E	-0.38798091967348314
K16R,L74R	-1.8975859185467894
R32S,N63Y	-0.661249989810569
A15E,P81A	-0.2603194171351627
T66N,P81A,Q97H	-0.9992554629126803
D23E,Q72G,E87V	-0.8662171397687819
M40L,L61R	-2.121068604949531
I56V,D100A	-0.16559440212036267
T41P,S98C	-1.158868155270738
A18E,D42H,E84G	-1.1012953922728839
A15T,N17H,H101Q	-0.45364934302752463
A7E,A27T,V82E	0.047937459295331025
E21G,M36I	-1.3074542582897393
D26N,E80D	-0.6149063274994173
Y24D,P65R,I89L	-0.2886230737411598
E8G,V10L	-0.5991139772504381
N17H,P65T,N70H,V82A,E95G	-2.44273481427254
N17H,Q88R	-0.3246862265988145
D29Y,P68S	-1.9975766818031329
R32S,M78K	-1.384027407626881
E1D,N63I,Q97H	-0.6065805019900176
A15V,E80D,A91P	-1.6384354880085559
L5H,E8D	-0.5184413449130374
E11D,Y24C	-0.3022671237508003
K2M,P65T,Q97L	-1.1886214146041956
F69Y,Q88P	-0.9493792440981068
F69I,E87D	-1.64801519017227
S25C,E76D	-0.6119149113275333
I89N,S99N,H101L	-1.7182701604288266
S25N,P34S,M36K,Q97H	-2.2115025626071776
R19Q,P43S,Q97E	-1.4649630329452838
L35Q,V82L	-1.793734282353266
E1D,K96E	-0.37725710435525106
D23H,A91G	-0.8724036659215316
D23H,L79M,I89L	-1.7180447940567491
F31S,E80K,S98T	-1.598724777305759
V10G,F69I,P81Q	-1.6607243018165083
M52L,E84K,E95G	1.3706082623686549
E12V,M73I,S77C	-0.9177872413316573
V14E,A91T	-0.27214838486917314
A20P,D67Y	-2.0824160786681065
N17S,P83S	-0.45721364403719766
E12D,I22R,D67H,E80G	-1.9657664993583341
F31S,S48A	-0.9761894770029582
R94G,K96R	-0.1779199809782582
A15E,P28S,Q97R	-1.0964539389511434
M52V,H101R	1.487450751307454
R19Q,D26G,P65A,D100Y	-0.5036499115727651
D42A,V82M	-1.2010911790431116
E30D,D100A	-0.42218973471155197
K4N,Y24S	-0.23887359434004385
M36I,V82A	-1.3723390834304807
A7P,K16R,S98R	-0.3733368573008267
A7T,D26G,P43T,M52I,T66P	-1.3077151103953526
D42N,S77R	-0.8778159761874879
Q72E,V82A	-1.2653207118925256
D26E,Q90E,K96N,S98T	-0.21601235033772137
P34T,L79R	-2.513581453374435
F3L,E76K	-0.71584855361313
D29H,T75S	-1.005647831650734
T41S,P47L	-1.8945943510349572
A15T,M78T,E87K	-1.140994580158081
M36T,R94G	-0.5904044472996514
E1A,K16N,E76A	-0.9024633760074281
A20V,M52L,P65L	1.3275944276753744
Y24C,M36V	-0.6222182780243082
F31V,D53E,F69Y,M73I	-1.168111117594086
K4E,M36I	-1.1271019699457328
N17Y,E95K	-0.5454915217580294
E30A,D37V	-0.21010545052060375
N17T,D33E	-1.7847963311495838
K9R,N63I,S98T	-0.6143745555215293
T66P,L74V	-2.3862424797071995
T50A,E87K	-0.7514020618209054
I0R,L39V	-0.416394177717987
I0K,W92L	-1.351496589961762
A15E,Q97K	-0.18408718063005264
E21K,H60R	-2.0914853838540823
Q72P,S77R	-2.12245259592504
F3L,A20T	-0.2582543846684614
K2N,E21G	-0.6037279675328667
A20E,A27T,N63D	-0.4132684897055698
K86M,E87G,D100Y	-0.9323578869436646
F3Y,A91T	-0.4288424297109127
R32K,W92R	-1.4484757040034362
E1A,L74M,T75S	-1.4717849743747478
A7I	-0.09538471729529002
F3V,P68T	-2.024640739961293
I56N	-0.5075642334345898
K2N,M52K,Q97K	-1.4959102684045391
K9T,V82L,R94S	-0.513187002967835
T41A,L62V	-0.23885251520437883
L61V,Q97E	-1.2393735178336527
E8K,A15E,T66P,M78T,H101P	-2.218867233257976
A7E,W92L	-0.9371430582732722
A18P,E30D,L35V,Q97K	-0.3082555523659348
E8D,I22K,D23H	-0.7998434257965381
E11K,V14M	-0.45964510096296995
M52L,L79V	1.3645999590185172
A18G,Q97K	-0.41002400923830357
D23V,D29N	-0.9861042365631645
E11G,R19W,S64F	-1.0344907157485674
L39M,S77C	-0.843779092700634
E1A,L6V	-0.8212036215166174
D26A,M73V	-0.6131998949058637
D26G,V44M,K96Q	-1.1957240266808715
L6H,N70H,W92G	-1.8717358512144735
A7T,E21Q,P28T	-1.403636558227612
E84Q,R94K	-1.7782030432995588
V10A,S99R	-0.5077061600919532
I22V,R71S	-1.6865385473285328
A15G,T41N,T75N	-0.5280599087250598
E1D,S64T	-1.1833392915795429
R32G,Q90P	-2.401683997618792
D29V,W92L	-1.4740806006808786
L5F,N70S	-0.41719230258743667
D23Y,M52V,E84A	0.41236068430732387
E1Q,S77N	-0.6133325588992772
S25R,R59W	-1.786022179872818
M73R,K86N	-0.4561784618943353
E1V,S25G,A27P,S77R	-0.8531885316209517
K16M,Q88R	-0.22361995557701864
D23E,D37H	-0.7555795988040406
S25R,H101L	-0.6229970593532148
L61V,M93L	-1.1040222699117817
E8G,A91D	-0.46000542668808714
E87A,E95A	-0.40820435687578194
M73I,K96R	-0.14878598602838145
E1K,A15P,N17S,I22V,Y24S	-0.34101542872915425
R45K,E84D	-0.3067910567470891
E12D,M52V	1.477456452558735
I0L,Y24H,R32I,D42N	-1.4183065485706363
E12V,A91D,M93L	-0.3881023216263424
D42H,M93T	-1.1559810270762902
K16R,E80K	-0.3112865264428161
L5P,V14G,D29N,M52V	0.6539592024600509
V14G,M52I	1.618481342787587
L5I,S98I	-0.3559482524151854
K86Q,K96I	-0.561270133395235
E8A,V82M,K96N	-0.2694471209969957
M78L,E80K,M93L	-0.40382954540142324
V82M,E95Q	-0.4806166966991341
R71C,Q90K	-1.7236427324375139
T41N,Q72R	-0.6666117888521605
T66S,H101Q	-0.8532733914117051
N63T,M93I	-0.6373860138082194
S48T,S77R	-0.7202251981512358
K4R,D23N	-0.780887092434991
E12K,N17D	-0.412670138758156
I13V,V14M	-0.4035782023490665
R32T,Q90L	-0.9071382749405046
K86R,S98R	-0.37548282778805175
F3C,E11V,F31L	-1.2620499782428913
L6F,V10M	-0.26767754370973207
A20S,E76D	-0.6566851965730411
I0V,S64F	-1.2763794562922013
N17I,K96R	-0.37287406892794617
V14E,D26A,S99G	-0.5808384015031464
E30A,D100H	-0.6618877188915815
N63Y,P81R,W92R	-1.5350799018296808
L5P,R19Q,P65L	-0.4319310704246711
L62I,K96N	-0.07124112406289428
W92C,S99N	-1.6293122364218366
A15T,S98C	-0.3725834935032112
V14L,Y24D	0.6865590100815133
V14M,A91T,H101D	-0.4082222234590399
L6H,E8Q	-0.5612041023266523
A18G,D26A,I89L	-1.2656965619811438
I22V,P81R	-0.8826943918253479
E80K,L85Q	-1.2319179649378496
D23A,S25R,E84G,A91T,E95K	-1.022218667338754
K2Q,E8D,S25R	-0.966985465759347
Q97E,S99R	-0.5131296930478466
S55F,F69L	-2.1367439339412613
V82L,M93V	-0.16106522234415122
E1G,M52V,E76Q	0.7649442395607771
I13F,L85R	-0.8995448181733262
K16N,R32S,M93R	-1.0447007326129147
A7E,D29Y,E80V	-0.4210568355849883
K2E,N17D,Y24C,T75S,R94S	-0.7539758675270549
H60Q,T66S,H101L	-1.9951085919811617
Y24C,I89S	-1.5182250205291796
K2R,S25T,A91D	-0.6311779634901208
N70K,P83L	-2.2041709990084355
A91T,M93V	-0.09379228199821117
M52V,M78I,Q90R	0.24662935912880926
E11A,A15T,A18T,D67N,Q72R	0.5079776959098321
S64F,R94S,S98G	-1.1351071176754892
K4R,A18E,E21A	-0.539436389936638
D23E,A91P	-1.3562155030745955
R19W,D42H,H101Y	-0.8667579251240032
E80K,K86N	-0.6358524180112122
I0L,D26A,I57T,D100N	-1.570653337388686
I0L,D23H,S25C	-1.0057939431143184
V10A,M78L	-0.6090164519010938
M52L,L74M	0.9981000770845958
F3C,L79P	-1.9450304941930332
K2T,L46R	-1.9060711836414237
M52V,P83A	1.2390158688206703
E21V,M78L	-1.0728684967953794
L5F,I13T,G49D,F69C,Q72E	-2.383082844987741
V14L,E76A,H101P	-0.6833365609354197
L74V,R94S	-1.2945640335892077
A20G,E30D	-0.34004196230996453
E1K,D37A,E87K	-0.49353818041210984
S25N,R54H,M73L	-0.5917968842350942
Y24S,E87K,K96Q	-0.29035302093512744
K2M,S99R	-1.0015353854205187
E1G,A20T,R71C,S77N	-1.7869609570936653
L62I,M78T	-1.1074850625646326
R32K,L85Q	-1.1133380411722704
L5R,A18V	-0.575464699859078
D23N,D67N	0.8426604385533857
R19L,P81A	-0.25094393332228304
M78I,S98I	-1.1785042136413795
D29Y,M40T	-1.7243888687137818
D26A,R94S	-0.7401791306675118
D33G,L46R	-2.3251725006521315
F3S,A7S,M78V	-0.7482191241777876
Y24F,F69C	-1.7819302445126546
E30A,I56S,H101Y	-0.4878912806433592
I0V,K9R,V82M,D100E	-0.7096860623674892
I57V,A91G	-0.8601538102808532
D23A,R32S,L35M	-1.988526921876654
D26Y,A27D,R94S	-1.1054047809976506
D37E,T41S,T50A	-1.4968149419287469
T41S,Q88R	-0.2771727590398263
E1Q,E30V,A91T	-0.8532785778097165
V14A,M78V	-0.9657343971136061
M78K,A91T	-0.8160289077456986
M36L,E95K,S98N	-0.06690948237936781
L5F,N17I,A91S	-0.49766835278207744
E12V,R94S	-0.594179339710156
K9I,S25N,F69L	-1.6820086179972276
E12Q,E30G	-0.7114127499203579
A15S,A20T,M93I	-0.09814521940077775
I13V,P81Q	-0.7839274869805598
R94G,E95Q	-0.4404309431098982
I0L,E8Q,S99R	-0.7773343522040803
M36I,E80D,M93I	-0.9965452180444363
V10L,Q72R	-0.7593151122569597
K9N,L61P	-1.5843818798578158
A15P,H101L	-0.4896050309620136
Q72K,K86N,D100A	-0.8002907594205886
K9E,I89S	-1.3739339223364277
N17I,M36R,I89S,S99I	-2.304477602988233
I13T,D67H,M78I,E80K,Q97K	-2.060037459723733
V10G,A27V,K96N	-0.020035370457651983
L5I,A18V,T41I	-0.23737083064881104
A20E,M52V,S77G,Q97H	1.7800449247553738
E80D,D100H	-0.6536244707988097
K9N,E11D,W92S	-1.4488746498775644
K4N,A27V,M40L	-1.056992470314428
P34H,S64A	-2.0718985103433964
D37A,D42G,E87K	-2.06403834752829
A18E,T66A	-1.3121202164720152
M36I,E80D,I89N	-2.0913614381695185
N17Y,V82M	-0.6434730634002286
I0V,Q97R	-0.6445216989451411
S64F,N70S	-1.2982547880940678
P28S,D37E,T41P,P47L	-2.6634929887981293
L6R,T75A,E95V	-0.6887426685624877
T66S,L74V,W92G	-2.207811547146787
D37G,M93I	-0.9669328567099329
E12G,I13F	-0.6251482077537207
F3C,R19G	-0.2731548590052092
V10E,Y24F	-0.15258980430156754
E21A,T38P	-2.0924973969644975
D37N,W92S,D100N	-2.03630815732736
E12Q,D37Y	0.5493234879338279
K9N,T66S,S99N	-0.781050122169355
V10L,D100V	-0.663254243589922
E12K,H101R	-0.472613342526025
S98T,D100N	-0.4859619017233918
K16E,E80K	-0.1385479420046443
D26E,D42E,M93I	-0.3600141038071038
I89L,M93L	-0.6871495118066874
E84D,Q90K	-0.40752951289539957
E1V,M36T	-0.7639271431079597
D67Y,E76A,P83L	-2.5069650105380883
M36R,Q72P	-2.60451123434963
D67N,Q88R	1.3363825164124292
A91T	-0.31513493496994854
M40I,L79V	-1.1662839146031347
Y24H,R45G	-1.2879151295248459
E8K,M36I	-1.1727386702199065
A7S,N17K,M93V,R94G	-0.2938653522500271
E1A,D26N,D37A	-1.1736944841105703
E11D,Y24H,P65T	-0.7431722986906492
L62V,P83L	-0.5102215277976844
M36R,N70S	-1.8750314049798606
D26A,L79P	-1.9428311897785846
K4N,K16N	-0.26618811286188976
E30D,M52I,R94K	0.35999833356388905
K2N,S99G,D100N	-0.45425902865059076
L35V,W92C,R94T	-1.3549547836621512
Y24F,E87K	-0.39751387034233215
E8G,R71L	-1.884783046722487
A20T,M78I,V82M	-1.1705308035129283
E1D,E12A,S25N,Q88R,E95A	-0.21662939889527183
T41A,S99G	-0.463773642042013
L5R,T66A	-1.6826399859617887
N17K,A18V,Q72L	-0.6676992237701178
E1G,H101Y	-0.5615338141320678
A20E,L35V,H101D	0.2324316588959292
K2N,F3C,Q72E	-1.0244894547324086
M52L,H60R,Q72L,Q97K	-0.6886718172682325
N17D,Q97E	-0.11157249903674665
I0V,N17H	-0.6608720787877851
A15T,M36I,S64F	-1.511576111055002
M52I,A91V	1.481447709197166
E11V,I89V	-0.6937958575501273
S64C,Q97E	-1.415567242035047
M73I,V82M	-0.40368348458909564
D26A,D100E	-0.7141544486338891
T41A,A91T	-0.4568213786365959
I0M,A20G,D29H,V51I	-1.202030720733915
M40L,D67E	-2.237079284956077
A27V,Q97P	-0.17055119254446685
I13T,D67Y	-2.047497090085301
P28S,F69L	-2.0736119489820473
L5I,N17H	-0.3949092431879534
E76D,S77R,K86N	-1.0622746936603977
D37V,T66S	-0.6317909832994412
I13M,N17S	-0.3901144568722281
I0M,L74M	-1.2211658963375467
K2R,H101Q	-0.666857739131386
N17H,R19L	-0.21166040870341996
P68S,A91T,M93L	-1.8004739980652578
E12A,I13L,D42G,L62I	-1.6560404544971439
A7V,Q97P	-0.39531806551929366
R19G,A20V	-0.1780848697947237
P34S,M36R	-2.383404543538192
K4N,K9Q,M52L	2.0572965660995433
K16R,P81Q	-0.7721055575185677
S77R,E84A	-0.5935382199121082
M36I,T38N,S99T	-1.4617780478701299
K86N,Q97E	-0.509592172048671
I22K,T75A	-0.6448177094782306
L6V,N17D	-0.1912327931123405
I0V,T75A,E76K	-1.1309252582846017
L39V,N70H	-1.6582496544841612
Y24F,E87V	-0.4981215777285712
K9R,S77I	-0.8956177616389456
E21D,Q88R	-0.13571344133396537
M93I,S98I	-0.16816544216277654
K9T,E12D,R94S	-0.3758047861199974
K4R,T38A	-1.3931394616689874
L62P,A91V	-1.0770430386805148
A20T,N63T	-0.8625165883441737
K16N,D67H	-1.9347164617614987
P65S,F69V,K86N,E95K	-1.735588678474757
T66P,E76K	-2.2351272264573487
N17H,L85P	-1.8390288957901075
A20E,E21D,M36V,M52V,I56V,Q90H	0.8624879846954583
S98G,H101R	-0.3584446327139428
K9T,T66S	-0.7869243111665628
D37V,M93I	0.179345847096424
N70D,L85I	-1.647705507524299
V10A,D23V	-0.751801274344522
D37V,T41A,A91S	-0.2405144620023038
K9E,P65S,E95A	-0.3248744058928481
E12V,S25R,M52V,M78I	-0.18329925480065995
K4T,K16Q,D37N	-1.0512961214552328
R19G,M52V,I89S	-0.716996278244132
R19L,I89L,Q90K	-0.5863630063016296
E11V,P34A	-1.7224513092992773
I22T,E84V	-0.4445189129786297
K9N,E95D	-0.273904362366775
V14E,L61Q,E80K	-1.3717853593492306
E11D,A18E,S25T	0.011628566477454026
K16M,A27S,Q97H	-0.3972176238027126
K2Q,K16Q,R94S	-0.7837626779594997
Y24S,H60Q	-1.4957966606855788
N63K,D67A	-2.4020238656504618
V14G,A15T,S25I,T41N,M52K,H101P	-1.3314915721401666
A7V,D29V,D37A,Q90L	-0.9802571404232673
E12V,T66A	-1.7083456950298475
N63T,M73L	-0.7986955313453415
N17T,P47L	-1.7913869880635505
Q72H,E87D	-1.4328398504693494
F3C,E12Q,T50A,F69C,T75S,S99T,H101P	-2.130098045285984
N17I,M52L,P65T	0.8342034585881254
P34A,K96I	-1.4695380718329498
N17H,D37Y,Q72H,S99R	-0.7136382236008485
I22M,E76K	-0.5230838303463458
E1G,D23V,D26H	-1.1691409764518141
K2T,I22V,D26N,R94K,D100V,H101P	-2.1370582154744655
I22L,R45K,L46M,G49S,M52I,S64P	-1.407521831136967
S25T,M36K,L74P	-2.099333731876828
D26A,M73I,E95A	-0.8166841077076055
A27S,M52T,E76V,M93V	-0.1087147675869736
K16Q,H60R,M78V	-2.0443313505406215
A15T,P81Q	-0.729814225952348
L39R,S99R	-1.725618187877492
K2R,D26E	-0.6672032060180779
Q72P,E76D	-2.3130763260022027
E12K,P65H,T66N	-1.1508274482669139
A18V,V82M,K96R	-0.2909257294836805
S77N,L79R,I89F	-2.035545018850762
K2N,I22M	-0.1282633740827784
K9Q,S25R,V82E	-0.7332164770437835
A20G,P81S	-0.49833985789357904
K2R,I13V,E21D	-0.5588380824847063
L5T,E12G	-0.515961400136417
A7V,T66I	-1.4044031467371374
V10L,N17I,R19W,M36L,S55T	-0.5203439444509745
D23Y,P34H	-1.4622257016335203
Y24S,L79P	-1.6542960321202875
T41P,E84D,Q88H	-1.2835085851934211
E8D,E76D,S98N	-0.5387685564316034
E12A,P65S,I89F	-1.4462994654940058
N17K,D37N	-1.2329561095251524
Q72R,K86Q,S99G	-0.5441539714485841
Y24D,M78L	0.4176897143899953
A20S,S25C,D42H	-1.050242009194401
M40V,W92S	-2.0609461899038823
D23E,E84K,D100A	-0.34469245781635943
D23E,M78L	-0.5397144393953506
I22L,I89L	-0.7080728000842418
E12D,D37E,K96Q	-1.013878456475985
I0L,K16R	-0.5332416821381685
A20P,P65R	-0.562456306989323
L39Q,E76A,S98R	-1.566614966267796
D67E,P83L	-2.213571412138974
L6F,Y24K,M36L,H101Q	-0.44055506074554307
M73V,Q97H	-0.17446020461172088
P68T,E84K	-2.0059700102511044
L5F,N63I	-0.3646944734704627
P28T,Q72L,M93V,S98N	-1.2614480378964337
V14A,I22M	0.003703181458624088
L35V,M52L,S77R,M78I,M93I,D100N	0.6448385616520368
I0L,A7V,S99C,D100Y	-0.9469433872282471
I0T,H60N,R94I	-1.9230503334650049
P34H,P65A	-1.85803353682831
H60D,L62H,I89V	-1.227764770069696
E30V,R32G,W92C	-2.1880294388710264
L39M,S98N	-0.47604203803830486
V14G,A20P,M73L,Q97L	-0.3911705233519713
E1D,K9N,A27V,D42N,P81Q	-1.0879672294149905
D26G,P65S,E80V	-0.7874806206727352
E12D,I89V	-0.4009212373892973
K96T,S98N	-0.2778136877247072
I0L,L6V,E8Q,A18T,L79Q	-1.6963597172116816
R32S,P65L,S99N	-1.4134339329513341
N63K,E84G	-1.4988858615620126
Q88P,I89T	-1.8866118026260872
E11V,D26V	-1.2508103731393834
F3V,D42A,L58P	-1.853031658087306
E21K,Q88R,Q97H	-0.7366200075495267
A20G,E30G,T41A	-0.9436004367163032
L58R,K96I	-0.7079231973683211
A15V,P83S	-0.49417720778262075
I13N,R32K	-0.2099447408118401
L79R,K96T	-1.7351284002883425
I0V,L46M,K86R	-1.0915234522253603
E1V,D100V	-0.8010972059252639
K9E,I22T,M93L	0.13390486436434618
I13L,A91T	-0.4788613396990189
S25G,V51I,V82L	-0.2559784461635445
K2M,F3I,D67E,L74M	-2.129533804002225
Y24F,I56N,R94G	-0.5556616676336452
Y24S,M93T	-0.2037569051342645
D26A,R71G	-1.8402817960659261
K9Q,A20V	-0.2572837661546635
I13M,L35V	0.05258541052514584
K2N,R19Q,R32S	-0.6904830109403907
M36I,Q97E	-0.9947509887336865
A7E,K16T,I22L	0.3174026484340829
D26V,N63I	-1.0298999842991743
T41I,D42H,A91V	-1.2620435838304043
E21Q,P34H	-1.99116979425844
D37E,S64Y	-1.5211719935727945
T66I,R71G,W92L	-2.4085494637476
F31S,T66I,S99G	-2.2680417491231992
A7G,D29V,Q97E	-0.6026438319038792
I89V,H101D	-0.4066884820274769
V10E,L39P	-0.6617883950634027
I22L,D23E,P28L	-1.141073623405619
A91T,D100E	-0.46959368546710034
Y24F,E87D	-0.1603896608635989
S77I,S99R	-1.0466640706732782
S25R,M36V,D37A,S99N	-1.040069419977062
Y24D,L62P	-0.4862062976662833
V10M,Q90E	-0.04352459485953512
M78L,V82L,H101Q	-0.8888197992151432
P68R,A91T	-2.1345226813823093
S25G,Q97L,H101Y	-0.28702150071168314
I0M,F31S,R32S,P34R,P68T	-3.3561866805543037
Y24H,R94I	-0.4942744336646428
I22M,D42V	-1.1681004870986202
V10L,D26E,S99R	-0.6282981561000124
P28A,T66I,S99G	-1.8684245444969727
A20E,W92L	-0.9899763117823525
N17S,D26G	-0.560361190543394
A18V,L62P,K96T	-1.1287326376992262
M73R,Q90E	-0.08789844708367511
P28S,Q97K	-1.1717708437652576
P83T,D100G	-0.5357015939056528
M52L,R54C,V82L	0.18019727003086744
R32S,W92R	-2.0092661342362743
L62V,M73V,E95D	-0.1779357160876318
E76A,E95D	-0.6157734610816102
E95K,Q97P	-0.3046580027541779
F69Y,V82L	0.30897736642130746
N63D,S98G	-0.9368859227947843
K2M,A15G,M36I	-1.386068910879624
A27P,R32I,T41S,F69L,E87Q	-2.0257378886767903
K2R,E95A	-0.6513127231974453
K4T,N63D	-1.0413386398621374
D23V,E80A	-0.9515167243718999
I0L,V14L,K16T,S25G	-0.3678477537916448
L61V,W92C	-2.0662546219075604
D37Y,E80D	0.6176087384876158
E76A,M78I	-1.463898936716574
V14L,T75S	-0.4763969724093981
R45K,D67N,M73L	1.3069000833027777
I13T,N63K,R71P	-2.055153369007333
E8K,V82L	-0.5734483826916907
I0T,T38I,Q97K	-1.0992407571252802
I0T,E8G,I13L	-0.8730022139191892
K2E,D37E,L61M,P65S	-1.3744407983975584
E1A,F3C,Q90K	-0.8674682307504176
S98Y	-0.10050757375678306
K4T,E84K	-0.5444448674117428
L61P,P68T	-2.3749971076406124
K16M,A91V	-0.37475299428668746
M93V,H101P	-0.044188213919678976
K2M,K9I,M93L	-0.9366833736145566
D26N,M73R	-0.417614617381311
T66I,L79R	-2.4070180736861104
A7V,S25N,E84V	-0.30113480954081406
D26E,L62R	-0.26843821528640144
M36V,T66S	-1.2440494635586898
R19G,A20P,T41P	-1.0147849055918878
E11V,A18G,E95V	-0.7936725115283816
A20E,Q72H	-1.0381416293842403
V14G,Y24N	-0.2863779810014234
L35M,T66S	-1.9737486689487094
K4N,E8D	-0.33079019392537534
K16E,K86N	-0.3742380398078693
I13N,T66S,Q97R	-0.8634009881356998
R19L,N63H,E95V	-0.521819646191104
E21D,E80Q	-0.30128630917039156
I0V,V14L,A15E	-0.4345945755506656
M73I,S77N,E80A	-0.6640887075711257
K2E,D37V,E76K	-0.7476340735483928
L61M,W92L	-1.356837044413974
N17H,S99N	-0.5295549727403616
I13N,P81S	-0.5437521269165979
E12D,E21V,E80D	-0.8638265522073634
A7S,R19G,P83Q	-0.1980829855766263
D42E,P65H	-0.6888639760107409
A18T,L62V	-0.21009796425069988
M52V,S99R	1.2865322123287495
K86T,Q90K	-0.6573147146491259
L6P,H101Y	-0.3844158614609952
K2N,E80Q	-0.27745343024253827
M93R,Q97R	-0.5349767245014311
V10L,A20T,D26E	-0.42340608622574255
D37E,N70D	-2.1483937614549173
K4N,R32I,M93I	-0.7623016066711282
T38I,E84V	-0.8712514838450951
D37Y,T41I	0.8319642534440155
V14A,A15G	-0.330488672129044
K9T,D26A	-0.7462800437076591
A7E,A27T,F31L	-0.6928980042592586
A15E,P81S	-0.2714963045698473
N63T,E87A	-0.9470665333841699
A18V,M73L	-0.28320131531475073
E8D,I89T	-1.1795399584139967
T66S,E95K	-0.6887943322995724
S77G,Q90H	-0.3840931673141382
D67E,E80G,D100A	-2.060291822154624
L35P,M78I	-2.403653173422196
K4N,D100N	-0.49182225708106586
F69Y,D100V	0.3647645080798748
M73L,Q97H	-0.18122675230346125
E12G,N63K,S98I	-1.4896961367867645
A15S,A20V,E84D	-0.4239019822791946
E1Q,A20V	-0.4278273596817081
L5I,M73I	-0.3610057301355559
V10L,L62I	-0.46780044732012716
E8D,M73I,E87K,W92L	-1.2466153211791955
K2T,F3I,D37V,S77C	-0.8765500715726069
E8K,V14E,N17Y	-0.5571036808094723
K2N,T41S,N63I,E87D	-0.7077534367319775
Y24F,A27D	-0.954557127249986
D29Y,E80A	-0.7919079402133771
I22M,E80V	-0.09841276896786179
R71H,E95V	-1.7310127282222578
M52R,S98R	-1.76843268889654
D37Y,E84V	0.22989759774329027
K9I,D26V	-1.3376671796603066
A20V,I89S	-1.579868315414238
I13M,A20E,H101L	-0.03606142514572167
E1Q,T66I	-1.4640340307429482
H60Q,I89N	-2.1246805036484115
A18T,R32T,S99T	-0.95971857712341
K2M,F69V	-2.13254042283107
V10A,D29Y	-0.5708089621394368
L6F,V14M	-0.29956956455956363
K16Q,N63D,M93I	-0.5963379154022926
V14G,Y24C,P81A	-0.5840973751632289
R19H,Y24S	-0.0945665393864019
E1D,F69Y	0.42193232654590773
D37Y,L85R	-0.3740352967198513
E21G,D37V	-0.4493175565281497
L85P,D100N	-1.8312920691598624
I0T,H101Q	-0.702250772566059
E12D,D26H,H101P	-0.7571338179281286
E21D,M36I	-1.1175081861730831
M36V,D42N,M73I	-0.9395213811071759
E8V,D67N,V82E	0.7780738586098963
S64T,Q97R	-1.1284935523021935
K16N,R19P,I22R,T75N,S77I	-0.9317381174450019
E76D,Q90E,K96N	-0.15729931569451555
A18V,P65H	-0.6272429169199987
E21K,D26H,N63I	-1.2303724949418384
M52L,E80G,K96I	0.2793883568461495
M52L,S77R,Q88L	0.912706605747432
A27V,E76D	-0.41489905483848105
F69Y,K86Q	0.48272865193410863
A27D,V82M,K96R	-0.9723641412808034
K96E,D100E	-0.34225025417755073
E12V,K16T	-0.43486399670517484
E21K,M52R	-2.0857100484811575
Y24S,S99R	-0.4447913247948577
I13F,Q88H	-0.6719245785430412
V10L,L39P,S77R	-1.1579131645641594
M78T,H101Q	-1.1118980603450832
E30A,D42H	-1.353805274575512
E1G,A18G	-0.5562370095335892
F3Y,E80Q	-0.2977282760357059
A27T,T66N	-0.8257046563257652
A7T,I22L,L58R	-0.2543157322829585
I13S,L85Q	-1.168930255306479
I13S,L39R	-1.5971815715904907
I0M,D23Y	-0.6151582933826728
P34S,D37Y	-0.7183951009643808
D37V,I89L	-0.8341807563874923
V14G,N63K	-1.4023747399448867
R45G,S77T	-1.4589254030875756
F31S,S98T	-1.7938782980668115
F3V,N63Y	0.05673785794286157
K2N,K9R,T38S,Q90R	-0.6716623594518771
R94S,H101Y	-0.30525087652258037
P83S,E95G	-0.49063979743653485
P34R,N63D	-1.805931774412465
S64P,D67A	-2.3713585835874884
S64N,D100H	-0.9444469324304634
I0L,N63I	-0.8034079720202641
L5H,N70I	-2.039328697179249
A7P,P81H	-0.4852784888047527
E11G,H101L	-0.5776124987148591
E12Q,R32K	-0.22004025807130195
P34A	-1.3573230626225925
N17S,A18S,M93L	-0.13083901910949625
A15E,M40R	-1.7333500768585994
P68T,M93V	-1.9215501827910342
E11G,A20E,H101Y	-0.12288849870665895
I89V,M93V	-0.12440061916554562
L6V,V10G,T41I	-0.3409253526467477
E11G,N70S	-0.7203639833370004
I0M,E12V,E87A	-0.8342145796015231
V82M,A91T,R94G	-0.5193655966679546
S77T,S99G	-0.6629843267431544
K2N,R32S,D100E	-1.0487754860517144
E21G,Q97L	-0.7160689755574717
Y24C,S64T	-1.0393830828239337
E11A,M52L,M73I	1.8019526192808293
E8V,R19W,F31L,D42N,I89V	-1.1236306879963958
D37V,E87D	0.0536559399617082
P65S,L74V	-1.4994522841080058
M36L,M73I,R94T	-0.23026718915464486
S77N,D100H	-0.6151422304714042
V14L,P34A,P65A	-1.6610783988612128
E21D,D67E	-1.8525038954365707
D26Y,S99N	-0.8645321881033416
R19L,D37N,V82E	-0.881627089645523
E12K,T41I	-0.44925891969293535
A20G,D29A,M73I,V82M	-0.8112615646561786
I0R,D53N	-1.2428899811705243
L35V,M36I	-0.8789954828153009
P68T,S77T	-2.1326827968159003
L6H	-0.3471988984379085
I22R,V82M	-0.5150185660620605
A15P,M52L	1.2369910631317373
S25N,L35P	-1.7668674185994289
E1D,L62I	-0.4600613762743155
K16N,P65S,Q97L	-0.47293282446773494
M36L,H60D	-1.6146049495746286
M73L,K96N	0.020311346892254112
L35R,D42H	-2.122718749472732
E80Q,D100H	-0.5212096320474269
V14G,E87Q	-0.3037512715043023
A7E,D26E	0.04194326692248262
A18P,P65R	-0.5556310911233923
K4N,N63K,M93I	-1.179949353029249
E1D,Q72K,S99R	-0.6930238836380289
V82M,A91D,K96Q,S99I	-0.39437877261984
K2E,L5F,M93L	-0.27030563644675987
A18E,M52V	1.668625860700104
L5P,A7T,M40I	-0.4705358882045317
V10L,N17I,A18E	-0.4774324743668854
A15S,L62H,K96Q	-0.17742988401479445
T38A,P65R,R71C	-2.2971191276744736
S64T,K96N	-0.8350582325183159
F3C,W92C,Q97H	-1.4648726762297528
P43S,T50S	-1.9442339243148692
K2M,L74V	-1.5973007179618102
E80A,E87K	-0.5359859824452463
E8D,E84D	-0.38937174794840673
A18E,M36L,D42V	-1.1013438125223676
T75N,Q90E	-0.1838689117371049
L39Q,Q90H	-1.4787220690752223
A20S,H101L	-0.38560306837377445
E80K,E95A,D100E	-0.4728250397052733
K4R,A20V,M73L	-0.3298036488336139
E11V,M40L	-1.2377500654817402
P68T,R71H	-2.4551717115888176
I13L,E87K	-0.5760712441463992
M40I,E76K	-0.9627924034187503
S98G,D100N	-0.4335515608573747
I0V,Q90K,R94S	-0.5342581473344812
F3V,K4N,V44M,M52I	-0.06427928124975388
K9R,V10A	-0.2661038364098728
M36L,E80V,M93L	0.03910551997793166
F3S,F31Y	-0.30818353278874566
L5F,N17K,R94S	-0.4141326484774979
S77G,E95Q	-0.3886078817673728
L79V,E95D	-0.7546708720598795
K9E,A91T	-0.2060877559399936
A15E,A18G,P65R	-0.3573156626991191
D29H,D37N,M52L,H101P	0.6135082737444444
E21G,N63Y,E87K	-0.32021194712878315
M36I,Q72H	-1.9606225818127163
I0L,E8D,K9Q,V14M,D37N,M73R,S99G	-1.3485945773360444
A7E,K9I,N63V,Q97E	-1.13590127526409
P28Q,Q90E	-1.0911690457448269
D37N,E80G	-1.4132227202552206
D26E,R32G,R71P	-2.44861575602496
V10E,A15G	-0.2791542329320941
E21A,L39V	-0.4735596837296438
F3S,E8D	-0.42712040863102085
A18V,F69C,I89V,S99N	-1.6062856713424647
E95V,H101R	-0.5732123502420509
D23E,A27T	-0.05750897043356901
H60R,N63D,M93L	-1.6046521542244272
S25G,R32S,E95G	-1.1177742210814239
E30G,D37A,E80W	-1.611131173592105
V14A,E21G,S25C	-0.4209640733634278
N17S,T66P	-2.0394412846686363
N17K,D23N	-0.8467722796470293
A27V,P65A	-0.1302347844012916
F3Y,Q88P	-1.4666010157496001
F3I,L5P	-0.48680883748024795
S64T,K86N	-1.207416658007289
I22V,P65L	-0.7594843046713871
M73I,P81L,A91D	-1.4377707661273527
A20P,P83S,D100Y	-0.6984874129428266
H60R,L61Q,T75A,E80G	-2.220864305120987
R45S,K86N	-1.0255148128306228
A20E,M93T	0.19682052284886417
K2N,P34L,Q97H	-1.016862117909648
K16N,Q88E	-0.08691104790436743
E1G,R19W,L79V	-0.9377183212852895
T41P,M73I	-1.0259173109884632
S48A,T75N	-0.3010370165467231
A20S,E95K	-0.29712880491886845
A91G,Q97E	-0.33195504040373824
A20S,R32K,T75A	-0.537166054168945
E8G,V82L	-0.6126750943756238
D26A,S99G	-0.7772355270037525
L6H,E30V	-0.5474096571962648
R32T,S55P	-0.8536607969689629
T66A,M73V,Q97K	-1.429240282709448
E8A,E87D	-0.462956165357206
D29Y,L39V	-0.47325792442827364
E21Q,S77R	-0.8473442555163108
A27P,E76G	-0.7960394310166914
E1D,D23Y,P47H	-1.4231163575319787
S25T,N70S	-0.47253422375991383
E30D,E95D	-0.2813878770310744
E11V,R19P,P65T	-1.0116164755403214
E87V,H101P	-0.4753392023810422
M73I,E87V,S98C	-0.7622000019962093
A7V,D26G,M78V	-1.0764633730032178
A27V,E76A	-0.37779831706359723
D42G,T66S	-2.156546209944293
D26V,T41I	-1.0242168359001944
E30K,E87K,M93V	-0.48780030535955177
E1V,E8G,V82M	-0.8606503527674246
A7P,M78K	-0.5711775237112875
L61Q,D100Y	-1.7630987230552349
I0T,S99N	-0.6647233956389142
I13M,L39Q	-1.411228922785447
D23A,L62V,A91D	-0.5786842586883607
D23V,D26A,N63S	-1.436830423350749
D26E,Q72R,M93I	-0.5815008630083018
D23Y,E87K	-0.5454275730118874
L62V,P81T	-0.49505822991758996
A7S,T41I,W92S	-1.4756881221066949
A15T,I22L,R32K,V82M	-0.14597328355012423
V14M,I89V,S99N	-0.4458841379991481
N17I,D23Y	-0.6439192922290969
E12G,A27V,P83L	-0.6999170267997565
L6I,M78I,Q90L	-1.1457984206766905
A20P,P65A	-0.3941051272592144
I22K,K86E	-0.6061568010127767
E12G,I22V,R32S,L39Q,F69C	-2.305811593687885
I0R,M36I	-1.1771309422539062
D23E,M93T,S98R	-0.1323692658010416
K4N,I89V	-0.38496553814847345
S77R,L85R	-1.0471371551548574
K16Q,D37N,T66S,E76D,S99C	-1.8811630874304137
L5H,N17Y	-0.6582459612315457
K16Y,S99G	-0.4183516850088744
K9Q,H101N	-0.2140100248217034
E1D,P81S	-0.5525967521664676
D26H,E84G	-0.8898376493203687
E1A,M36L,S98R	-0.5283261150234813
E21A,H60Q	-1.945051912314882
R19L,Y24S,S25G,L62V	0.05920917265194417
I13N,D23A	-0.7152022124037698
M36K,P68L,M93T	-2.3802282852618974
D42N,E87K	-0.7778683576247869
M52V,L79M	0.4463309634258091
D26E,T41I	-0.31629834871738355
E12Q,A18E	-0.19216076851787423
A27T,V82L	-0.40267515575229273
A20P,M40I	-0.59715306389696
K86M,Q90H	-0.6380582232678051
L74V,Q90E	-1.1589525246837469
E11A,S48P	-1.2566352641929606
E1G,M36I	-1.2534063776467905
E87D,S99C	-0.31038363516777157
E1V,E21G,M52V	0.5857014585828113
L6I,S98R	-0.5174233444163986
M52I,N70S	1.114679098741276
L5V,M40V,M52T,S98R,D100E	-1.2901144726796947
I0T,N63H,Q72E	-1.4405176746298372
E12G,M52V,A91V	1.0580484710942024
E30G,S99N,D100E	-0.7439437386867412
E8G,V14M,A20V	-0.5182619419438926
I13N,T75I	-0.7049210705301417
N70H,E84V,K96E	-1.57639426344768
S25G,R32G	-1.7198469165949832
Q72R,M78L,M93R	-0.997140098365481
S25R,V44M	-1.3605573350974933
I0V,K9I,S77R	-1.1591904978889596
S25N,S99N	0.053250507823174004
A7S,D67E	-1.6874304098951902
E8K,E95K	-0.3904335983861562
F3Y,E84D	-0.35228635103455325
A27P,M93R	-0.6645232096959376
R19G,A20E,R71C	-1.2336416450274594
A7V,I22V	-0.29619787929125024
L62V,E95A	-0.22070301352377045
D26N,S77G	-0.49234892517563045
T41S,N70K	-1.9590466791054415
V14M,E80K	-0.3332798468596568
A20G,M36I	-1.0727431677891972
L62I,M78R,Q88L	-1.0965881059638485
E1D,E84K	-0.5554192328269815
L39M,M40I	-0.8695279996328695
P28S,K86T	-1.390079458581201
E80K,P83Q	-0.44038284495572955
E84G,H101Q	-0.47251975040228816
V14M,L61R	-1.6328598438218556
K4R,E21V,F69V	-2.008317770662835
R19W,Q72L	-0.19390517722246137
A7S,D26E	-0.21204034757325918
L39R,T41S	-1.6826455326077938
E8D,M52L,S64T,E80A,A91T	0.456177115282903
I13M,K86R,I89V	-0.4558337133806064
K9E,F69V	-1.568489345562697
E8K,D29N,E80K,E95G	-0.6775517475962186
V82L,L85Q,Q90H	-1.430060884466235
N70T,E84V	1.0668472324759333
L6P,P34R,E76D,E80K,S98N	-1.5460902452041767
V14M,A18T,S77G	-0.3366635105725594
I0L,A18G	-0.6433656044702261
R19P,E30V,L61V	-1.3649986107935879
E8K,L39M	-0.5887270563274971
P28Q,F31S,T75I	-1.8379372562732006
K4N,P34L,M73L	-0.9910263580130286
P34S,S48C,W92C	-2.1298334506588086
L35M,H60Q	-2.3330673365888175
E12D,L61R,M73T	-1.5337873442123588
D29A,E30A	-0.7368970427778603
K2Q,E11Q,N63F	-1.2325980390612896
N17I,L35V,E76A	-0.6691813118508381
P43S,M93V	-1.7069816122847377
V14A,M52L	2.3265410142343486
K9E,N17I,R59W	-1.565702394256414
L35V,Q88R,E95K	0.0674065458014345
A7V,A27P,D42H	-1.0802666078862255
Q72H,P83R,W92R	-2.3083276563315445
E30D,M36I,S99G	-1.0859951223680113
A18V,S25I	0.0722135672890629
N17A,M52L,S98N	2.065503628680075
I22L,Q97H	-0.10108549309980411
M40I,V82G	-1.9775514761872852
T38S,N63K,M73I,L74V,A91P	-2.2891191629198206
E11K,K86N	-0.633507961739543
D23G,M52I	0.6038730731064401
L5H,D37Y,S98T	0.5293002347597469
E12G,H60L	-2.018800183607862
D23A,D100H	-0.9252537891765488
K2M,D100E	-0.8790716070102116
N17D,L39Q	-1.1707913907497594
K9R,L39P	-0.9815532574998206
I0M,F31L,V82G	-2.2647302723998797
M36L,N63I,E80K	-0.5053311022206979
F3C,A15P,M52L	1.0977731286642227
K16M,Q72R	-0.583775308268383
W92R,K96E	-1.4829924450730971
D42G,L85Q	-2.260981680378899
R71H,K96N	-1.5595246229430708
H60Q,T75S	-1.784666144453689
L5V,K9T,D37A,L61M	-0.5820354824529337
T41I,S99R	-0.47560015378307363
R32G,Q72E,P83Q	-2.246295959001337
K16Q,D29N	-0.5377866167677273
D23E,A27D,D67V,M93L	-1.4859151086774007
D37G,I57V,M93T	-1.6329178169279561
L62R,E76A	-0.44066406789687496
L6P,T75A	-0.6057154709036136
L5F,Y24S	-0.08352981242224439
A7G,H60P	-1.7035094936911765
K2N,M78K	-0.6700809330667741
I13M,E21G,A27T	-0.5541909026959463
K9Q,E84D	-0.37780816144304835
P34H,S99R	-1.82837095456041
N63K,E84K	-1.4466881524521216
E8G,D23E,M73T	-0.29824517050924537
E12D,D100Y	-0.5639425852359303
M36R,S98N	-1.6609460651838552
E21D,E84G	-0.5594336108602207
I13M,A20S,E84A	-0.4536319911123969
K9I,M52V	0.8124508951174285
K4N,A15S,N63I,S77I	-0.9502515055332679
N63I,S77C,E84Q,H101P	-0.9436715346963719
K16N,V82E	-0.3278472720006433
D42Y,Q97P	-1.352431597851523
E76D,P83T	-0.7535516466055892
T38N,E76V,S77N,S99N	-1.1389166995318174
N63K,Q97E	-1.4037618079143312
A27P,N70Y	-1.7215330834140312
I0K,L5P,R94G	-0.6409255818400572
T41I,F69L	-1.8255697596143685
D53E,M73K	-0.33004415124695974
V14M,V82M,M93T	-0.3091189170018913
K4N,D100A	-0.5078719527158704
P34T,R94G,K96R	-1.4108783727404013
N17I,I22M,D100G	-0.5124777908217377
K86Q,S99N	-0.2181529693606321
E1G,E12G,Q72K	-0.788893857710079
A18P,L74M	-1.0203629190851853
Y24H,N70T,D100E	1.4052469653823005
R32I,M73K	-0.5890943085481375
V10A,N63Y	-0.07837879235469533
L5P,M40I,Q72K	-0.7797732101233233
K4N,K9N,K16Q	-0.2829598253474336
D42H,M73I	-1.1004913093370323
D23V,K86R	-0.7719843447541308
E30G,S99R	-0.776048019677654
I0M,Q90K	-0.5802337976472285
M52V,P65L,D67E	-1.1643588612221867
W92L,Q97R	-1.370786573385618
A27S,E80G	-1.0363641829620274
E11K,D37A,R45I	-1.0725249107286425
A18P,D23H,D42N	-1.091349278992138
K2E,H101R	-0.6461487577840076
K4E,P43A	-1.6833179868611072
S48F,M73L	-0.42208750997368905
A20G,E80A	-0.5015983822542092
L35V,P68L	-1.9477654486147484
A7T,A91T	-0.3305838719513172
N17H,E87D	-0.3990173950947813
E11V,D23H	-1.0748159168986309
Y24N,R32S	-1.1083830443412936
E11Q,W92S	-1.7714122523608014
M36K,L39Q,S99R	-2.096689249889424
F3V,M36R	-1.5970630230262122
F3L,D23N	-0.6664139291115292
N70S,Q88H	-0.8633359365956407
M40I,L61V	-1.3542873101761672
T75A,E84V	-0.7975758638108226
D29Y,M52L	1.4231582691471956
K16N,K96N	0.07577831730766033
A18G,L35V	-0.08714193148528344
D23V,Y24N,S99N	-0.8307859946317474
D37A,P47S,Q90P	-2.3444115169568773
R32I,T66S	-1.3300403214648235
E8K,A15S,L85R	-0.8610255458499549
R71L,V82A	-1.9178084852742776
L6H,Y24C,L61V,E87K	-1.2315501141719019
P65S,S98R	-0.6481891993984188
L6V,R19Q	-0.15018774897153925
E21K,I22M	-0.6632371203412226
P34T,F69L	-2.572357467530171
V14A,D100A	-0.37589795308619783
A7G,I13L	-0.37374501350426526
A7G,D23E	-0.06911937078860439
K2T,Q97K	-0.6796557202149125
A15T,L74M	-0.9670648481427551
E30D,R94G	-0.36291839797288905
L35M,D67E,P68R	-2.8199756798091906
E8G,D37A,M73I	-0.9610155965184617
D26N,E30A,N70K,D100H	-2.019331419459557
T38I,Q90H	-0.8178857824475891
D33A,M52K	-1.4252023135855802
E11G,E95V	-0.6556908232612506
K16N,D29N,R71H	-1.60653821281457
E8A,M52L	2.0756673145080193
A15T,A91S	-0.31715126431292867
R32K,S64T	-0.8800165378922545
D37A,S77R,Q90H,R94G	-0.9739156686227077
L5V,L62V	-0.18262984511519487
E21G,E30K	-0.907223008041341
E8G,E11Q	-0.5992919334201474
S25R,N63H	-0.7794906337097284
F3I,V10L,A27V	-0.3092452704286959
D26A,M73I,W92R	-1.660228222192969
K9Q,E21D,S98G	-0.328878637411559
K4Q,M52V,T66S	0.643956972334604
M78I,Q90H	-1.1470976543735747
K16M,N63T,L79R,Q90L	-1.8661455967393392
I22T,Q97R	-0.37631399723539233
T66A,P68S	-2.541966826424192
L6R,L79V	-0.8888442006580339
L39Q,M93K	-1.490490435053884
K9R,D37A	-0.6245071597885223
K9R,D42N,D100Y	-0.8884470789657403
A7E,S99N	-0.02084916604297079
Y24N,E95V	-0.383818225808338
S25N,T38S	-0.31903652171146824
R19W,P65T,S99R	-0.6084566654233886
I0L,E30G,T75P	-1.8347659358796768
S25N,V82M	-0.03386950457182729
R32K,P34T	-1.2874926852455788
S77I,E80Q	-0.8882858260488
T75A,R94S	-0.6111514381786236
L6P,A7T,P34T	-1.1215479300542395
E1D,K2R,S99R	-0.7905285633778989
T38N,L39M,D100A	-1.0867298132864986
N70H,D100G	-1.9360555159802535
E11V,A27S,M73V,M93V	-0.43342842593798936
Y24S,T66I	-1.3187287602939122
A15V,R94G	-0.4351818998312236
V14G,D26V,T38N,L58P	-1.827796243700797
K2N,V82G	-1.7752207544879028
P43H,S99G	-1.9289785188246809
K2E	-0.6142995361760051
K2E,E12G	-0.7602067861191819
V10A,A27D,M36I,M78T	-1.8626651952379527
I89L,H101P	-0.7076345665626677
E21V,F31I,M93L	-1.5849745987512138
L5R,A18V,D37G	-1.4726237696140534
E1D,M73L,Q88R	-0.3616228913624138
I22R,H101Y	-0.3594533958080178
S77N,E84G,Q97R,D100Y	-0.8385926640319625
S25T,M52L,Q97K	2.1225882101123528
N17R	-0.44048155389528176
S25C,N63Y,P65T,Q97R	-0.22461650216102533
K2E,T66S	-1.0752294702002345
K9N,E84D	-0.29546432931591854
A7V,Q97H	-0.2826678907906503
E12D,S77N	-0.43902157374876116
E8K,R71L,Q72R,M93K	-1.8956914188471856
D37E,E84A,Q97H	-1.01385944932434
V14L,A18E,L39P,E87G	-1.0262427554311078
M52T,L62H	0.45417657133582584
H60Q,L62P	-1.8619090578618953
F3S,Q72E	-0.9389706247273897
D26Y,Q88H,I89V	-0.9801391891285591
I0L,K4T,P65H	-0.9398817461430611
E8Q,E76A,I89N	-1.8661692114572979
F31Y,M73T	-0.13425083996969475
E30K,T41A	-0.6557219000586068
S64P,E84A	-1.795448660793713
N63H,P65T	-1.0979860781468447
K16E,E21D,M93L	0.10674976822913852
E21D,D23E,L62V	-0.06584809342900892
D26G,S98R	-0.6630596233011499
R32I,N63D	-1.3252502324308424
K16N,S77C,Q90K	-0.6704305375492142
T66I,M73I	-1.4799829340387096
E8D,F31Y,K96R	-0.2632451148965972
E1A,E11A,E12D,A27T,D100A	-0.9029379584668304
M78I,H101N	-0.9748374823025983
I13V,D26G	-0.5348541721642179
I13N,K16T	-0.20667923130497884
I0L,D42Y	-1.5872162541141963
F3L,E76G,H101L	-0.8689710511024917
T66S,P81S,K96T	-1.046577094509722
Q90K,K96R	-0.17864543157815607
S25N,D67N,D100V	1.3889437589848672
D37G,R45T	-1.4642486530040315
E30A,M52L,Q72E	1.314020032632531
D42E,N63I	-0.6560522313677472
E8Q,E21K,E95D	-0.9628980026797943
I89T,M93R	-1.447992818556359
E11V,M52L,S99I	1.329880564216342
A20T,H60L,T66S	-2.1102718533555134
T66S,M73L,V82M	-0.8265270184011551
N63D,A91V	-0.883363010967989
E8D,M78L	-0.6528215156651667
N70T,L74M	0.9513404663491363
K2N,D33E	-1.5775461990184851
T38N,Q72K,E87Q	-0.9257425762075439
E80V,I89V,A91T	-0.5608859623499387
V10L,D23E,D29V	-0.6135885505097181
Q72H,T75S,E84K	-1.405907510492611
F3L,R94S	-0.2730526761775899
D26V,M40L	-1.7431389905800305
K9I,V10G	-0.7246684712512222
A20T,H101Y	-0.31760164760100856
E1Q,A15G,M36I,S99N	-1.1619691403493195
T41S,Q72P	-2.156568550211099
M93V,S98R	-0.20889707991719736
A15G,M52V	1.4152835278671068
E12K,T50S	-0.533247847140866
T38I,Q72K	-0.8772330868022773
K9E,N63I,N70T,I89V	0.9191603566788213
V10G,I13M,D23E	-0.19091963716460708
N17K,E30K,H101Q	-0.8331642443826544
D23E,R32K,M40I	-0.40816101085532086
H60L,D67E	-2.5657992340528835
V10L,D42N,F69L	-1.9484456566796617
K4N,M73L	-0.3080137644310226
E12A,Y24D	0.6334811409690884
K16M,T75S,W92L	-1.3119234383380913
K4E,L5F	-0.3384497913382646
V14L,D23E,M52T,R94G	0.1327804894653452
K4T,S25C	-0.3763415146632479
E12A,K16T	-0.2978234536769625
M73V,L85I,A91T	-0.6195955752648868
E8G,I22V,M52I,Q72H	0.14347517881145458
T50P,R71S,E80K,E95D	-0.6628476261362467
M36V,L39M,S77C	-1.0883042310382174
D29Y,T38S	-0.9439248115857575
K16E,D42H	-1.0477868190139719
P34S,D67E	-2.5783272471388328
A18T,R19L,F31L	-0.7496905657348087
F3L,A15P,Y24D	0.17133238596152306
K16N,L35V	0.09429458615600882
D23Y,P34S	-1.2077314679912947
E12D,S25G,D37N,E84D	-1.0035286018760439
L6I,Q97P	-0.37431907335865977
R32G,D37N,H101D	-2.1289748578140966
R19W,A91I,H101R	-0.3084283898465175
R32K,M40F,Q72R	-1.3519752814894894
E95A,Q97P	-0.4032612388018688
Y24S,E87K	-0.36323583260030984
M52V,E87D,A91V	1.1439759849917737
K9I,S99C	-0.927875085561551
A7E,Y24H	-0.04198276265863787
K9Q,N63Y,Q90H	0.031836714053289
V14L,D23H,E87G,W92G	-1.7775133281399864
D26A,F69L	-1.9708823374857318
D37A,H101Y	-0.5760576415734129
R32I,T38S,V82L	-1.347789999946128
L6H,A27S,M40L,E84K	-0.943752527631651
A7V,S25G	-0.1412498588564034
E8Q,R19G,S77N	-0.34065055476867123
Q72R,W92C	-1.779040201523582
F3L,M73T	-0.2730631856111582
I13L,F31L,W92S	-1.876282359346319
H60L,L62I,V82M	-1.7847169045245468
T38I,M78I	-1.5636341471548552
K2T,E12D,P68R,Q97E	-2.0115307065411345
E8G,P34S,D37V	-1.3227288919386415
K16M,T75A	-0.6015125998648986
I0L,S77I	-1.1494905300229914
K9N,V10A,N70K,P81S,E84G	-1.5544659513458212
R19W,T41N,D42E	-0.28420989356020243
R32K,L62V,E76D	-0.32737622810949213
M40L,Q90E	-0.864034584806558
N63D,A91S	-0.949271210155147
E8G,H101N	-0.4097866106612244
I22T,M78L	-0.63083055519191
K2E,W92C	-1.8186572004207482
A15E,M36K,E84K	-1.2023075207709093
E30D,P65S	-0.4439391156420636
K16Q,Q90E	-0.024592584119424596
L6V,N63H,T66P,A91P	-2.215328858637019
L6F,P34R,M52L,M78L	0.420450255885598
K2Q,I22L,R45K,E76D,W92G,Q97K	-2.1688953509235978
K16E,N17I,M78L	-0.7038619946695187
A18P,E84G,D100A	-0.5287990790733074
H60Q,N70S	-1.8988900266017175
A20S,E30G	-0.6295780912583991
E8G,A20S,E95D	-0.5174012324422835
V14L,E84Q	-0.5876937147371021
F31L,M36L	-0.918297307769056
I22R,Y24F	-0.33999587533307574
K2N,G49D	-1.1832606558995244
V10L,T75I	-0.8364114337692062
E8A,A18V	-0.5544947452836959
I0M,H101P	-0.49448194411555824
L74P,E84G	-1.7985485668364483
L5H,N63D	-0.944280218272699
V14G,M36R	-1.514774552427136
N70T,E76K,S99T	0.9330626379822174
P34T,M73I	-1.488572667562961
D42N,N63I,P81T	-1.2650176721430435
E30A,M93L	-0.29980055988334253
E11A,M52V,P65R	0.7359805930902358
L5V,R94I	-0.4945063365586792
R45K,A91T	-0.3244834101327154
D23N,M52T	0.07018721627595795
K2Q,N70T	1.0057026119286288
E1D,T41S,H60R	-1.7251260712466812
S25N,E80Q	0.06106486344175385
K9Q,A15G,H60R,N63H,R94S	-1.6478691772328973
K2E,A7S,N17K,D67N	0.974549905702188
S48F,E95K	-0.4865814277760972
D26Y,N70K	-1.8033738824629277
A7V,K9E,V14L,M93I	0.03800748727811683
E30K,M78K	-0.9966600549294319
D26A,R32Q	-0.9247270758685355
E11A,R94I	-0.6322634529626967
I13S,T75P	-1.4700674635039341
I0V,S64F,E76K	-1.5026179928459467
E1A,A7V,I22L,A91T,M93L	-0.49879187637935674
E1D,E8D,R19G	-0.2815214340411377
D26A,E80K,D100N	-0.7062399079754824
K9E,R19W,M36L,S77N	0.23863890930491405
M52L,L62R,H101Q	1.932958685009921
N63D,L79P,V82G	-2.484167344385356
T66S,M73V,E95V	-0.9250617020803535
V10L,M36L	-0.054066026872209946
K4Q,P28T,Q97K	-1.4239365151716101
K9N,Y24H	-0.17063039601154764
L6V,Q97L	-0.4798057142790734
A7G,D37G	-1.268284836256358
A27V,M93L,D100E	-0.0654008571126341
M36T,E80D	-0.6858369912659836
E21D,M52L,L62H	1.821082478746889
L6P,M78I,A91T	-1.0491127252800208
E11V,I89S	-1.7723111007051737
R32I,Q90E,R94G,K96T	-0.8453043734796252
Q90K,Q97R	-0.4833355174240639
I13M,P65R,E76D	-0.9129642189715674
K2T,K9N	-0.5958792456440664
N17D,Y24S	0.0006550612263802845
E30D,L79V	-0.6790371454643109
K9I,M36K	-1.615791870253631
V14M,A20E,T38N,D100G	-0.6095674549231491
A27T,V82M	-0.2940945582700031
K4R,P65H	-0.7216987324163798
E1D,Q72R,D100H	-0.9536210333116326
A15V,D26E,E80Q,V82E,M93I,D100Y	-0.9377215514865367
K9N,I22R,D37G,V82A	-1.3933691715665089
M52V,Q97P	1.4059370793891226
P34H,D67E,S99N,D100V	-2.5693922603327826
I0M,Q90P	-1.8787462779235196
F31S,D67E	-2.2580560484615324
M73T,L79V	-0.6718988699757229
A20S,E80G,V82M	-0.9384130222625321
E11A,Q90L,D100E	-0.5622893801809559
D37Y,V51I	0.9085180754665371
A20T,S98R	-0.4693413005525676
I0T,E76Q	-0.8679354298427855
N17S,T41A	-0.4142379649429937
V14E,F31L,M93V	-0.6529490267515242
K2N,K86N	-0.4784920754001682
I22V,D29Y,D100N	-0.76939057138616
R32I,H60Q	-1.990025804082924
K9E,I13T,E95A	-0.11100281598124909
P65T,Q90E	-0.6406905406348786
D29A,P65R	-0.8246406528614422
I13N,N17K,A20T,P81A	-0.5863942924558967
A7S,P81S,R94S	-0.3478083988442296
M40L,N70S	-1.2099542568937052
K2E,E84D	-0.731691723463335
K9E,E12D	-0.1572142798713929
I13V,R94K	-1.6142913897259765
K4Q,F31L	-1.1865093263105568
A27D,M52L	0.026158976920524546
L6R,D33G,S77G,M78V	-1.9040422783527235
I13V,E80D	-0.4584130877796697
R32S,M78V	-1.8054894507432915
D29A,H101L	-0.6177480166962472
K16E,I89L,A91D	-0.6702299692695922
E1V,E95K	-0.5391717076355951
K9N,E30K,D42Y	-1.3211092149359143
D23E,N63H	-0.5170685132735278
I13L,A15V,S99C	-0.5729494469277134
V10M,R19G,D42N	-0.5262069941437213
K2R,E8D,E21D,D100V	-0.7875601740978353
D23G,Q90K	-0.6548569888073101
R32G,R71G,Q97H	-2.149092217820357
A15T,I22L,K86N,Q97P	-0.602227331374663
L5R,D37Y	0.5393016084366434
A15P,K16M	-0.41106016378507365
K4E,Q97R	-0.5216895944979154
I13M,Q90E	-0.14653897443260055
D26Y,T75S,M93V	-0.7328200638704793
L61M,A91V	-0.4309205895455044
D42N,W92G	-1.918821567761413
F31Y,V82M	-0.3477700140574342
D23Y,L61R	-1.5463646641338786
E12V,I13F,P65L,H101Q	-1.0565839491710125
D42G,Q72L	-1.868981581552335
L79M,K96Q	-1.0273877961517561
A7G,D100A	-0.4949658432421769
I13V,E21Q,D37E	-1.3418882671505328
I22V,T38N	-0.7747646214641096
A7S,A18E,M78R	-0.5430076111386003
S77N,A91V	-0.46073945870433086
D33H	-1.7948329712612898
I13M,V51I,E84V	-0.5577699553861446
A20G,E80Q	-0.38354767848395566
D23E,D29H	-0.6333411145844035
R59P,S99C	-1.4260206512967228
V10E,E84Q	-0.3629125799985098
E8A,A15V,S25C,F31Y	-0.6867430874299891
I22M,R71G	-1.5569022579875242
E84K,H101L	-0.46009211681791023
K4T,K9N,M73V	-0.39563125713748437
E11D,S98G	-0.2739755017019678
V10G,P81T	-0.6554344043800984
D26A,M52I	0.911723348210506
Q90H,S99C	-0.47402411713809595
V14G,Y24S	-0.14528656558951636
D37N,P65R,N70D	-2.0482313006350044
A18G,D26N	-0.49997423903252636
F3I,D26N	-0.5306201153191153
Q88L,W92L	-1.4988319919296487
K9T,S77T	-0.5532043457405269
I13S,S25R,K96I	-0.7304364326557777
D42N,M78K	-1.0274739631645808
D29V,D67N	0.9325590719626276
I13N,D26H	-0.7773791175470501
I13S,S64A,M93L	-0.6452824457882012
E12G,E21Q,M93K	-0.7637204192946064
E11A,D37V	-0.17272415934986254
K9I,E80A	-0.9727066721491806
K16E,S99G	-0.16883413427007163
A27V,T66P	-1.7765854911695114
M36I,V51G,R71L,W92R	-2.4905908022423078
V10G,P81L	-1.419554862343072
T41S,V44M	-1.2819441184319529
F3V,V10G,S25C,T41N	-0.5450849278130618
M52T,Q97R	0.32405064397494854
K4N,P83T	-0.4424618159039747
D37G,H60Y,R94T	-2.133350287610271
K16M,M78I	-1.0980544460788457
L35V,T75S	-0.09371430563208616
M36I,M93K,S98I	-1.1423627588164416
S64Y,E80Q	-1.051549502877844
N63K,Q72L	-1.5370919560214464
E21G,E84K	-0.7403226288534681
R19G,G49C	-1.0557807382319515
R32I,D37E,T75S	-1.6944522469441587
F31I,M36I,E76K	-2.1021676724732163
N17H,L85R	-0.8997188953556455
D23E,P34R,Q97K	-1.4443205329177886
E1G,E11G,D67G	-1.9932659243796804
I13N,D26Y,L35V	-0.6937751176562598
D37E,T41I,P81T,Q97H	-1.451995064939081
I0K,A20E	-0.12990426598280788
M36L,W92L	-1.1403875992488886
F3V,T38S	-0.737870326152547
A7P,T41P	-0.9038638924792148
I22L,L61Q	-1.5373639785650208
K2M,D67E	-2.06821828633577
K2E,M52L	1.948615234756247
A20P,T38S,K86N	-1.1389875958677664
P34T,L58Q,Q90E	-1.1695916851955561
E12D,D67V	-1.9648856315503562
L6R,Q88H	-0.513613123894175
F3L,D23E,E84G	-0.43873356360414184
T41S,Q72L	-0.45933632001779806
E8V,K9N	-0.5629068360943519
E87K,E95P	-0.9375898507928425
K4N,V10L,I22L,L62V	-0.11819616374208766
R32K,L74M	-0.8212475294517343
M40T,S77G	-1.647591523573382
M52R,I56T	-1.1062986225092961
P65H,S98T	-0.6241106733560522
V10A,A15G,V44M,F69L	-1.8996856282896397
K2R,V14M,T66A	-1.8009888736200252
A27T,E76D,D100A	-0.6548779507230555
S64F,H101L	-1.1681645447165967
M52K,P68T,M73R,P83T	-2.1735807561129237
I22L,D37E,L79Q	-1.8799807873849121
K4R,K96T	-0.3886121676411386
I0L,V14M,A18P,D26G,A91T	-0.8939511970098446
A7T,P65S,E84K	-0.5105490206938518
F31V,M73I	-1.6349326088020124
T66S,K96R	-0.612166632205175
S64Y,T66S	-1.4563814240463886
M40L,K96N,S98R	-0.8529241102815487
I13M,T75I	-0.7608478387580254
K86N,Q90E	-0.4408018612565586
I0L,H101Y	-0.5911710021772358
E76V,W92L	-1.5496485614202427
A20S,V82L,M93L	-0.25063886577546024
H60Q,A91T	-1.7423807367465964
E1K,E30G,I89L	-1.055893700303516
T41N,S64Y,M73K	-0.9940719132863559
D37A,N70S,M93K	-1.0366546012308193
A7G,H60R	-1.7461050982271038
D26N,L61P	-1.7964519530705045
I13M,A18T,T38S,E84V	-0.9376805505352948
E1A,E11D,E12G,N17D,T41L,E87K,D100N	-0.941152769356131
K16R,I22M	-0.11219912985571356
V82M,H101Q	-0.3958823117544806
K16R,P68S,V82M,P83A	-1.9176521786740448
T38S,M73I,M93K,H101Y	-0.8552366093642507
D26H,S77R	-0.9967829221914436
Q72E,M93R	-0.9157162896719127
T75D	-0.2720283302275572
K16L,A20E,K86T	-0.3685753230629466
I89L,R94G	-0.8336768583342524
F69L,E76Q,I89T	-2.2213824816723973
K9Q,S64Y,Q90P	-1.8515984825357907
L5H,D26N,D37Y,E84D	0.0975086230215125
I13M,S25C	-0.33661907965235427
I22V,N63S	-0.7672135147558976
P81L,V82L,H101D	-1.662453917631501
I22L,D23V	-0.7317303809415777
E21D,E95Q	-0.3875469273906348
K16N,N63K,V82M	-1.3058381969477535
K4N,T66S,K96E	-0.7524471931103945
Q72E,P81L	-2.0426696065511027
S77N,D100A	-0.5802338795111394
A7G,L85Q	-1.082727142346513
S77G,S98R,D100A	-0.4583430638683499
T41N,E76A	-0.6281726934848689
D23N,T66N,P83A	-1.32255760708926
E1A,D26H	-1.1682951736754241
M36V,S77N,P83T	-0.9281741003447521
K2N,T75I	-0.6752604080150311
M40I,F69S	-2.000277647989668
P34A,L35M	-2.5100518450343254
E1A,L39M	-0.8442769896306566
D42N,E87D	-0.6712499667260258
H60N,L62H	-1.3870246058909026
L79Q,Q90L,A91G	-1.573779018441792
R94G,Q97H	-0.25687648060787227
E11D,D26Y	-0.8127717418986686
K9I,A15V,A91G	-1.0119844128981756
D37V,S99I	-0.11756020116697041
D42E,M93V	-0.12974265593254286
E12Q,E76V	-0.7930010185294499
E30D,M40I	-0.7069016040764267
S25G,D42N,K96N,D100G	-0.5278974425470587
K9N,D23E,S77T,M93V	0.013597870637008569
V10A,N70T,A91P	-0.15168490210395424
K2R,F3L,A27G	-0.6057112199020882
T41S,V51F	-0.911928363989613
S77N,L79P	-1.8659448914679242
E1D,A27V,S77N,K96N	-0.19067621844256732
R71P,Q72L	-1.9856667808237005
K2R,K86M	-0.8117395868423699
E11Q,Q72H	-1.5402652572629383
K16M,D23G,P28S,D37V,M52V	-0.36700507926360104
T38I,N63Y,P81S	-0.5571767527091345
K2N,S77R,S98R	-0.6273257469842966
D26Y,Q97W	-0.933504954339463
A15V,M73R	-0.3395287535814498
M52K,R71H	-2.1657494063440272
L35V,T66I	-1.1490800449141103
L6F,E11A	-0.4711921714908956
L5H,M40I,H60Q,K86Q	-1.508302997230138
M36I,M73R,H101P	-0.8555516346873532
A15G,M78I,S98G	-1.206058623928234
E8A,T38S	-0.8099752240365313
S25C,P68A	-1.896284714291406
E8G,V14A,A27P,I89F	-1.326469989975887
E12D,M78Q	-0.3464378743927691
E8D,L85R	-0.8436029754249275
L35R,L62V,P68S,K86E,Q97H	-1.780661397596193
E11Q,A18P,T38I,D67N	0.4098147189699086
M52V,P83Q	1.1366561761952014
F3V,E12D	-0.46188210240466737
E1G,R71C	-1.9114465407543686
Y24H,P65R,E95V	-0.8040379377153285
N17S,R94G	-0.40200650004031674
E30A,L74Q,Q97H	-1.8280986851260994
N17D,L79V	-0.6356417232495893
F3C,F69V	-1.9118853144803705
I0M,E21T,M40R	-2.2844549495803532
M40R,D42N	-2.0759023456040175
N17D,R32T	-0.578270111305341
N17S,S25T	-0.23721269512899637
F31Y,M78I	-1.1551367580807645
K96R,H101D	-0.164079873586903
Q88L,S99T	-0.8504701329494126
E8A,K16N	-0.4031472947934111
D26Y,Q88P	-1.4619880787419475
E1G,P47T	-1.883829951531772
L6P,E84G,A91T	-0.6452673949300274
E11D,P34S,A91T	-1.679291041286008
Q72K,Q90H	-0.5068444535074026
R32S,Q88R	-0.794037397668043
V14G,S98R	-0.46560742052498055
L35R,E80G	-2.1083850862532176
A27P,L39M	-0.7349924847057165
S64F,W92C	-1.9125045191151182
I22L,D29N	-0.4298934620449257
K4R,E30K	-0.7409847860858525
E12D,F31I,N63I,M93L	-1.128576122321995
D23E,S77R	-0.39994309416617035
E21V,I22V	-0.6409171186646525
L6F,E12D,Q72K	-0.4203080211888828
F3Y,Q97K	-0.36564636232162445
A7P,Q72L	-0.38730061401078253
L6H,Q72R	-0.6786555489987167
V44L,M73L	-1.1892303273953455
Q72R,H101R	-0.6641612105661314
E12D,M52V,M93I	1.6156314730302528
V10L,E11K	-0.5341507853109196
V82L,E95Q	-0.5616475582740925
P43R,R71H	-2.198828552100645
R19P,F31V,R71G	-1.9469566736167256
E21A,E80D,H101R	-0.7935527795475483
I22K,Y24S,M36L,E87D	-0.24421459535638151
F69C,L79Q	-2.210825783829402
E21D,M36L,T41I	-0.04652198418485271
I0K,D29Y,F69L	-1.7709727999135487
E21K,M93K,E95K	-0.7900393194024833
S99T,D100G	-0.5988094976561167
T41I,I89L	-0.7574691277141608
A7E,E11Q,R19W,S48Y	0.26155590001620604
I0L,E11K,V82E	-0.7646364856900809
P68T,M78V,M93L	-2.2160921781630654
L6H,M78I,E95V	-1.1475354901796333
V10E,R94S	-0.11851532950463863
K4N,Q88R	-0.20290962619880537
E1A,K9N,R32S,E84A	-1.1300008463380793
A20E,M73R	0.12245170043733736
E1K,I13T,P81L	-1.271929813889658
D26E,E84D	-0.37062609572973926
S25R,L39P	-1.153625492547566
R19W,P65L,E84D	-0.6223867739028577
M73L,L85R	-0.7423462032930971
D33E,L74P	-2.481858135961579
M40V,D100E	-1.5184835015674927
E30A,M52V,H101Y	1.0988344877935294
E21D,F31Y,Q72E	-0.932064079610151
D37N,W92S	-2.0817892509124736
A15V,M40L,E80K	-1.0138211301832472
A7E,E8G	-0.1475021237078563
R19L,Q97L	-0.18111924747207547
E8V,I56T,L85Q	-0.6418534877185643
P65R,Q72R	-0.9232280929319344
M36K,L62I	-1.4326596306412311
E12A,E87K	-0.570228251579055
K2N,L35P,N63Y	-1.2407677959743484
T38S,P81S	-0.8638705163982314
T41S,L74V	-1.3896280962203584
Q88P,Q97H	-1.4148538071096448
L6I,S99C	-0.39832065567503283
V14M,D23E	-0.10165342492161027
M40L,S99C	-1.0349871656557381
D23E,T50N	-0.16834182494510946
A7T,M52V,R94I	1.280493586187714
K16M,P65A	-0.3561323935032329
K9N,P81R,S98R	-0.8404097260803755
A15V,E84K	-0.4888901220673349
E1D,L61R,R94S	-1.6426926894677145
F31I,S77R	-1.5926956979460998
L5V,K9E,D26N	-0.22315672011957288
K16R,E21K	-0.8453634891458672
I13L,A18P,N63I	-0.5765556083696719
P34T,M93I,H101Y	-1.2956599215805118
L62R,Q97P	-0.19071137393765225
K9E,K16E,E80Q	0.0943605977613409
A20G,T38S,D100Y	-0.908721415448325
E8G,D29A,E76D	-0.9951803441573265
N17K,R19G	-0.4111448069281654
R32T,Q90L,E95G	-0.9177769959495099
A20G,M52L,D100E	1.9958058732968516
E12A,M40I,T41I,V82L	-0.7757846034675314
P83T,S98C,S99C	-0.5979227187027845
D29A,T38I	-0.9117193388074708
E12V,D26G	-0.7316104751848169
D29A,R94S,D100N	-0.6896757282626351
M52V,A91V	1.4107294230403877
I13N,D37E	-1.1161014265248959
F3S,V82E	-0.43395068899041345
F31C,M52V	-1.0182784944872467
H60R,S99I	-1.8323721069278827
P28L,V82G	-2.1925181802131375
E12D,D37G,P47A,A91T	-1.8981250758434092
A15P,M52V	1.0111129435345994
D42G,E80K	-1.7997999117515429
K4N,S99N	-0.44006336112655886
D37E,M52V,S98N	0.5785199996400092
R19P,A20G,N63Y,E76G	-0.2301772210191271
V14M,E80V	-0.3531820541693711
K9T,V14A,F31Y	-0.15221649985083555
L61M,E84K,Q90K	-0.46044831634585076
I13N,L74P	-1.6127269426740292
E21V,Y24H,H101Q	-0.7540133945070431
F3V,L5R,D37E,S99R	-1.3768793968857511
T66P,E80K,S98G	-1.9340311784125288
L5F,D42N	-0.4839191372275546
R19Q,S98C,H101D	-0.16348017368596945
K9N,R32S	-0.9086548066217204
E12V,I13T	-0.5605440364638851
K2Q,S98G	-0.8618495310053238
K16M,A20V,E30K	-0.5939525239147854
E8G,N17K,R94G	-0.7856116146231363
S25A,L62I,S99C	-0.09786703053143081
K16Q,M40I	-0.5045028563189549
S25I,M78R,E95G,S98N	-0.6657215070258611
K86N,M93R	-0.7290601429270903
M52L,N63D,E80D	0.49461799928612804
E11D,E12G	-0.43505632135233707
P65H,S77N,A91T,S99R	-0.836787878582139
K9N,E95K,D100N	-0.35566563201800383
Q90E,Q97H	-0.10315593380284829
A15S,M52L	2.1824421738561752
D67G,M73L,E76K,V82A	-2.1511805324860496
K9N,R71G,D100N	-1.5323820125192982
M40R,F69C,E80A	-2.179864395547778
L5R,S25C,T66S	-0.9896768790785965
D26Y,R32G,Q90H	-1.6855142105342549
I13N,E80V	-0.4185677925132404
K16M,P65S	-0.45572692751316124
E1D,V10L,K96Q	-0.4215894294569368
D37H,T38N	-1.291637508437056
S25I,R59W	-1.3252800170065322
I13L,E76A	-0.7182903349955286
L6F,D37V,S98N	-0.1199822706407315
V14G,A91T	-0.3595482891492692
M78I,P81Q	-1.6963553561989513
K4E,E8K,V82M,K96E,D100N	-0.594108900787341
N17D,E80K	-0.15028744859837434
N70I,L74Q	-2.750401316334082
P34L,I89S	-2.090097049345678
I22K,F31L	-1.0733742282855596
E30A,R32S,M36V	-1.5007429190882209
N17D,K96I,S99I	-0.5392353204207812
I0M,K9I,T38S	-1.264806947690483
R32G,T38A,Q72R	-2.358945284711286
E30Q,L79V	-0.910743215257164
M73I,P81R	-0.8362973127589062
L5F,D26V,V82M	-0.9582863707839738
A18V,T75S	-0.49267538150428375
Y24N,D42A,P47R,I89L	-2.0138795623501915
L6R,R71G	-1.4199962692360542
S48Y,S98G	-0.39281821567068986
K2R,K9N	-0.6028354468510895
A15V,D100N	-0.543823956232669
R19W,Q97L	-0.1685037848032439
E11Q,E87A,K96R	-0.3817459766224037
E76D,K96N	-0.300691222975151
V14G,D37E	-1.072022105331972
L5F,D26G	-0.4152513250533929
H60Q,Q90K	-1.6685850122984416
E30V,R94T	-0.5993488669358488
S25I,I56F,E80V	-0.08792857112919886
I0R,P65T	-0.9629438153540906
A7V,R71P	-1.9020429580546683
M36I,I89S	-2.0544865973739643
E12D,A18G,P65H	-0.4540837855943884
K9R,V10L,I22T,M78I	-1.2541270832867295
K2N,M73I,K96N	-0.12167533481103668
P68L,S98R	-2.213533534670949
S55T,E87V	-0.68016935371147
D23E,I56F,E84K	-0.390073071729948
F31C,D67V,S77I	-2.29340114964663
I13V,P83Q	-0.4909109486935878
P65T,M73R,V82M	-0.7866207437750139
V14L,D37Y,N70K	-1.0859353484436993
F31I,K96I	-1.6805290524869658
E84G,K96E	-0.5759575155852021
I13M,S25N	-0.015590189524746376
P81S,E84K	-0.6138561003993886
T66I,M73L,Q90R	-1.1933337345800938
E8K,Q97P	-0.49053667558136943
K16M,R32K,N63H	-0.5117592086159777
M40V,L62H	-1.2889176586488702
K9N,E30G,E76K	-0.7886534799420537
A18V,K86N	-0.5795084289405856
E8A,R45S	-1.0159339273452659
R19G,M93I	0.039596923562850474
V14L,D26H	-0.8446895265302616
A20V,D37V	0.12459549268690273
E84Q,A91S	-0.497145618397143
Y24F,E30K	-0.5292258078233367
N17S,K96N	-0.04177248041268514
T41I,T75S	-0.3745345952618362
E1Q,D23E,D26G	-0.5550902874568309
P47R	-1.6600372259845877
V10L,H101Y	-0.4284882197872083
L5F,Q88H	-0.45432207535330743
R32G,M40R	-2.3451051371859637
A18E,P65H,M78L	-0.6604786305222454
A7P,H60N,E80D	-1.3979052198131159
P68H,M73R	-1.925471680836877
I0L,Q72K,E87K	-0.7887097134935727
R19G,N63S,M78K	-1.0205452039434517
K16Q,I22R,M93I	-0.22790941894748468
D26E,S99N	-0.35215052217729637
P34L,P65S,P68L,N70K	-2.9989074516973178
P65A,S98R	-0.5762083170053366
E11V,E21K,E87D	-1.1953406080986517
L62V,I89N,S98R	-1.4599664619315726
N17R,Q72E	-1.1669806641849638
K2R,Q90E	-0.4056472045965681
E12V,W92R	-1.7510553746437123
D42V,T75S	-1.5388378326156582
E30G,Q72E,S77I	-1.5297018373049993
D42Y,M73I,H101D	-1.4067055485404727
S25G,V82M,E84A	-0.3966958530208635
F31V,I89L	-2.0823980271336247
A18T,P65L,S77N,A91S	-0.8331428594953931
D42G,T75P,E87K,D100V	-2.60890843488483
Y24C,D67N,E84V,D100V	-0.28264502430841776
M78K,V82A	-1.009969522949877
D26Y,P65S	-1.0678899809056235
A27P,T75S	-0.6241010578635046
E1D,R32T	-0.8998909707779921
T75N	-0.30406535165905807
P81S,V82L	-0.6166023008132931
D23A,P83S	-0.8707732149350328
D37A,M93I	-0.33723164810036005
Y24S,T75S	-0.3803067938123767
K2Q,I89N	-2.1207967706581408
A7P,F31L	-0.8548873675203492
A27T,R94S	-0.20502376647878254
P34L,M52L,K96Q	0.6371783326762341
K16E,P65H,M78I	-1.1033984681824784
M40L,L58R	-1.1226943785961963
L5R,Q88P	-1.5852162648147476
V14A,D23V,D42V,F69L,M73T,M93L	-1.9983232626143832
I0R,P68R	-2.170458865442266
S64F,M73T,H101Y	-1.01845811819229
P65H,S98R	-0.7316052312141853
R32K,E95G	-0.16895689407210163
I0M,K4T,E76V	-1.0875986665258734
M52V,S77I,S98I	0.6083054042599731
A7T,R19G	-0.10369837807250135
D26A,M52V	0.960764932698099
F3L,K4N,V82L	-0.47441923560590094
N63Y,M73T	0.028972757274833602
N17I,A18V	-0.6188523904379145
A15E,D26V,T66I,M73R	-1.4405831922218808
A20G,P81S,K96N	-0.280720925573928
E8V,E11L	-0.9274458223690909
F3L,P65L	-0.7879373145757477
A15P,A20V	-0.38657881707596986
K4E,N17I	-0.6554309221961949
A7T,M52V	1.6196151030683978
M52R,S77N	-1.7550165119179115
L35Q,F69V	-2.2077177355613604
A27V,P68A	-2.047401812782546
E11V,M78I,E80A	-1.4859926823829788
A20S,M78I,K96R	-0.9621303311335386
N63P,R71H	-2.0254226862815234
R32S,P43L,Q72K	-2.3190089386125154
R71S,E76K,E84Q,K96N	-1.5907439375046593
M78I,K96Q	-1.1109516658215495
E1A,K4N,M36I,T38S	-1.6751343060796307
L6I,Q97E	-0.2724153761738435
D23E,M52L,H101R	1.9714646281255155
N17K,K96N	-0.22361019487265638
V10M,F31V,D67N	-0.7991088238443083
I0R,R19L	-0.27858708880532634
I22L,P83S	-0.24776495951292868
K2E,E8Q,D29N,M93L	-0.6590743424983408
A18G,S25I,E80D	-0.20739215533209704
H60D,R71C	-2.3936768861535307
V14M,A15V,T41I	-0.43257907689826636
L61R,M73I	-1.6808614499961467
E8D,E76D	-0.6183617441907657
A7V,P81Q,D100A	-0.8590110512890754
N17T,L79V	-0.774797435085689
E30D,T38I	-0.7770558244312067
D23Y,M52L,Q97L	0.675219511547624
E11V,D29N,R71H,E87V	-1.9435303559350443
E30D,M52L	2.1138125383017385
E21D,Q90L	-0.24376297947207165
K4N,E84V	-0.5631834811586491
K2M,T66I	-1.6920584378598853
E21K,D23E,P83A,W92G	-1.850920481856733
P65R,S77C	-0.9569356437887673
E30D,S77I,I89F,Q97R	-1.5983253894736233
E8Q,D26Y,L35P	-1.6283451910227624
L5R,E11Q	-0.5965526539365276
N17Y,M52I	1.3994166176725136
K16R,T75S,M93R	-0.5291754343184714
V10L,E95V	-0.6680395889214457
K2Q,P47S	-1.844712068648743
A27S,Q97P	-0.4785360985964275
E12D,A15T	-0.30259909964960136
L6V,L35V	-0.10438784183620399
V14G,S77N,Q90H	-0.4101396977341929
P34A,E87K	-1.5342704521559654
D23G,R71G	-1.66731931870927
D23G,A91T	-0.6781056642245133
V14M,T38S	-0.6105152917526375
D26G,F69L,I89F	-2.021400575876764
L6I,A7T	-0.31642944120612365
E12G,M52L,D53N,E95K	0.6565277652001282
F69I,W92C	-2.164007722398889
D67H,S99N	-2.0250810685753775
D37N,H101Y	-1.0637260675354088
I0R,P34S,Q72K,S99G	-1.856435128849249
A27V,H60Q,A91T,Q97L	-1.6592478381643394
V10L,T41S,M52L,Q90L	1.6516139529047174
L5V,L85R	-0.7928243619742659
E76V,K96Q	-0.5939712418722287
K2M,N63K	-1.716176349569588
M40R,L79M,E87K	-2.2403896927883116
N17D,I22V	-0.1359137554401205
A7E,D23N,L62P	-0.838154197990603
F3V,M52L,Q97L	1.7325555498463152
I0T,E84K,H101D	-0.7421738191474742
L6R,K9E,V44L	-1.1012678325522927
K16T,Q90R	-0.16139362314568767
V10G,S98R	-0.6098462979328748
I0K,M93L,S98C	-0.25178543617511445
S25N,I57T	-0.8762068441261958
P28T,E87K	-1.501227887549909
A27D,M36L	-0.8792662337243424
A20G,N70T	1.316358415565311
R32S,S98R,H101P	-1.0663926872243223
L6R,V14M,Q72L,S98G	-0.6216587097238713
E11V,M73V,M78K,K96N	-0.71449446524846
P65S,Q88L	-0.8945158312133438
V10M,D42G	-1.6707391092169699
S25I,M73K,Q97P	0.031336063484538795
K2R,K16Q,E30K	-0.8072322924339619
E8V,D100A	-0.7073477705936095
E8V,S77R	-0.8322634043278683
K9Q,Q90H,H101R	-0.31855257118675595
E11G,F69Y	0.24093639890236007
P81S,S98C	-0.43401766038352163
L61V,W92R	-1.9773609825864982
M52L,K96T	1.7709193545832007
D42N,M52K,T75P	-2.3970866757970306
A20V,D26E	-0.25330459343432854
F69C,Q90H	-1.8905575984889398
M73L,K86T	-0.4887381551515988
A20T,E21V,Q90R	-0.6503618396292729
D23G,S25R,I57F	-1.5100426221886984
D33E,M36L,Q90K,D100N	-1.7365269631002633
E8D,M78I	-1.061559445323263
V82M,R94S	-0.37409574727497863
K4T,L79Q,V82G	-2.2686967283119692
N70H,M78K,I89L,D100Y	-2.253181325636078
L5V,E21Q,S25G,L35V	-0.3485329820629264
A20T,E84G,E95V	-0.6744622434175539
A7P,P83A	-0.4345147668455032
Y24H,I89N	-1.6772364125562953
M40L,M78I	-1.8521945332594547
L6P,D37N,M52R	-1.753159690681815
E1G,T41S	-0.5708601964581977
T38I,R94K	-1.9700913479671949
E76V,M93I	-0.447822072770312
E76V,M78I,M93I	-1.2075796863381052
V10L,D26E,S77N	-0.5174049240615515
M40K,P68S	-2.349605327549204
D26G,L35P,K86T	-1.7516671116718339
A18G,V44M	-1.084772550456164
R19W,I56N	-0.3055586820246004
N63K,E76K,E95V,Q97H	-1.618661871504843
V14E,A18T,I22K	-0.21012624368123314
A20V,E21G	-0.5878115438334462
D23G,D42Y	-1.6733338857182831
I13S,P65R	-0.6023505026253119
T66S,Q90H	-0.8070607717278775
R32T,M40L	-1.571890542100867
K4I,R32I	-1.0008449634701158
M36L,M52L	2.264266279154039
D37Y,A91V	0.7280965813729987
V10M,D26E	-0.27044410379935946
K9E,S99N	-0.13529612230046817
E30D,E76D	-0.5733097159918481
G49S,M73R,L74P	-1.8317764007709796
E8D,K9N,D29Y	-0.5112002759465786
A15V,D37N,H101L	-1.2522860743217845
E8A,E76A,V82L,E87G	-1.161806013838371
V10G,D29A,R94G	-0.4842402212593909
I13M,F31L,M73T	-0.9510504615014324
A27S,L39V	-0.4187664513918919
N17I,T66S	-1.0596535167444694
V14A,K16Q,K96N	0.12113098368147018
R94I,D100G	-0.5943583552491174
L5P,N17D,E21D,E30A,T66N,E87G	-1.3936939501215704
E1A,V14L,Q90P	-2.0980623186625444
E11V,M36T,N63H	-0.9343808035081627
V10G,P47A	-1.3384372540838465
K9Q,E80V	-0.2971469370086573
R45G,T75S	-1.3742769537367936
E11K,T75N	-0.49629076587850723
Q90R,S98C	-0.3319507431982591
L5V,Q88L	-0.7523179425080775
K2R,D23Y	-0.6241839986281039
A7V,R71S,Q88R	-1.4018928972094704
M36V,H60D,I89F	-2.060899552256797
K9R,R19G,T75N	-0.38013657647501997
E1G,E30D,M73I,S98R	-0.7672123661982206
G49S,H101R	-0.8483592279421338
D37G	-1.121928064368369
R19Q,P34H,L79V	-1.7439773125834128
A27P,R71C	-1.6316669624737417
E8K,V10A,D23E,E95K	-0.1674678113561384
D29A,E95D	-0.6185339220738287
D37V,F69L	-1.486458011625954
E12D,R32I,S77I,Q90P,A91G,H101Y	-2.304958786671433
E21D,E76K	-0.7217387517009999
I0L,N63K	-1.7194531979214516
A27T,T66S	-0.778642768827533
S77N,S99N	-0.4356641153176054
K9E,T41I,K96Q	0.05907266313955384
E11A,L61P,P68L,A91T	-2.3525119032293555
K16T,Q72L	-0.3109880504769161
S25N,N63S	-0.42708400468423036
R32S,D37E	-1.6778882175709224
V14L,P81Q	-0.865482368628761
R19L,Q90E	0.07060585445855982
E8V,L61R,M78R	-2.0332365315954894
K2T,A20T,S77R,M93T	-0.7527651285730186
Q72R,T75P	-1.7469397025423894
R32S,H60R,R71P,D100N	-2.53397063692799
Q72L,H101P	-0.3993909629577609
D26V,E87V	-1.1500948733748118
I22M,E76V,M78I	-1.389608880585599
R71H,H101P	-1.6978087159809356
M73L,S77R,H101Q	-0.5604214961492997
L6V,E21K	-0.8825396261949764
V10G,P83T,I89T,E95K	-1.1893647925787243
I0V,D37V,L58P	-1.4910729270642635
V82M,Q90L	-0.3329796925425632
I0M,E21K,E76G	-1.4680528220022642
V14L,L85P	-1.7216780809589673
D23Y,Q97L	-0.5212119645700617
N17S,P81S	-0.48201728794823984
K2M,S64P	-2.1569226482094677
V51L	-0.945842407515259
K9N,D26V,L79M	-1.3334152229002247
D23Y,P34R,T41A,Q90R,D100E	-1.7811212858292191
F31Y,E95V	-0.46917104247968866
A20T,R71L	-1.6660062053645417
T41I,M78I,E87K	-1.2956152161740437
A20V,I22L,M93R	-0.23521617719731566
R32I,W92C	-1.9198658022440216
L5I,A18G	-0.32460461156498543
S64Y,D100E	-1.1473377002456746
R19P,Q88P	-1.2952479417524037
R19G,L79V	-0.6414850929983764
L46R,M52V	-0.9402506666167064
T75I,E76K	-1.0916687932382165
N17I,S25C,M73I	-0.564067947571684
L5P,I57T	-1.0031071061766954
K9N,S77C,M93I	-0.24779833949604907
I0M,A7P,N17K	-0.7166062740537621
E21G,R94S	-0.5992853263833584
E11G,P83A,A91G	-0.6560200220813684
K4N,M73V,L74V	-1.1355433967704391
F3V,P81L,S99G	-1.6385738016805131
V14A,R19W	0.01243773788671404
L6P,P43T	-1.404966547982534
N17T,D33G,E87K	-1.8288140861650384
N63K,P68A,L85P	-2.7051722784794756
L6P,Q90H	-0.4496915809818726
K9N,Q90L	-0.2614110443291303
R19L,Q90H	-0.0783666303613929
A27V,H101Y	-0.07587538775598489
L5R,T41A,E95A	-0.7075099425634717
N63K,Q72E,E84V	-1.7206569735321449
P43R,H60D,Q97E	-1.9559509673104514
V14M,D42N	-0.6186328518901525
K4Q,A7S,I89S	-1.4856286827017051
D37N,P47A	-1.9659029633388105
E30A,E76K,E95K	-0.7363661742777499
E11V,L39M,H101P	-0.7729016068727151
F69S,R94K	-2.919997636809369
K2R,M36I	-1.3638294505315007
L6V,P65R,R94I,D100Y	-1.0194743856805468
A20V,P81Q	-0.7562770472354505
P81R,Q90P	-2.0540017300420694
R32K,P83S	-0.23468337489339655
E21D,D23G,S64Y	-1.0165055836693069
D26G,S98I	-0.584318757656155
E12A,T41N	-0.4742678970513936
F3C,A18V,D42G,F69C,T75S	-2.385642168952222
E80G,E84K	-1.02350124987838
R71H,E80K,K86N	-1.5575589234254406
E1V,F31L	-1.2079297740038337
A20P,E84K	-0.39768103232280566
A18P,R45K,F69L,S99N	-1.5818004343340581
T38P,Q72K,E95V	-2.0040082784238837
K16E,L39M,I89T	-1.1723800353697147
F31Y,L74M	-0.9927583263922106
K4I,I22T,R32K,E95D	-0.49346858013598943
T41I,S77T,A91T,S99N	-0.6381925984983505
M36I,T66S,M73I	-1.5011355290311341
Y24S,M36K,L39V	-1.3264650650873766
E80D,A91T	-0.519876655166005
P65S,T66I	-1.5213539906884186
A15V,A18E	-0.1924170765483349
L6F,A15S,D23V,Q97H	-0.8384222270556911
L6F,T41P,N63Y,P65H	-0.6299952390384114
K16N,Q97E,S99R	-0.3962197696299652
D29V,R59Q,E76K	-1.2271580286874926
S77C	-0.7398644482810401
I13T,A20V	-0.29353937948959596
M78L,S98T	-0.7107950623869106
D26N,D33G,M36T,E80Q,E95K	-1.8683464119741642
I0K,H101R	-0.5543442146623967
V14E,K16Q	-0.10507375007791442
V82E,K96I	-0.7197976833761465
S25C,R32S	-1.033718674872918
M36K,M73K,E87D	-1.3916580820263222
L5I,S55A	-0.18208779418239973
E12Q,L39Q	-1.4067235349144465
A18V,N63K	-1.5092896532350337
I89V,S99N	-0.4219104924080413
K2T,R32S	-1.335949141476557
D42S	-1.156701272505861
L6H,L74V	-1.1268027736474122
F69V,Q97E	-1.7903936593656058
R19P,M73I,R94S	-0.3125857222317671
K16E,T38S,A91G,Q97L	-0.6033733866869839
D67N,F69L,S77T	-0.8958358669882286
D37N,M73L,A91G,S98T	-1.1891887885493542
P65T,N70D,E84D,E95K	-1.6256684954278513
M73L,V82M	-0.29788694485530853
I57F	-1.8712716835825793
E1G,E95G	-0.6088902408173273
I13S,E30G	-0.6290279930146161
A7G,M93R	-0.3695505905822435
E11V,V82L	-0.8966122761256413
E21V,M52I	1.0521108856360968
T66S,P81S	-0.9319615858229371
I13M,R19W	-0.16373685238848873
E21V,P83S	-0.8065791111247982
K16E,L74M	-0.791523947285385
M40L,L62I,K96T	-1.032626778258594
I0M,E1D,T41N	-0.67818484424149
V14G,D37N,Q72K,K96T	-1.0845353825937976
D23E,S98R	-0.20211698890037627
E1L	-1.240465715347262
D29N,T38S,D42A	-1.6440916389556395
K16R,N63S,D100N	-0.9183410563073859
K2N,L61P,D67V	-1.990233565302991
A7E,R94K	-1.2268995740199613
D23G,P65R,V82M	-0.9351688622279917
I0L,E76A	-0.8262346319542079
N63K,M93K	-1.4883766581795657
I0V,I89N	-1.9631885221291971
E8V,N17D,S25G,M73L	-0.25653233113230384
E11K,S99T	-0.49891538343214564
A18V,M73L,D100E	-0.44399055080902816
K4N,D37A	-0.6518141960704603
S25G,V82G,K96R	-1.5783361581239186
D23G,D67V,M73I,E95K	-1.6015217767843888
I0V,S25R,L79Q	-1.7460715755630705
K9E,P65H	-0.3387512933268822
A20G,E21G,P68T,N70I	-2.6279471908618524
I22R,D23G	-0.782897280080928
K9T,S25C,D100V	-0.45155032223753394
V10L,L58R,D100N	-0.7246241777115594
P83R,K96N	-0.4436890086024283
Y24C,L39M	-0.5316710964363822
N17Y,D29A,D100Y	-1.0106335097784633
P34L,D100A	-1.1157953023986793
I22K,T41P,E87Q	-1.1287952010750333
E21K,S99T	-0.9553662423982769
F69Y,S98R	0.40255104378817264
E1A,F3C	-0.8695662940801477
M52L,T66S	1.4051093803096868
K9T,V14L,Y24H,L61Q	-1.554556151354551
A7E,V14E,D100V	-0.05336827309035043
S25C,D42V	-1.251105074615525
I0T,T38I,E76G	-1.450806245987662
E11Q,R94K	-1.660306825565153
D100N,H101R	-0.5141028007625322
K16R,S64F	-1.0546180902827365
R19G,R32S	-0.8242041499622209
M73L,V82E	-0.3421500298538665
R32S,T38P,I89N	-2.5404512126038528
P47R,S99N	-1.537459912498202
D37G,E95K,D100N	-1.3544127362398173
R19W,P34L,T38S,Q90R,A91G	-1.3513897021735528
P83R,S98T	-0.6993511987142551
A7G,D37Y,E80V	0.6197321511133025
A15V,N17S,H101R	-0.46983685545755843
K4E,L6I	-0.4534771633345538
T38S,S77R	-0.8720733890381405
A27V,R94S	-0.05851861553021276
D42N,F69S,E95V	-2.034504228812346
E76V,K96I	-0.9083439641040459
S25N,D37V,E84K	-0.07321949195728968
D23A,T41A,S98R	-0.9382007334434799
K9R,I13L,V82E	-0.5578060400617855
R19Q,M73R,E76K,Q97H	-0.36138881412105595
A7V,E76V	-0.7188239506388614
M73I,E84V	-0.5441858444123113
E30V,N63K	-1.5584573046918644
L35Q,S98R	-1.745694817275714
E21D,M73I	-0.3452730479192919
V10A,S25R,M78L,S99N	-0.8308939829669953
D37A,D100N	-0.7652139904386743
D37G,S99N	-1.3532003874254186
L6P,F31V	-1.3240880748343726
I0L,E12G,A15G	-0.7663875777769679
Y24H,H101Y	-0.2758118365027763
M73T,D100E	-0.3719509161555218
K16Q,A27T	-0.10898463044474843
K16T,V82A,E95D	-0.5973826136271684
A15E,S64Y	-0.8670403497193803
A15S,M73V	-0.33176420918822713
S64Y,M93V	-0.8661776276137314
A15G,P65T	-0.8180713802378698
K4T,L6V,P43R	-1.6940805773210454
A20T,P65T	-0.7968514183176757
K86M,W92L,M93L	-1.2461564706390529
D29N,H60Y	-1.8827764120895998
R19G,Q90H	-0.22347746741344035
D42Y,S77T,P83Q	-1.628051682189049
K2M,N70T	0.9845826049289843
D37G,E87D	-1.2777002175554446
D33G,N70I	-2.803054148032133
I89F,S99R	-1.5146352663667533
M52L,N63I,S77G	0.8259193979620685
R59Q,N63S	-1.0837271722248203
I0M,E1A,D42N,S77N	-1.3055757133676025
E21Q,L62P,Q97H	-1.3547985032608618
A27T,S99C	-0.2146097915083708
E12D,M40I	-0.6387898648584792
M40I,D42G	-1.8834383309674714
E11K,I22M	-0.17982519417277834
A18V,E76V,M93I	-0.5991322459366993
E87K,S99T	-0.571611976910883
E12A,L74M	-1.1010085674896548
E8Q,M52V	1.3776572523303896
A15V,A18V	-0.4476290797994813
V82E,R94G	-0.5010477064578941
R19Q,E30D	0.006711816901601629
S25C,M52V,E95G	0.9072939731607754
L6R,E87A	-0.47229971071700283
F3Y,E11D	-0.30390393022151085
F31Y,M93R,R94T	-0.5062057931766515
L5I,A15P,E21D	-0.36900993015868266
I13V,M73T,E84D	-0.4017904165192081
F3L,N17K	-0.5199661257350989
A7S,S25C	-0.15419255391492315
V14E,E80K,E84Q	-0.36148831589999864
D37N,N63T	-1.589660389428332
E8Q,D42Y	-1.453552815740346
S25R,D37G,D67N	-0.14033271428665137
Q90H,D100E	-0.47899547607629045
N17I,N70Y	-1.9655971196891686
A7G,A15V,D23N,P81T,M93I,D100N	-1.0938736636624524
D29G,H101P	-0.5087525000060709
E11Q,P34S,M36R,S98I	-2.31192487027089
D29Y,R32S,N70K,S99R	-2.267197911260445
E12A,E30D	-0.3582528830587014
P83S,S98C	-0.4323508188096062
E21D,T66S,M73F,V82G	-2.2635157088024984
V44G,S99N	-1.6685093540155536
D29N,D100E	-0.6476554375086623
F3C,E84Q	-0.5919480225736884
L79R,R94G	-1.7401860410819303
D37Y,S77T	0.5437313360758342
M36I,M93I,R94S	-0.8243895300188255
H60Y,K86M,S99N	-1.637909713908504
F31C,T38P	-2.3973154231361415
L62V,P65L	-0.5997144147556251
V14M,I22V,R45S	-0.862199821540746
I0L,F3L,E12D	-0.5410348623392611
Y24F,M73I,M93I	-0.1965145002711972
E21V,E95K	-0.5969338253631054
E1G,S99R	-0.721457367169833
L35R,P81Q	-2.061616121302076
P34H,P68A	-2.84412662339635
F31C,M40V	-2.2024501709101894
M40V,N63K,L79R,K86Q	-2.0896941997677847
S25R,P34A,T41S,S99N	-1.6511402000026956
K9N,Q72E	-0.9739512758963668
I56F,A91T	-0.6734924069700619
F3I,D42N,P65A	-0.7846035366939405
T66S,E80G	-1.4288425139178837
Y24S,E84A	-0.2027644899653973
T38I,W92G	-1.9361154705514874
R71G,L85R	-1.7613679849823691
E80G,M93V	-0.6003542927664143
M52L,Q97H	2.342095202839575
L35M,N63H,R71L	-2.1983817286150464
I22L,N70D,R71H	-1.8772387331452383
L6V,M52V	1.355787361297302
N17I,D26Y	-1.066779835279882
I22M,Q72H,P81S	-1.4252987939550859
H60R,E84G,D100Y	-1.7359631898051933
K2R,A18P	-0.677893620572362
F31Y,E76K	-0.6426025555296917
E21V,I89N	-1.9603814636054875
M40T,T66S	-2.0854832134163583
K4N,A20T,S25I	0.010711474112980415
Y24N,T50A	-0.6075902250231684
E30G,P81S	-0.8347684880370568
E12Q,S25N	-0.09190824044644351
L5F,V10L,A18T,Q90E,H101L	-0.22984914146649024
E12V,E80K	-0.5605172703865016
E21G,D26Y,V51I	-0.967523508961319
Q72H,Q97L	-1.3792380656609358
R71H,E95D	-1.7015331794666908
E12Q,K16R,D26E,P65A	-0.5085931030560258
V14G,D42H,V44M,M93R	-1.8614688184652695
Q72P,M73L	-1.9321758447363235
S25I,D42N,A91D	-0.3957883395014534
K2N,V14M,D23A,F31S	-1.5474837611263659
E80V,K86N,S99C	-0.6506635599403334
Q72H,M73R,V82M,I89V	-1.294338389749952
E11V,D26G,E87Q,S99N	-0.8960152783959128
L35M,N63H,L74V	-2.0866027651949173
L58P,N63K	-2.0225040026768166
D37N,L85R,I89V,M93L	-1.353521709052206
E1V,A7S	-0.5194637667969022
G49S,K96R	-0.6874645491397664
I22L,D42N,M93I	-0.3750324004993427
A18T,M36L,L61M	-0.2470502342221415
L62H,S77N,S98T	-0.2949414903280895
I57L,F69L	-2.216686310189737
S25I,D37A	-0.09769350571027174
D26N,F31I,E80V	-1.5409404202767587
I22L,Y24C,Q72L	-0.505548655616604
I56S,P65L,E80A	-0.923948511498941
D23H,T41S,L58Q	-0.915518895464774
N17D,R71S	-1.3948543009862737
A18V,M40V,L62I	-1.3799868922935865
S64F,Q88L,S99R	-1.3921217454539503
D26E,T66N	-0.7848131715353024
E21A,V44L,L62P	-2.1853378731498534
K2E,Q88H,Q90H	-0.9031135695633083
I13N,E80K	-0.3527763735258087
E12D,N70Y	-1.825292988270499
F69L,K96I	-1.8353850292241212
R71L,E76K,S98R	-1.7753185491877095
N63H,M78L	-1.086392053527823
A7V,H101P	-0.3590132142750653
W92K,Q97H	-1.4273275081879802
L5F,K16M,E95D,Q97L	-0.3481962198506975
P28S,M36L	-1.1075558492351119
A18V,E87K,H101Y	-0.5508888723298638
K4N,L85Q	-1.2086708055412743
V82M,M93L	-0.149890756261561
D37H,G49S	-1.5018518763033717
L6V,R19Q,L79P,E95D	-1.4727729407941768
S25N,E30V,E76Q	-0.64807732273371
R94G,E95K	-0.33141571159992056
P34R,F69S,T75N	-2.6027090696542445
L5F,L74V	-1.167823073838308
A18T,G49S	-0.8540973907912671
E21G,S25N	-0.3067450545184371
E8V,A20V,T66S	-0.898949357653634
M40I,R71S,I89T	-1.7814224951301467
A7T,L85P	-1.5578647395128413
L6R,Q97E	-0.39217617923986586
K16T,D37H	-0.8844368452662935
D23Y,M52L	0.7049403282736051
S25G,E95Q	-0.21926559677852012
K4Q,D37A	-0.7852233218131832
E30D,S98N	-0.26840994564072207
N63D,H101L	-0.9732113677525666
L62H,Q90H	-0.27154772752200607
K2Q,M52V	1.120659332596081
V10A,A15G,M73I	-0.5015937978277238
R71P	-2.170332081909452
R19P,T75I,S77N	-0.6994647462468778
D42A,L74M	-1.7706660889397299
L6R,M93V	-0.17560899061668195
E12Q,E21D	-0.4049997289477509
E1Q,T75A	-0.8053940522262557
N70T,T75I,E76K	0.4988135866290492
A15G,S99G	-0.48251953445369355
K16R,D100N,H101L	-0.5472619226101385
V14M,A15S,A91T	-0.5254574549163185
A15V,E87D	-0.34008434378856134
A18V,K96I	-0.563002842598749
M36R,H60Q	-2.222294368373426
E8K,S25T,R71H	-1.6094382852518176
M73T,P81S	-0.3375602911135184
E1K,M93L	0.004122419998639951
E76G,H101D	-0.8019011033393166
I0L,D29Y	-0.9099983702438382
D26G,V82M,D100G	-0.6800463005351731
E21K,H60Q	-1.968455240605132
P34L,M52L,H101P	1.016924229925923
A7G,E11G,R19Q,M52V	1.4925477883788156
E11Q,D37G	-1.37401399362217
K16M,Q97R	-0.4179301734760077
K9R,D37N,T75A	-1.2943347011271553
R71H,R94I	-1.7542288329790805
K2N,K9R,E80A	-0.4702129219264427
F3S,K9I	-0.662379324568972
K2R,N63D	-1.1972074983838572
M36T,K86T	-0.7292759535924048
F31S,P65T,Q72R	-2.1280439785788685
E12D,F69Y	0.4408424008374317
A7E,P81A	-0.07362497616094642
I22K,R59W,E80V	-1.6131296463457023
N17Y,E76Q	-0.8394318310477882
E1A,Q97P	-0.8164961260041547
I13S,S25R,M52V	0.9413747738316987
M78L,K96I	-1.0408642099653092
L6I,D29N,H101R	-0.5451842814070449
F3Y,D26E	-0.25177026103646194
V51I	0.2389041596051668
D42G,L62P,E95Q	-2.092158004961324
I22L,F31L,E84G,A91V	-1.1158377586499983
I13V,R19Q,A91V,D100N	-0.2637108531442644
S25R,S99R	-0.6936173031282932
S25N,T38P	-1.6621720748781665
I0R,E76Q	-0.7276254015506105
K16Q,T75S	-0.3478228974340896
E87D,H101R	-0.3115902654295998
A15T,P65R,T66A	-1.7263230493155817
I0R,V14L	-0.5949634029157918
K4I,M36L	-0.16259019789284693
K4Q,L6R,K16Q,A27V,M93I	-0.41504191034321075
N17H,T66N	-0.9674680565128182
A20E,T38N	-0.39797102504533627
M40R,S99N	-1.9400769726774336
E1D,E76D	-0.7434861146656504
L39V,R71L	-1.55846931030657
A15V,E30Q	-0.5734785541099663
R71S,E76G	-1.8528435002891919
I22M,R32K,M73I,H101Q	-0.22759673033307054
A7T,S98R	-0.40560389567121496
E8D,L39Q	-1.3764188457100486
N17D,S25R	-0.3710055047656629
I22L,V51G	-1.6974398095116907
K2M,E12D,E87K,S98G	-0.8458857363082827
A18E,T66I	-1.1480882037786864
K9S,K16N	-0.30084551206252474
T38N,I89S,W92C	-1.9436857935249188
P28L,T66I	-2.0839807418219665
P65A,L85P	-1.8308414756233515
K2Q,M73L	-0.7794297411513723
F69V,S98G	-1.8710929184709009
S25R,P83Q	-0.7387835982265434
N17K,D26E,V82M	-0.6416478685780933
F69C,M93V	-1.6330634230541015
L5F,D67E	-1.6659629825939934
L39Q,W92L	-1.7202489098151164
L61M,P65T	-0.8340142970693062
R71G,V82A	-1.9961347470262694
R94S,H101L	-0.39042457498181865
E30V,H101Q	-0.6108944893129411
E8D,N17K,E87K	-0.6614758119805154
E84V,I89S	-1.6679939049695374
D26G,T75S	-0.6542950452048107
A91G,S99T	-0.49695586510704925
E1D,L6R,Q97L	-0.5239885184540201
I0T,V10A,E12A	-0.6251507934657692
L62R,Q88R	-0.16374861678568362
V14E,A18G	-0.14045181012154234
K2R,M78V,E95D	-1.407709929004917
V10E,P43S	-1.4554563080170224
M78I,Q90E	-0.8773054360299227
S25G,H101N	-0.016465520868266463
M36K,K86R	-1.41896703822409
N63I,V82L	-0.6407207318567728
V10M,E12Q	-0.4110675772280453
E8D,N17H	-0.4361053608513047
I0L,V14A,D23E,M52V	1.288991145131166
N63Y,R94K	-1.0235674935234984
D29A,P65A	-0.6282416905424901
A20G,I89F,R94S	-1.4327053762722395
D23N,V82L	-0.850908268832546
S25I,P81T,P83R,Q97H	-0.8458703282946369
I0L,E8A,Q72L	-0.8663172388887789
E11Q,E87K	-0.5602324488041898
N17I,A18E,Q90L	-0.38394121834971817
E11G,Q88L	-0.871422901491774
V14L,A15T,M36V,T75A	-0.8496895982424387
L62H,M93T	-0.11080133647274741
D23E,D42A	-0.943169895183946
E21A,P81T	-0.9903111944427019
V14M,A27P,S99N	-0.450362249837511
T41I,M93K	-0.368594712097173
M36I,Q97P	-1.0492309811680847
K2M,P83Q,E95G	-1.0233969992821828
R19Q,A91V	-0.11876110244164687
K4T,I22K,D42N,D100N	-0.8541189735847573
D23N,M78K	-1.031785264084797
L35M,M40V	-2.188692736244237
A15G,L61M	-0.3934097817186403
N63K,P83T,E84G	-1.5741774362885632
R19Q,P28S,L85Q	-1.5212890516293602
L39R,T41I,D42N	-1.751208430105963
L5V,A18G,E84V	-0.489387448696889
D29Y,S64C	-1.6208784731832238
S77N,M78L	-0.7837379463439276
D23N,T38N,N63D	-1.2763067920175788
A27V,Q97R	-0.19099744331087654
V10G,D33E,M93V	-1.367375713867633
N17H,E87Q	-0.38294125279904473
A7V,E76G	-0.806490272885088
D29N,R71G	-1.8486740913725221
D37E,Q72R	-1.3094739774515265
A27G,D29E	-0.28778238314918675
S64V	-1.3784577227880765
N63T,Q88L	-1.1686594267157087
E76D,A91V,S98C	-0.7953961445022635
P81A,K96N,S99N	-0.26925967967188397
R19Q,Q72L	-0.21437236495192497
A7V,S64Y	-0.9922026771196668
R19G,S99C	-0.2940153512480095
R19G,F31L,L58Q,H60R	-1.5855225411610627
N17H,K96Q	-0.31753115479999927
D26H,P43T,S77R	-1.8291567222950054
E12A,Y24S,M93V,S99C	-0.29736113996945224
I89F,S98G	-1.4090283529433303
I0K,M73V,E87A	-0.5143364651703766
M52R,P68A	-2.426524325246239
K9R,A27P	-0.3991215709907747
L6R,E8D	-0.4822033635786828
E1D,S25R,M36I	-1.162613286517677
P34H,S64Y	-2.1151753321801494
V14E,D23V	-0.6828895865344408
E8D,E30G,A91T	-0.7677543239159327
V14E,L62P	-0.8322770281038956
L6R,M40K	-1.442180874423706
L74P,Q88R	-1.6088426052689702
K2E,F31L	-1.307817894480842
R32C,N63K	-1.6798412929859314
K4T,T66A	-1.6223795785254518
K4R,E21G,E84G	-0.8882317646609442
E30A,D100G,H101R	-0.6559424447598436
N63K,T66A	-2.199984044815047
L35V,S77I,H101L	-0.7051116853392125
A18G,R32S,H101Q	-1.0770182979949923
G49R,M52V	0.6326880694411607
E30G,D100H	-0.7943714417982143
E1A,L74V	-1.6893459322755149
S25N,H101L	-0.014813551562109319
A18E,R32G,P68S	-2.0896293997251054
K16R,F31Y,L39M,I89V	-0.5860912241446439
T38I,M93L	-0.6250049927458341
I0R,F69I,E80K	-1.6105517397309836
E80K,V82A	-0.6195253095986815
R32S,M36I,L61P,W92C	-2.489312417407172
E95A,K96E	-0.32650117677024587
D26H,D100Y	-0.9680229993798061
D29Y,P65R	-0.9263580941653337
E76G,M93R	-0.8618251383534751
A20T,N70H,R71S,S77G,S99C,D100Y	-2.0952965948275715
E30V,Q97L	-0.6954782052293311
L5V,P28S,P68S,H101Q	-1.764997616377737
A15T,I22M	-0.11993038777069495
K9R,D29N	-0.6243198809078766
M40K,R71H	-2.17380771152111
I22L,M93R	-0.22302701272817493
K9Q,D23G,R32S	-1.2020926592459502
R45G,E76V	-1.5642538217293536
I13V,K86T	-0.5813755312625127
S25G,M93L,D100E	-0.025693476117909453
T75S,P81S	-0.5679855226909543
E8D,S25C	-0.2559751976886524
D37Y,Q97H	0.8144171135731854
N70H,R94T	-1.879295452480965
F31I,E95K	-1.4096339772999837
Q72L,M73L	-0.35896131111088125
V14L,E87K	-0.5616453109978492
D26V,D37A,K96Q	-1.1005979015155802
N17D,D23A	-0.5078646272564397
D23A,S25R,P34A,M52V	-0.7055511070580545
I22T,V82M,W92L	-1.2602575756947967
K4R,Q97R	-0.5373129242438011
K9D,M78I,A91D,S98C	-0.9948182125021172
E11D,S25R,M73R	-0.4799359344955678
E30V,E76D	-0.9269674616998108
A7S,T38I	-0.6336160754931748
L6H,L61M,M93L,H101P	-0.17548964848538876
E12V,Q88H	-0.8388797008301612
L5V,E76D	-0.6161126871201082
T41P,M52T,R94I,S99R	-0.9726814882849693
N17H,A91S	-0.49230485699670357
A15V,P34L,N70S	-1.4201752259351
E95D,H101Y	-0.326709458374599
F3C,E11D	-0.42064883514330476
E12A,D100V	-0.5444231775906009
K4Q,A7E,D26G	-0.3222466997759899
A20T,E95K	-0.23450875840767407
D26Y,M52R,N70K	-1.969774481190495
I0L,S98I	-0.6648257843821745
A18E,R32K,L62P,N63H,A91V	-1.187642220103266
K16T,D23Y	-0.31179340275434847
K2T,D23Y	-0.6461343143513829
I0K,K96I	-0.6662495841666742
D29V,D100G	-0.7923446019007765
P83S,M93I	-0.17031206651656555
A20P,S64F,T66N,V82M	-1.6511202698361775
L61R,D67E	-2.298145608222658
A27D,D67E	-1.9891814749802184
E21K,Q97E	-0.7871311535574466
A91T,D100V	-0.557352879750472
D67N,Q97H	1.4325608216517733
I22V,F31V,D37E,M40V	-2.4464002011506074
M78L,P81L	-2.0159942749770554
V14E,W92L,E95K	-1.001415840203253
E8D,M36I	-1.0966361083426404
R94K,S98N	-1.6420246214762517
E21G,M78V	-1.3804766530062018
E8D,K16R,D100N	-0.47031304923679396
D23N,S64F	-1.2416830222919342
P81L,M93V	-1.2833456652229531
N70S,S98T	-0.6346571316175262
L6P,T75S,E95K	-0.4319327768754899
K2E,E76K	-0.9853295354308675
L39P,S64Y,P65S	-1.765248855849021
I89V,H101Q	-0.38365853892653934
R32I,K96T	-0.8969488955882221
E1V,A7V	-0.670438055670014
D29Y,P34A,K96Q	-1.5569022426676804
D37V,I56V	0.30831317435203354
E11G,V14A,K96T	-0.3569799026127314
T38S,M93R	-0.8059621066649102
A18G,D33G,L85P	-2.2519892802666486
S25G,I56N,M78V	-1.257334565117379
T50A,E87Q	-0.580991080049899
A20V,M36T	-0.5858084474418278
A18V,E76K	-0.7413120640582463
E8Q,N17S,D37N,E84A	-1.125534458296741
F3S,D42E	-0.515658025131358
A27D,E80K	-1.0605069681330859
A7S,Q72R	-0.5307336643012076
D26A,S99C	-0.7269504254841933
V10L,N70I	-2.1876122653151255
P65R,T66S	-1.0789602291759097
F3L,A7P,S25I	0.053294214313216626
A15V,N17T	-0.3580676746424488
E80Q,K96I	-0.5038618261924322
E21K,E84K	-0.8576946419762002
A18P,M52L,N63S	1.1869908069663602
I13M,R45T	-0.7509021139221663
N63Y,D100G	-0.23877431628122173
D23V,E95V	-0.9021084321860653
D26V,P65L	-1.4775748541070841
F3V,M93L	-0.10017249311808876
M73V,L74R	-1.83777242930909
M52L,F69L,T75S	-0.5778559394194032
P83L,H101Q	-0.5505393730951653
R19P,S25R,E84K	-0.4760254871395361
R71C,I89F	-2.199719060379504
D26H,E95V	-0.9631317731298509
D23E,S48A,E76V	-0.3196267586391081
A7E,E11A,E30G	-0.4644914488898484
S25N,L46V	0.0964675292966293
K16N,N17Y,D23H,S99N	-1.0426521602375447
D26H,T75S,Q90R	-1.018189402328813
E8D,K9E,A91G	-0.052918825692093274
K4E,P65A,A91P	-1.6368927112044418
D100V,H101Y	-0.5568651473126732
A27S,M40L	-1.1886548026919166
M78T,E80A,L85Q,D100Y	-2.1194996315027606
I57T,S98N,D100A	-1.0862473047739971
S98G,S99T	-0.3904149145434336
F31Y,L39V	-0.2563861611245706
K16N,D23G,P34T	-1.35899605149815
A27S,L39Q	-1.4597130102238427
D42H,K86Q,I89V	-1.0354254887788497
D37Y	0.8618897569277622
L74Q,E80V	-1.8703420169797926
D23E,S25N	0.16676567262263828
S25I,I57T	-0.5666254298681255
K9Q,D26E,E84K,R94S,Q97L	-0.9112004923756277
I13F,L62H	-0.30836181552306174
L6V,M40I,M78I	-1.3334175423765193
Y24H,Q90R	-0.3899071831093378
F31L,E76K	-1.3598576924987573
L6F,M93V,H101N	0.027666171920849067
N17H,A91G	-0.5142674243538319
E8A,E76G	-0.9557645963537993
Y24F,S98C	-0.25009614153427495
V10L,L35M,A91V	-1.628245224534748
D67E,K86M	-1.7666637875907825
S25G,F69L,S99R	-1.6917795564221756
Y24D,E80A	0.6949174542147928
A20V,E30G,T38I,V82L	-1.286348855234333
K2M,Q90K	-0.8337354901279806
P34L,D42E	-1.350910640547283
R19W,S25R,S99N	-0.24041502139924908
A15P,R19Q,S98N	-0.17546985500360185
F3L,I13T	-0.3012065224626211
L6F,V10L,E95G	-0.46808988499143056
D67A,R71L	-2.450322221324975
F31Y,N63Y,H101L	-0.02868207980873589
D23A,E95K	-0.6056559327927384
E11G,R71H	-1.8033610255256267
V14M,Q88R	-0.27557576239675396
I0R,E1Q	-0.645145175829557
A18G,E30D,M40I,M52V	0.3210911974918629
I0L,S48P	-1.382513137847617
F3I,A27T	-0.24018052831829126
E1D,K2R	-0.6534646529093815
L6H,E84G	-0.47408354553547505
M78V,S98R	-1.1865308612052745
F69Y,S98N	0.4884248358198825
V14E,S98G	-0.1908610401222531
K2N,L61R	-1.5759646387407709
S25V,K96Q	0.05228750347332861
S64F,M78R	-1.5845760117948051
I13L,E30G	-0.7228865557367709
L6H,L46Q,T75I	-1.5567861271094734
P34S,F69Y	-0.60813409090325
T75I,R94T	-0.7149694428439494
M52L,E80D,P81S,M93L	1.506083531288944
F3I,D23E,S64C	-1.122212450817048
E84G,A91T,D100V	-0.7160295743898886
A15P,I22L	-0.3714270849871981
K2M,N17D,I22L	-0.4160575649081806
D67N,L85P,I89L,D100V	-1.4110324831546484
K16W	-0.4563408823126093
A27S,N70T,V82M	1.2711569852918756
V14E,S64T,T66P	-2.086187783720256
D29A,E80V,E84V	-0.7524246777610729
P65R,L74V,L79P,D100E	-2.332911302561369
T41N,R45K,P68L	-1.996301702616147
L5R,Y24N,S64Y	-1.1980714818289906
E1Q,S25C	-0.3626643481205359
M78I,M93K	-1.119397672316114
D23E,S77N,E95D	-0.19868623514283892
N70I,M73I	-1.8573570908622976
D23A,Q90L	-0.7810752262081111
I0L,L39V,P81S	-0.6767678908016959
L35Q,M52V	-0.9176871603109543
K9E,R71G,E87V	-1.405832193089402
E11D,S64F	-0.9692200431673414
K4R,I22R,L79V	-1.088479887198473
L62V,L79Q	-1.3429365330418097
D23E,E30A,S77N	-0.46004578920831074
F31S,L62I	-1.675317601517149
E8V,R19W	-0.3721284636689023
K4N,E21G	-0.6200211292407842
D26H,E84G,M93I	-0.7955680416820899
K2T,D26A,N63Y	-0.4266931453307276
S64Y,R94I,H101D	-1.223029932907754
A7S,K9Q	-0.18621480793028866
E8D,M73L,D100V	-0.49950683017935665
D23V,K96E	-0.6975359870596458
R32I,R94I	-1.0001638762054528
M36L,P47L	-1.6171731340145774
D23Y,H101P	-0.37393311898988235
L6R,D23N	-0.6678525596984234
L6I,E8G	-0.5555237878216044
V10G,E30V	-0.5721236631910407
N70K,T75I	-2.0933348195448653
K2Q,R59W,E87K	-2.0739424132367734
I0V,E30G,T75N	-0.9544835019921999
R19L,Y24H,T66S,E84A	-0.5922044007360786
A15T,N70S	-0.4957132748715777
N63S,S77R	-1.1023448433110934
E11G,M40I	-0.7271327193166566
A15E,E87V	-0.33579014375104455
I13T,E87K	-0.46455666606360246
E84V,S98I	-0.5713397439710192
E21Q,D53E,N70S	-1.0778577538605294
D29N,F31S,P68R	-2.3249968126516487
E21Q,P65A	-0.666204278219362
E11V,M93L,R94G	-0.4938208681169908
N17S,Y24N,M40I	-0.709564374133824
E21Q,S25G,T75S	-0.5711208319550253
D42N,L74R	-2.044394800786397
K2T,Y24S,T75N	-0.646709777717427
P34T,W92R,D100N	-2.2714673644286694
I22M,T75C	-0.49982549107503343
R32S,L62P,Q97R	-1.663611705669241
K4T,M52L	2.123777096618933
D23V,E76V,Q88R	-0.9723381429643272
M93T,K96E	-0.194994413085658
I0M,M73K,W92C,Q97L	-1.6661352058957888
L6F,E8A	-0.47026960016721536
P65T,Q90K	-0.8827988676990457
A15G,K16N,E76K,S77N	-0.7393514679357632
M78K,S98N	-0.6994426705947518
P81R,A91T	-1.005967221756785
E12A,V82L,K86R,A91V	-0.6484312798392865
R19W,T66S,S99N	-0.6273078485518598
L6H,A18V,I22V,M40I	-0.6821137413757896
D23E,E76K	-0.45876474071856144
K2M,Q88H	-1.0213630572716754
R19Q,T50I,P65L,K86M	-0.36006015177174355
R19L,Q90R	-0.01277939316409989
G49S,M52V	0.6584468370187999
E87D,S98R	-0.46934023621865995
A27S,M78L,M93L	-0.6557014529716212
L6F,M78L	-0.6172672522526497
T75A,Q90H,R94S	-0.7043038612818426
A20V,A91D,M93R,H101R	-0.5638723430645918
E80G,H101L	-0.920888341842615
L5F,V14G,D23N	-0.5362453020402478
S25C,D26Y	-0.7124060176615824
F31C,A91P	-2.1875350497262294
T75P,S99R	-1.5760813026345057
A7E,R32T,P81L	-1.4335655229033206
Q88H,R94S	-0.5532530443573911
E11D,E95D	-0.2984851221966471
E12K,T75P	-1.549561600363256
A7V,Q90A	-0.5124976611362797
A15T,D26Y,S99R	-0.9304590709723403
D29H,S98I	-0.9345889476078545
D26H,E87V	-0.9774127536228618
E8K,T41A,S98R	-0.5863502039641696
Y24F,D37N,E80V,M93I	-0.9225724323967547
A20G,E21K,M36I,P68R,K86N	-2.3924071417711343
Q88L,A91S	-0.7775527089657743
R32S,R94G	-1.1639157050013371
A20S,Q88R	-0.24469318199343038
K9T,S77T,E95V	-0.7092574069415979
E8G,E80Q,Q88R,Q97E	-0.4686009567425962
A18G,M73I,A91G,K96R	-0.47080638755046683
P34R	-1.5334847861474263
R71G,M78I,M93R	-2.1998772384165592
V44E,P65A,E80D	-1.4919418843616152
E80D,R94S	-0.3915042335018949
K9T,T38S,M73I,S99G	-0.7209970896295089
H60P,H101P	-1.6890140496342494
A27T,V51I	-0.06944290890395796
D37V,N63Y,T66I,D100N	-0.5493634895129373
L6R,Y24H,D26A	-0.7251103569416341
T75S,Q90H	-0.4799776954579111
E30G,E84V,E95V	-0.9666081646494594
F31I,L61M,R71C,M78V,S98C,D100E	-2.2832499001122697
E12K,Y24N	-0.45838771904890663
D26V,V82M,P83T,H101D	-1.3140703241479144
K2Q,A15V,M73I	-1.026483306786481
P28S,W92L	-1.723131567592116
T41S,S64Y	-1.1618658314007684
H60Q,N63K	-2.138991129667301
S25C,E87K	-0.3343535463619453
S77T,H101N	-0.5120663641651305
N17H,P83Q	-0.6373872795288082
P34S,M52L,M78I	-0.5308695540956725
K4Q,M73L	-0.42039929063717213
Q72H,M73K	-1.2391787200638995
N17D,T75I,K96N	-0.27849152869139554
E8G,R71C,Q72R	-1.9059085830450984
E11Q,F69Y,E84D	0.16171591219529857
K4R,A18P,S25I,L74M,Q88H	-0.8926728371868311
N63K,Q88L,M93I	-1.3266721345949017
L5R,D37A	-0.7786280208023583
D29Y,M52V	0.9382893831093921
D29H,H101R	-0.8821551961865224
A20G,S25R	-0.6453516953849847
F3I,P83S,S98I	-0.5630721375609231
L6H,D23Y	-0.40778946159453994
R32K,T66N,S77C,Q90H,R94S,S98N	-1.3968620802446512
N17Y,R94S	-0.4887460027877232
Y24D,M73I	0.7541206054871846
S64F,E80G	-1.6414204181940406
D29V,Q90E	-0.5375189184079285
K2R,F3I,M73L	-0.6229371569059183
L6P,M40I,T66I,E76K	-1.6113186988585548
A7P,K9N,D100E	-0.2312845731263193
V14L,M52V	1.4461138094703148
E11D,K86N	-0.515220396757798
E11V,I22M,L74M,A91S	-0.9932889187250464
N17Y,E80K	-0.5384630822238384
E1V,I89T	-1.3774216902056557
N17S,P34A	-1.4035431389041453
I0K,K9Q,E11D,M93I	-0.20582338482471438
M40V,T41S	-1.5976540725827018
R71C,E95A	-1.737546716390939
I13T,Q90H	-0.38560085601106014
N17I,M93L	-0.3451753572090509
K9N,T66I,M73L	-1.2295778713139345
R71L,Q97K	-1.6826489636163724
F69L,M73I,E95K	-1.6011533210493356
K16S,M52V	1.5862321229633742
I13V,M40V	-1.4788724301443072
L61P,M93L	-1.51424144800507
Q72E,P81Q	-1.3330483710010737
E12A,A27D	-1.045123863659216
K9E,R19G,D29A	-0.08831026835393388
E11V,F31L,D100E	-1.2087591555172483
E21D,H60L	-1.9881903278071613
A15T,S77G	-0.2721932521530097
E30D,D37N,S77I	-1.5488271372729363
N17I,R32S,S98N	-1.1913516655016734
R45K,S98C	-0.2993440732510459
D26G,H60Y,M73L	-1.5238260489816313
E1D,E12D,R94G	-0.453422972234309
R32S,Q90L	-1.0825747980424556
A7G,R32T,M40I,S99R	-1.0200647557641263
M36L,E95D	0.0421681591055095
N63P,S64P,R94I,D100V	-2.2606943755142326
L5F,S98T	-0.24067577167971332
L5R,E21V,E87A	-1.0213817279558488
N17T,R19G,Q88R	-0.168642090818859
P65T,Q97R	-0.9568974718942258
E8V,Q90H	-0.5940845088057631
R32G,H101Q	-1.7958665308958397
A15V,A20T	-0.3430240643760515
R19L,I22M,N63I	-0.18975018809999425
M78K,H101Q	-0.7131207701451565
E12G,R94G	-0.5353515977085361
D33G,M52R,M73L,A91G	-2.1123662880864518
E12V,A15P	-0.6122015816967054
T75I,Q90R,D100E	-0.7750066255474768
E12V,F69L	-2.0056824587379625
Y24H,M93L,E95K	-0.22074500523705337
D42H,H101Y	-1.1653016865685308
E30D,V82M	-0.3503884304421687
E76Q,E84K,A91T	-0.7559324967049915
A20T,Q90E,E95V	-0.3671474732118781
K16R,T75S	-0.41550574018159797
K16Q,R71H	-1.7065972496606339
D42E,S99R	-0.5477329857712571
A20S,H101N	-0.2629618783737725
D29Y,T41I,N63K,E80D,K86Q	-1.4898473707860402
D26N,M78I,D100V	-1.4028151576456112
T41P,M52R,D53E	-2.283143793036901
T66N,N70S,M93K	-1.1520900257242865
V10G,A27D,R32K,P83Q,S98I	-1.2244496942351395
I0V,E30K	-0.8206712850231372
M40I,V44L,K96Q	-1.3705758961103127
A91D,D100Y	-0.503260092209419
I0R,V14L,M52V	1.1583820612226101
A15G,E76A	-0.6256639146206301
A20V,P65S	-0.4414316135976669
Y24N,M40I	-0.5570966207538507
R32K,E76D,S99R	-0.6472014083341454
A20E,E76D	-0.2324742185433511
E1K,P34S	-1.4336400459932201
H60R,M93L	-1.678765142340724
E12V,A20S	-0.5615461436656493
M52I,E84K	1.2515738340727638
K16E,D67N	1.4540782255538716
D100A	-0.518137182285344
R71S,S98R	-1.822811230118588
M52L,V82M	1.983706307581091
A27G,D42Y,K86T	-1.5374915525493906
L6F,K16M	-0.2560497824574913
A15T,M36K	-1.4597530312023586
K2T,D26V,S64F	-1.663333687255887
K2Q,R59W	-2.1497897074251986
F31I,R71C,D100Y	-2.07768858295227
E12D,M73L	-0.33185922551517133
K9I,D37E	-1.3793452453663244
F31V,M52V	-0.8832559736826301
N17S,R32S,L62V,E76V	-1.1819467702159896
I13V,L35M,T38S	-1.605096886191619
L6F,S99N	-0.28659761418279295
E8G,M93I	-0.23524230841324678
I0L,K4R	-0.6850550901982908
N70S,D100E	-0.6430566434775403
V82L,W92R	-1.7304480057355582
K9I,V10L,I13V,A20T	-0.8314313958290922
K9E,K16N	-0.025778886244437534
E1D,L5F	-0.30067299703847733
L46P,R71G,E76A,M78I	-2.6123399041139215
K4N,I13L	-0.39423505576708767
N63K,N70D	-2.0256903044773473
D26A,L61Q,N70S,S77I	-2.089252874733056
K16N,D26H	-0.7741077565107218
E8V,L61P	-1.8206845719267186
K2T,E76A	-0.9183031062026408
A18G,E76K	-0.6477312894766265
E1Q,A7T	-0.37910918316174164
L61M,R94G	-0.46246254697708966
F3V,K4Q,Q97P	-0.6224078426904877
E21D,I56T	0.5305293903310386
E11G,S48T,T50A,N70T	0.7195895031862624
E12V,A20S,D26H,Q97H	-1.033904298546722
E21V,P81A	-0.8680958910743085
R32I,T75P,M93V	-1.6063041080829594
D23E,T66S,E95V	-0.7560544017461199
K2E,E8Q	-0.7392743440861563
R32S,E80K,M93I	-0.6979484617405003
L46V,T75S	-0.31101940986901444
F3L,E8V,M40I	-0.7694496411242664
Y24S,H101Q	-0.27381469386959856
E11D,D26H,M73I,E84G	-0.9073695384184466
M36T,L62V	-0.31923461466913583
K9Q,V10L,D23V	-0.9586293219373453
A7T,S77T	-0.4941369269637188
D23E,E76Q	-0.40727764907195974
D23H,S98T	-0.8177251190471644
V14E,S25C,D42N,Q90K,H101N	-0.5237611097952577
E1V,D37E,M52R,L62V	-1.9760691513952429
R32G,T41A,S64Y	-2.061808150814189
L61V,F69L,L85R,W92C	-2.1903387713373266
A27V,M52V,H101Q	1.5061989095570267
R19G,E84G,S99C,H101Y	-0.5604809776582793
K4N,P81R	-0.8863406320151032
T66S,P81R,V82M	-1.5300421106477713
D26V,F31Y,T75I	-1.3251461687384527
A15S,D23Y	-0.41252447737574693
V10M,E12D,S25G	-0.16713274313465087
E12D,E84D,M93I	-0.23815948141337465
F3L,K4E,L5T	-0.4402578629524411
N63K,K86Q	-1.328349052057719
E30A,N63S,R94G	-1.1371109987841395
T38S,Q90R	-0.600957269987084
V14L,H101N	-0.35404225158083535
E21A,T38S,R71G	-2.0143635515621345
A15T,S99R	-0.5685090519187317
K9E,A27T,A91S,R94S	-0.09227938599659254
S64F,T75P,S99T	-2.005481366370196
A15E,L39V	-0.015237419677594663
E21D,E84Q	-0.5036445020868163
R94S,D100N	-0.4297299891973839
K4E,M73V	-0.3698085339640529
K16N,K86M	-0.3719685015891834
F3L,K16M,D100A	-0.5137257478449827
A20T,T38P	-1.7247480300248381
R19W,P68S	-1.6068522919471964
I22L,V82A	-0.44121094785104414
E11G,Q72R	-0.7804124925329506
K2R,E11D,F31Y,M78I	-1.1248817682168175
A20S,I57V,Q88H	-1.063567762031426
V51G,I89L	-2.074299975894991
A15V,I22V,S25G,M78R	-0.9458567735443161
D33G,D37H,W92L,R94K	-3.141673330861582
E11D,N63H	-0.7014990226138784
S77G,M93L	-0.05518840417708119
D67Y,E76K	-2.2343034031560247
T66P,P68T	-2.706932491819242
N17I,E76K	-0.900524078201129
L62R,P65T	-0.646068040889384
L6P,E12K,D29A,T41I,M52T,E95V	-0.5055278027191937
K4R,L5V,R19L,D33G,T66S	-2.0268049566842627
E30D,D42N	-0.6927389684073132
D26H,L35V,M73R	-0.6230075822476646
L5H,K96R	-0.25365907367778323
E12V,E87K	-0.7232279657401446
V10G,N17I,L39M,H60Q	-1.5709956706061083
R32T,D67V,M93R	-2.2631488816972167
K96E,H101L	-0.3736438810661519
E8D,S25R,M73I	-0.6236099089513165
K2T,K96Q	-0.6523492746904671
L6H,A18V	-0.44243867056377645
F3L,A18G	-0.34694571905042465
D26G,D37H	-1.093944353559019
D67H,T75S,S98N	-1.9084267255266423
R19Q,M78V	-0.8522716401042874
E12D,N17K	-0.5281953305924874
N70S,P83Q	-0.7424082643668566
M40K,L62V	-1.527730502357594
K9I,T66A	-1.9381299631736042
E21V,V51A	-1.2199221682647101
E12D,A18V,L62I	-0.3780877953098686
I0L,A15G,D42E	-0.7598237953601127
L5V,S77N,R94T	-0.4055543225126721
A20T,R94G	-0.3106283118030672
I22L,V44M,E84K,R94G	-1.2784775522053045
V10G,K16R,D26N	-0.5097957447858186
V10A,P65T,S77G	-0.6687381191639457
S25C,R94I	-0.4093191806648651
I13M,N17I	-0.6066667574060125
I22M,L62R	-0.09719758972839482
Y24N,F31L	-1.0746630904891008
S77G,M93I,D100G	-0.24007391900685282
N63I,T66A	-1.4303926114673284
M52L,S64C	0.3951669872018469
A18V,D42Y,Q90P	-1.9177261776573435
K16T,D100G	-0.3624868238563417
E30A,D42T,Q72E,E76K	-1.912476687263828
M73K,D100H	-0.4770428487977327
E30G,S98G	-0.647049104867045
M78I,E80A,M93K	-1.311840124397801
E1K,M36L,E95D	-0.008463517135836127
I89L,K96N	-0.613846156679629
V10E,V14L,L35V	-0.14176700793036628
A27T,Q88H	-0.42876188885252525
A27D,L46P,R94I	-1.854633658549294
A27V,K86M,M93V	-0.27582544891869704
A20G,A27D,D42G,R59Q,M78L	-2.3905575226702234
K96N,Q97P	0.008761883664891001
E1K,E11D	-0.21783467586236838
A18L,R71G	-1.8947235753443064
M36I,W92C,M93I	-1.7976960092642216
V14A,M52L,N63D	1.115079766315087
K4R,R94T	-0.44440276050413613
E12A,E76G	-0.8600960309847838
K16E,M93I	0.19046303628903433
A18E,S99G	-0.1849134262873087
Q97P,H101Y	-0.4215934988700883
P34R,M73L	-1.6196765441232364
S25I,S64F	-0.7856548910349634
D42Y,T66S	-1.7305102343039325
T38I,M73I,H101Y	-0.8112716066152241
K4T,I13V	-0.4518538937061769
I22T,L74M	-0.946027881169926
L39V,A91S	-0.2258487893204605
R32S,S98N	-1.0139267300654413
K16N,S77G	-0.22231564795743436
P81S,A91S	-0.5240948926668194
M52K,K96N	-1.5038361819817514
D23Y,Q72L,K86N,E95A,Q97H,H101N	-1.0084683977653022
M73R,P81R	-0.6842312330696723
I22R,M40I,E84A	-0.5979847611857811
M36V,E95Q	-0.7678170897203687
I89V,D100E	-0.4159731325352437
A18T,Q97P	-0.4395730308758943
Q72L,S77R	-0.6974580760288352
M36K,D67N,P83L	-1.0150650845064173
S25C,S77N,D100N	-0.41337540512618265
K86T,W92R,E95V	-1.6054166250923547
I13T,D37A	-0.6396518435431275
E11K,K86M,A91S	-0.6477372158023584
A7S,Q97R	-0.3716835610424104
M73L,E84V	-0.49144820333968886
L5I,N63D,M73R	-0.6645835255367945
L5R,V14L	-0.6268153523772512
E1D,H101R	-0.44107331234450686
R32G,M93R	-2.003613260031919
Q97H,S99N	-0.3407142641149642
E1D,M36I,T38S,M73R	-1.1718305784955978
E12K,D26E,Q97P	-0.6739804688198601
K9I,S77I	-1.343159121549156
A18V,D37A,V82M	-0.7572074660806913
E8G,M36L,V82M	-0.2642301206168297
S64T,E80D	-1.177186494536628
D53E,R71H	-1.8537589859566392
V10A,P34L	-0.9235078366610125
R32K,Q97R	-0.18876152794479578
K16N,I22T,I89L	-0.711207548322067
E8D,L74Q,S98R	-1.7773389962676627
E76D,W92L	-1.6025607629200107
N17K,D67E,T75N	-1.8663894413548217
M36I,R94K	-2.2857017478753727
F3L,D23E,R94S	-0.10545306562681037
A91G,E95K	-0.33211260118208175
Y24C,N63D,S98R	-0.8613337146925983
I13T,A91G	-0.36033680429645076
D23Y,P83S	-0.5945336416999079
A27P,G49R	-0.834621509491678
E21A,K86R	-0.5358098379375584
K9Q,K16N,E80V	-0.23002988814107547
E30K,R32S,M78I	-1.9887290066486245
F31Y,H60L	-1.914716951430662
L5F,L62V,P68L	-1.6044905175746458
A18E,E30G,V82M	-0.5385146797563154
M73I,L74M,E76V,E95K	-1.2396036428405597
E12D,T66I	-1.3218816468939822
Q72L,M93L	-0.15898946944452746
E8Q,L61P	-1.7257763361487644
L5H,V10L,N17S	-0.6452246752303363
T41K	-0.3274681508001267
D37G,K86T,S98R	-1.307350067853923
L5I,R32K,T38A	-1.0979805637232203
T66S,E87K	-0.9455382911361159
I13T,D42G,E87V	-1.7998197060296208
D42G,M52V,R71C	-1.510438328126944
D29Y,S98C	-0.6691423983326242
E1D,M73T,K86M	-0.4997156393562564
E1D,V10L,T75S	-0.6174923062637598
D29H,R71L	-1.926147967885946
I56V,R71H,I89V	-1.2226739987222217
D33E,L61Q	-2.327407275848304
I0M,E87A	-0.5792800835483309
E21K,P34R,N70T,L79M	-0.8314294349875815
V10M,M36L,R94G	-0.12665160803604747
R19Q,N70T	1.5955209694831334
Q72K,L85V	-0.7760043925747167
D23V,E30G,M52T	-0.647280683730658
S25T,M73T,E76D	-0.47036922532901726
T41I,P81A,E95V	-0.6858873718490746
V10L,E30A	-0.5800321220061064
A27S,D37A	-0.633409596024042
L6R,E76R,S98I	-0.7769911989607172
A18T,T41S	-0.371606483778092
K4N,M93L,K96I	-0.4390572782428624
L62V,T75N,S77R,E95V,S98R	-0.6013865755548079
A18G,A20E	-0.011456911302361053
S25N,Q72K	-0.13689970772977006
E30G,E95K	-0.525517479970944
E95K,H101Q	-0.29811543897292414
Y24N,M78K	-0.6890946028815399
I13M,N70T,Q72H	0.35755759196305653
T66A,E80Q	-1.5501673050501075
E11V,I22V	-0.7112469337344973
Y24L,E80V,H101P	-0.3257279943199119
K16N,E21K,E84V	-0.9215168358017087
E11K,Q88H	-0.6411901632612074
R94S,S99R,D100N	-0.6145676601613776
S25R,S77G	-0.5070710054766471
K2M,L5V	-0.7939899381208076
D37N,Q97E	-1.0207762917094056
M36V,D37G	-1.3562537741412162
E21D,P65S,S99R	-0.7055409834117368
R32K,T38S,S48Y	-0.35285144580234795
I13V,D23E,E30V	-0.41619415729757026
T75N,V82M,E95A,H101Q	-0.6168423942194428
E8Q,A20G,N63T,P83T	-1.0937906870034664
E76K,S99R	-0.8270215099000408
I0T,L6P	-0.6364341791436323
I0K,K9N,S25T,K96N	-0.15247159135204374
M52V,I89V,K96N	0.9702064273777111
E80V,K96V	-0.4959473658433884
K2R,A7T,F31S	-1.697317073885717
F31Y,D37G,M40L	-1.6933571267902197
L5H,D29N,M73R,S77R,E87D	-0.8771643458788015
E21R	-0.9479438623778226
D23G,Q97E,D100V	-0.7151600048186426
P34S,T38S	-1.935652642257978
K16T,R32G,R71S,Q90E	-1.8971582053631793
L6P,E21Q,D33E,E76D,Q88P	-2.253136520039609
A20V,Y24N	-0.28555679295286285
A15V,P81A	-0.5375326315636768
D29V,R32K,L62H	-0.3919937612774306
Q88E,Q90H	-0.2884130130812117
R19Q,S25I	0.33060669829121836
V14E,M36L,L79M	-0.6031048926192931
Y24F,S25T	-0.12316932346463928
S77G,K96N	0.015287097535924499
D23E,K96Q,D100Y	-0.2510844969365901
D37E,P83A	-1.3255982388656284
K4N,V10L,S25G,H101P	-0.17028582172634507
D26A,Q88L	-1.0138210592270032
F3I,S25I	0.1963904292000505
K4T,N17H,S77R	-0.8211411466308154
K16T,T38N	-0.6701278155313888
T41P,F69L	-2.0762821237549214
I22R,W92C	-1.5594597442566118
V14M,M73V	-0.3415044607993673
S64T,M93K	-1.0784797051345023
K4E,D29N	-0.6622000585375624
D29N,P83L	-0.92165838408601
K86N,Q97L	-0.6432235545399428
N17S,Q72L,K96R,S99R	-0.4957182122756082
E1V,Q72E	-1.2278595341674463
K9N,V10E,D26H,L62R	-0.3448741933895243
S25R,M52L,D67N	1.8208453425344386
P65L,E84K,Q90H	-0.8599832440603474
L39Q,T41P	-1.848211971046345
E12G,E87D,E95V	-0.7123537367327524
L62V,K96I	-0.42292524969592316
H60R,S77T,Q90L,K96N	-1.5203490681827665
K9I,A20G,A91V	-1.0615653063597725
P65R,V82A	-0.9439311901033764
E80K,K96R	-0.10585544289632956
D29A,P81Q,H101N	-0.9107341684284429
D42E,E95K	-0.32336045682415065
I13V,F69L	-1.904135056797737
I0M,E80V	-0.5282587958753209
Q97R,S98T	-0.4696160511056944
T38S,D100N	-0.7268992433420949
E12K,S25N	-0.14783057161514637
L6I,E8Q,N63Y	-0.04216158120253266
L61R,H101L	-1.762358424276172
A20V,E30D	-0.22499826400006967
K4N,Q90K	-0.3910560598550863
S25G,D53E,E95Q	-0.4821466471580279
E12D,E21D,S25R,E30V	-0.9074045580058301
A15E,E80K	-0.17483671108621382
I0R,D37G,D67N,E95G	-0.0012748153920331962
A7T,E95G,K96N	-0.05736909051446595
T38A,R71S	-2.2608027680055676
M36L,I89S	-1.4515378818743394
E8G,A27P,E84D	-0.6737445807974283
K16E,M73V	-0.07205987062836615
I22R,T41S	-0.4828352978354883
N17Y,A20T,P34L	-1.4249240879298526
A27T,K96R,S99R	-0.3039065092373776
S25R,E95K	-0.5080191357724062
M40K,S64C	-2.2325439171718777
R59W,N63Y,K96N	-1.252600784742179
M78L,A91G	-0.6949430296023584
F3V,K96E	-0.2799769182905594
F3L,S25T,E80G	-0.931489211341496
V14E,P68R,K96R	-1.730321278810807
I0T,M78L	-0.961653904133623
P65H,R71P,E95K	-1.8063999927717842
A7P,T38I	-0.7084553031450612
E1D,S25R	-0.619339544137583
L6P,S99I	-0.4534469421528004
K9N,F31Y,M52V,E80V,H101P	0.9265156690918912
D67Y,K96E	-1.958719126618517
D23E,S64T,E87D	-0.7567424797220389
E8D,T75P	-1.4598178395003791
D23V,E87D	-0.8335391850662078
R19Q,Q72R	-0.4425025223591689
Q90K,H101Q	-0.4221239899448856
R19L,M78L,V82L,Q88R	-0.5968733315278771
V10E,R19L,F31L	-0.5472664012182851
L62R,I89T	-0.9470198993712627
I13L,N70H	-1.9318535063161626
K96R,H101P	-0.08774300481190676
N17K,A27V,E30V,N63T,E80D	-1.4402596998629817
D23E,A91V	-0.09619452256112425
D29A,H60Y	-1.9109289961879623
D37Y,M78I	-0.3193892185839964
L62I,Q72K	-0.5225318726387163
V14L,D23E,Q88R,Q97R,H101Q	-0.47344311668836403
E21A,L61V	-1.5608278235519744
E30G,D67N	0.5557896897069593
E21G,F31L	-1.3641920520691104
P65L,E87K,M93I,R94S	-0.7958986050000194
M93L,E95V	-0.28417539213008436
S25I,Q90E,E95G	0.04470232027856501
S25C,S48A,M93I	0.002623755279175105
I22L,Q90L	-0.14879802647969206
R32G,L74R	-2.297975023439024
D37N,L39M	-1.1699161989412767
K16R,A18R	-0.2848718035271186
P65A,M93I	-0.10449826056111244
M36K,T41S,E95V	-1.7062616562727375
S25R,F69L,I89S	-2.0735830500929318
I22V,L39P,E76A	-1.262435478916059
M52V,P65R,S77I,K96R	0.2614805018830222
K16N,S77I	-0.7574595389066275
D29A,Q72L	-0.6503845681814998
K4R,I22M	-0.23338770249314644
K16T,M52V,S77N	1.4311251495164945
A20T,T66S	-0.8057278658549898
F31C,M78I	-2.289318041095716
R19G,Q97H	-0.1487906282739031
R94K,Q97K	-1.5368009421856912
S64A,S98N	-0.9371010042482734
E11A,P34S,P65A	-1.7931791947479367
D29N,P65T,M73I	-1.0412117284469573
R19W,M93T	0.054215473812992354
I22L,F69Y	0.4886937608237782
A18T,T38A	-1.302436948592397
T41S,S77R	-0.6663095146628484
A91V,Q97H	-0.3053204961934629
P28S,M52K,S99I	-1.814224645340762
I0K,E1D,S98I	-0.5949351806230646
D67N,S77R,L79V	0.3157635370858018
T38N,M40I,V82L	-1.0978936863603237
E8D,K86N,R94S	-0.5221185235983052
K16M,E30K	-0.5857682569549726
D29N,P34S	-1.875796924930832
F3V,E21A,M73I,V82M,S98N	-0.9772705784638793
K9T,A20S	-0.33914354064258456
M52L,E95D	2.2067423444408556
K4E,S98G	-0.47295514451794163
P34A,P68H	-2.700661155711171
M52V,S98R	1.3881992177072806
D23E,S99T	-0.20241732397543705
M40V,P65S	-1.6767289133356664
P68A,N70T	-0.7894243233090434
A18E,S99C	-0.1658623361923788
F3L,V14E,M78K	-0.5076591806328066
K2T,K9I	-1.1448507475333753
N17H,E76Q	-0.6375525930815061
D23A,M73K	-0.5871177935101899
I22V,E84D,Q97R	-0.5346103474187405
R45S,K86T,H101D	-0.988119474526513
Y24N,P34L,N63Y,E95K	-0.6014749371788016
V10M,E12D	-0.339049438670156
D26G,M52L,P65A	1.0106524698422286
E11D,L39V,S98R	-0.30146206077966087
A27D,M93I	-0.8653187341446347
E12G,A15V,E80A	-0.6372065573985664
K9N,T41S	-0.2912129526937691
E30A,Q72R,S77R	-0.9644452425448498
K9E,L39Q	-1.1673181341225105
K16T,E87Q	-0.13139933975567153
M40L,M73R,E95K	-0.7301532877366559
N17Y,I22R,T66S,R71S	-1.9938575114840276
D42V,K96N	-1.2343716734540204
E12A,F31Y,Q90L	-0.41717367653544396
E8G,I13M,H60Y	-1.757203921957636
A18P,I89L	-0.8661844206841111
A7V,Q72K	-0.5126236741385225
L85Q,I89T	-1.7098381861298722
T75S,E87D	-0.37336661219727707
L6R,E8K,S99G	-0.5527741075302444
T50I,M52L	2.596348493298157
E80G,A91S	-0.9066791304292987
F69L,E95K	-1.8247267230446826
A27P,E30D,M93L,E95V	-0.5205459409847222
K4N,V10L	-0.43467816035208034
M73V,R94K	-1.5097005449380085
S25R,D100V	-0.6981080569235952
A27S,M52V	1.0725330849003747
E8G,E84V	-0.749012963121048
E1V,L35M,E95K	-1.536862019913309
P65S,E84D	-0.5873813768921051
E11V,Q90H,R94T	-0.7861268923591123
V14A,A20E	0.15911543124440236
E21R,K96N	-0.8113928272988326
I22M,H101Q	-0.13625408978560807
E30D,R45S,S77N,M78V	-1.5688716357096706
R19S	-0.22792610805036656
V10E,M93I	-0.038640230361766156
A20G,D26Y,E84G,Q90E	-0.958093849404432
K9E,N70H,V82M	-1.5518728721994113
M52V,V82M,E84A	0.9873689113999236
T50S,R71L	-1.7530932167782969
K2M,F3L,N70H	-1.99413519392931
E8A,E21D,Y24H	-0.6164208284791282
L6V,M73I,Q88R	-0.454758391144058
K4E,L79P	-1.904884747450444
S25N,I57F	-1.404339089247383
D53E,N70K,R71H,W92R	-2.416019873921546
D26N,D67N,E84G	0.42743552968916965
E12D,M40I,T75S	-0.7165725318079867
K4I,M93L,S98N	-0.3546398152843948
D29A,A91G	-0.5962651139316658
D23E,D37H,W92L,S99R	-1.4300286929648145
K4T,Q88R	-0.3129266173175455
N70Y,E95D,H101Q	-1.7849610744542657
L79R,D100V	-1.8864476231671599
S25G,M40I,N63Y	-0.48211641435643465
A20G,A27V	-0.14755342763330326
D37E,P65L	-1.3378613704510411
A27S,R94K	-1.6357955553237233
P65S,M93T	-0.3485717180660719
K9T,A20S,M73L,D100N	-0.4257732171488671
R19P,E84G	-0.3497658888975112
A27D,Q97H	-0.9852190557656626
I0L,L79P,W92S,M93I	-2.2335295496554917
K9N,E12D,P83A	-0.4327974515053751
I0L,S25N,E30K	-0.660450909393461
N17D,Y24D,T38S,E76G	-0.23691132427973163
I22L,T75I	-0.5940115024723231
I22V,D26G	-0.452841792018072
N17Y,Q72L	-0.6607761994764692
D26H,L74R	-1.972329180405212
S25R,R32T	-1.0220320437864066
M40I,T41A,M52V	0.4848701015566549
M52V,E84Q	1.3961783159534515
L6R,M52V,M93V	1.2109850179240893
D23G,P81L,E84A	-1.5851860594594722
P43T,H60P,Q72K	-2.061178638330186
A7E,R94G	0.04099496172612091
M93R,S99R	-0.543603789030444
M36L,Q90H	-0.08485556225651186
K9N,P65H	-0.4756172633197846
D23E,Q72H	-1.1779698737332716
L6P,V14L,K16Q	-0.4602881908800983
A15T,S25C	-0.23948509968074713
V10G,M52L	2.058754139028072
D23N,A91G	-0.6822258302984973
E11D,S25C	-0.2265980403642032
E80A,K86Q	-0.35489457036071775
S55C,L62V,S98R	-0.29624047130836606
R45I,D100V	-0.8606469700130934
P34L,M73V	-0.9542698579682739
A15P,R32K	-0.3898414871305981
K2M,H101Y	-0.7612380067021571
K16N,D100Y	-0.4484293499841578
F31Y,A91S	-0.30105946251436716
V10L,A18T	-0.5004433464013045
A18V,M73K	-0.3047517521502874
Y24H,L62R,M78V	-0.7263763886965263
T41I,K86M	-0.4925392558637416
E21K,D67N,Q72L	0.18698418099280079
I0R,P81R,W92R	-1.9501860340968185
D23N,Q97R	-0.7488155276814503
A27D,E76V,E84V,A91T	-1.3534874738930458
K16N,S98I	-0.2803998128300627
K9R,D23V,S98N	-0.7866865522526308
A18G,R19G	-0.20752543549518954
T38P,E76D,Q97L	-2.1276049312287983
T41S,V82E	-0.5247894783517628
E11A,T50A	-0.7945207665250528
L79V,E87D	-0.6689560018083014
K2M,R19G	-0.6074198018191745
A18G,P28S,E84K	-1.1994944542316441
I22M,P65T	-0.6419622246981083
M52L,L58Q,Q90H	1.999478543927451
T66S,H101Y	-0.8492974879432207
T41S,I56F	-0.6494671593856219
K16M,M36K,E80G,A91P	-2.289351957024609
E76G,D100A	-0.906256939435581
R19G,E84D,E95K	-0.2682827709771705
E1Q,A27V	-0.2417838350786093
D26G,P68A	-2.061793752097954
L6P,D29H	-0.7312958453874704
D33E,V82M	-1.8565523920814118
E8D,D67N	1.2160877457648758
E8V,L39P	-1.0995029507492549
K9T,S25I,P34T,Q72K,M73L	-1.0713086309749371
N70S,R94S	-0.5555903353188033
F3I,A18T,D23V,K96E	-0.7208627378419332
E11K,Y24F,R32T	-0.8968109988347772
Q90E,M93R	-0.19451196807972823
R32S,M73R,Q97R	-0.924722687506665
D37G,A91T	-1.3814145083058742
P81S,D100V	-0.5678641331914597
K4T,A7P,M73R	-0.3484645691264881
K16R,N63Y,P81S	-0.14809043204711242
I13Y,E21K,H60Q	-1.8595232090171612
M40V,S77R	-1.6430202725892231
E1Q,T75I	-0.887406827411702
A18V,E21V	-0.7376377414470245
K9N,P65L,M73L	-0.5747304783210025
I0K,P65T	-0.9097031552480801
A20G,L39M	-0.5389515598736394
A20V,N63K,P83Q	-1.4378977188821005
E8G,A27S	-0.5872824011917468
E21D,L85R	-0.9101552131470634
V10M,D33E	-1.7192357817388102
E30D,E84Q	-0.4389339177681592
E1Q,M52V	1.3506498922639434
M36V,S77R	-0.9054951829113848
E12G,E21Q	-0.7058891721796058
L5F,S99G	-0.2822521116182994
A15G,S25T,M73I	-0.48322425675472336
L5P,E11G	-0.577883870452454
A7G,F31Y	-0.22319709834569343
A18G,H101R	-0.5131537704264606
K16Q,D23Y,N70T,R71G	-0.3783382438758034
L62I,M78I	-1.1562736775581277
E12K,M36I,E76V	-1.4537925722637914
L6R,Q97R,H101L	-0.48525267252785315
E11Q,A18E	-0.2058448663958831
K96N,Q97L	-0.1461551332460271
R32K,E84D,K96E	-0.3489758749370897
V10A,F31L,E95G	-0.9470983295451922
K2M,A18G,E76Q,M93L	-0.7920261250381049
L5V,R32K,K86N	-0.4819306814812759
L6V,A7T	-0.3373252733512021
N63S,S98R	-0.9040200081516574
D67N,I89T	-0.6210607423599313
R59Q,P65T	-1.061633091589922
F31Y,K96I	-0.7657135030044033
A20S,T75N,P81L,D100Y	-1.7375479817045634
N17T,R94S	-0.2711698796228221
A18G,D29A,H101Y	-0.5366948045378221
R19W,S25R,R32K	-0.19918794752626148
N17I,D53E	-0.7374618826314312
M52L,Q72L	1.9152144963437427
L6F,E21A,R71C,E87K	-1.8134109706974493
L62V,P65S	-0.3646953125015221
E1G,T75H,E95D	-1.0389479573041975
F3V,M73I	-0.49883294815092405
A7E,E80K,K86N	-0.32698048621680087
M93R,K96I	-0.6506718825180887
K4I,Y24C	-0.5988829280897521
S64Y,M93I	-0.8972627324221141
D67E,S99G	-1.9140107796600132
Q72H,E76K,E95K	-1.5550054435258893
R19W,D37N,K96N	-0.4719893594353658
P34S,E95V	-1.7080683938173293
N17S,S99R	-0.5818099277418722
I22L,T75N	-0.25281549449557605
A15P,P28S,Q72R	-1.2596324836495616
P28R,D29E	-0.8866573059020224
L5H,H60D,D67N	-0.8220849175754422
R32S,R71H,E80D	-2.1226331211860257
N17S,M78L	-0.725926261722829
L61V,S77R	-1.4266156997207318
T66S,E76G	-1.3010578876917465
T66N,Q90R,S98R	-0.898942988771439
K16T,Y24S,D67E	-1.4628358561832149
D67G,W92G	-2.164924453671759
S25R,M36R	-1.6018555749108163
N63Y,Q72R	-0.2474922760175458
T41S,Q90E,Q97L	-0.28904999004065746
E1Q,E11V	-0.8997755484207041
E21D,D23V,R45K	-0.7521067367353254
M73L,S99I	-0.3824292894177636
A20S,K96T	-0.3101143290738496
V10L,M78R,E84D	-0.9575837625485583
L74M,A91S,S99R	-1.0998376530041913
D23Y,A91D	-0.4099529218262918
L62R,D100H	-0.34624531589665447
L35V,R71C	-1.578051731595427
E11D,N70S,M93L	-0.30567358117906196
A18V,R32T,M93I	-0.7218424304365267
D29Y,D67A,S77N,W92L	-1.9407162614084978
E11D,A18T	-0.24439168409440742
K4Q,Q72R,H101L	-0.8690736324154907
D37H,Q90K	-1.0671828715956004
A7T,P81L	-1.3868022299300478
D29N,M78K	-0.931617642632492
K9N,D29Y,S99C	-0.6185965317179588
T41A,Q72R	-0.6837297156750568
E11G,M36I,K96N	-1.0556212291823117
T41N,S99I	-0.4389561010334042
L6I,E12Y	-0.6318947823888017
S77K,R94S	-0.33704776112499546
V10M,L35V	0.023056129768122824
N17D,H60L,S99N	-1.6046936343271314
I13M,E30V	-0.6513193849645562
F31L,M78V	-1.7190712542546747
K2N,K16M,T75S	-0.4976974809790905
F3I,L6R,T38I	-0.637914597026388
S25I,E30G,M36I	-0.7590446693923372
L6H,Q90K	-0.4264645781607755
E21Q,P81L	-1.9313333041508578
T38P,S77G	-1.743980902991852
D23G,D29V	-0.8810663804919963
Q72E,D100N	-1.0467064793725482
A18E,M40I,E95G	-0.5924871007148576
N17S,S98R	-0.5397802740686162
I0T,S77C	-0.9782837067578578
I13S,M78I,L79R	-2.104311350482311
E12D,E76Q	-0.55886091997535
S77G,I89T	-1.216823765210282
S99G,H101Y	-0.39135635020294124
T38A,T41I,I56T	-0.6309805275442857
A15P,L62P,E80D,D100N	-0.9608937446742019
M78V,A91V,W92L	-1.7577953282680259
E8Q,S77N	-0.5426797839164245
I0R,K9N	-0.41518570346094485
V10E,V14L	-0.3398442461267679
K4E,M52L,E84D	1.7968461238950133
A15V,M78V	-1.1224023959732448
N63D,M78V,E80A	-1.4062249339443094
A20G,S25C,S98T	-0.39525647713793527
V10L,D37A	-0.7520985395235343
M40T,M93T	-1.6602182349960406
E1A,D29A	-0.9755847922357765
D67G,S98R	-2.0728627545926135
E1A,Q72E	-1.3321477803358457
E11K,S25G,E80Q	-0.17183419562087565
V10M,V14L,L79Q	-1.5591917964185393
D23E,K96T	-0.24589352951966303
Q72H,D100N	-1.4700793510263974
P28T,Q97H	-1.3233397268998066
A15S,I22R,E80G	-1.006244493538142
E12K,M93R	-0.5105690639424171
P34R,Q88E	-1.519436530638259
A7G,Q97E	-0.2940244271890724
V44L,P81S,K96R	-1.574488977616873
L79M,A91T	-1.1435790518755318
V14M,E21G	-0.6219942819160198
F31L,L35M	-1.8412840559682597
E1D,N70K	-1.9798023868922296
V14G,R32T	-0.6881805205885263
D37V,E80V	0.007193366681388924
A18E,L79M,H101D	-0.8723548542570705
M36I,L39R	-2.0652527217839776
A18V,A27V,M40L	-1.0733026181253256
A15P,D100N	-0.5913332586694794
E12K,Y24C,D37A,M52V	0.42245196110022887
I0R,Y24D,P83S	0.36669251777161327
M40I,M93T	-0.5314155128727002
V14E,K96T	-0.164241759449925
I22K,M40V,H60Y,E80A	-1.9349477087490716
S25I,M78L	-0.3054512821434708
K4T,N17Y	-0.7013411361716846
M36V,M73I,D100N	-0.7897761339396456
E8V,Q72K,E76D	-1.0043242973560735
E11Q,T38S,S98R	-0.7506745194940057
A18G,T66N,Q97E	-0.8171103757545501
V14E,E84G	-0.40762636365330185
F31V,D37E,S64A,M78V	-2.6853812856455517
L85Q,D100H	-1.3380172008399884
A20P,T75N,E76G,E95K	-0.9664518584286654
I0K,E11G	-0.5649508915394532
K4R,K16M,M40L	-1.0629944533905065
A18T,D33E,Q72H,A91P	-2.6631934627898186
D26A,D37G,M52V	-0.043310334140393064
K9R,K96E	-0.24644733084072765
P65H,D100E	-0.6575641818168784
S77N,M78I,Q90L	-1.1548538201268899
T66P,R94G	-1.979235266465953
A27P,L61V,L85P	-2.0412707919216393
V10L,E95Q	-0.5220452900851031
I0V,Q72E	-1.1511702603091543
E30Q,E76K	-0.8600661353836547
D23V,M36L	-0.665915144434111
D23V,E30V,T66S	-1.4303056761546729
M36I,N63Y,V82M,P83Q	-0.6946662100247583
A15G,D23V,M52I	0.5010606973867242
N17S,Q72H,L74P,I89V	-2.0651320327241125
D26N,S77N	-0.6134614496458908
D23N,Y24F,K86M	-1.0104625133710958
E12D,Q72E,E84Q	-1.0947484997126806
F31L,A91P,S98N	-1.7349102020309723
K4N,M93I	-0.09441233712142136
I0L,K2N,D33G,M36I,P65A	-2.272958962894619
L6V,L35V,M40I	-0.6090285067055039
K2N,D37E	-1.0743414680574812
D23H,V82M	-0.831522032967706
E11D,R32T,E80K	-0.6851199826935295
D23A,A27D,D100V	-1.2955957086787826
P28L,E80K	-1.3311394001647172
A20V,D37N,E80G	-1.4271337215407192
A20S,R71S	-1.7308539249466621
L35Q,W92R	-1.9318133655773824
I22M,D23A	-0.57217483628852
A27P,R32S	-1.1924297031948754
E1V,S25N	-0.21114961736758178
V10G,A18P	-0.36165912584055815
A15S,D23A,P65Q,M73L	-0.7848726119873268
T38N,D67E	-2.0455927935646026
S64Y,P68L	-2.3016911276810794
M36L,R71H,S77C	-1.4782047869104604
E12D,A15V,S25R	-0.6493283755704247
R45S,E95D	-0.8681223779464284
I22L,M93L	0.07529771348005121
E21V,N63I	-0.8819322637032313
D37Y,E87D,K96N	0.6956184296411811
L6R,F31L	-0.8492672724188959
K4I,E80V	-0.427763315250663
D26N,Q97E	-0.4662802060535506
D37G,M73I	-1.3337723559027652
E1K,A15T,L39V,D42G	-1.410319548562504
Y24C,Q88L,A91T,S99N	-0.8921922438666534
P65R,E95D	-0.6157065914251483
K16Q,L74V,E76K	-1.4394315743983508
D37E,I56V	-0.7314734735019284
N17K,E95Q	-0.5726112408939146
E11A,D23E,M73I	-0.3818618981216088
I22V,E76V	-0.7076318550607942
M52I,S77R	1.218914191722062
D26Y,S64A,D67H	-1.8642677503451828
R19L,V44G	-1.49435815741787
M36L,N63S,M93I	-0.3670366365162483
K16M,I89L	-0.7234703311691504
F69C,E76K	-2.006839450641159
K9T,M78I	-1.1750189720618471
E8G,M40I,P65T	-1.236039866215545
L5V,K16Q	-0.24769667100456974
P81Q,V82M	-0.8910455426450641
L62P,D100G	-1.1799371136652195
L35R,M52T	-1.5768118798333308
K4E,A91V	-0.4908785818492899
M78T,P81S	-1.3050046929040133
D26E,L74V,E76V	-1.6207269204664008
F3I,M73L	-0.27988450276507526
E30K,S99C	-0.6455396966149847
I22M,Q72P	-1.917084826535976
A91V,S99R	-0.5971706321577924
K9E,M52K,Q88P	-1.7569567227382845
M93I,S98C	-0.11391568455431023
D23G,Q90H	-0.6718671372476007
T66S,S98C	-0.8824748560043059
V14E,D67N	1.4943700793558947
D23E,S77R,M93L	-0.14442010879385697
E30K,P34S	-1.7294138661877145
K9T,E80G	-0.9797732744232728
V14L,I22L	-0.19193324474335405
E1K,S98T	-0.24753935149435052
T41N,K96N	-0.09616405089332261
E8K,V14G,M36I,S99N	-0.9947301473815544
E21A,E95K	-0.5360849461660657
A18T,D42Y,P68S	-2.0834147898163824
F31V,R94T	-1.7003146694008264
K9E,E87K	-0.18826229844258852
I0L,K4T,I89S	-1.8090288861086081
D37Y,R94K	-0.679856433068591
T66A,E76D	-1.9767275904084163
A18E,E76V	-0.4950506967221294
A7V,E30V,E80A	-0.7696057046957478
F3L,K9N,I13T	-0.248855735597372
A7T,K16N	-0.1313843770011332
K4N,I13S,E80G	-0.8541393315649182
A15V,E80K,A91P	-1.4701526531860427
L61M,M93L,H101N	-0.14452934162110792
E1V,M78L	-0.9458491242533846
V10G,Y24H,M40I,D42G	-1.592208699932179
I22M,E80K,H101D	-0.19142707456639002
R19L,T75S,S98R	-0.3333339000753775
K2N,E80K,S98C	-0.38221477070568255
I22R,K96R	-0.2717349523855466
M36T,P47S	-1.5153792482918647
A15P,V44L	-1.4469194630900488
F69L,I89L	-2.242973504906521
L5I,K96N	0.05472807019731424
K2M,S64A,S98N	-1.2434914500293903
A15T,V51D,S77R	-1.512998794381451
I13N,K96T,S98R	-0.32723878049018973
Y24H,K86E	-0.6032331982256968
M36I,T41N	-1.1118410791225934
I13V,S98G	-0.33162533649730397
A7E,I13S,R19Q,T41S,P47R,R94S,H101Q	-0.9346320526592847
L6P,S77C	-0.6160519852215595
D23H,S77N	-0.8471599465202192
R32G,L62R,P65A,E95V	-1.5143845379968912
N63I,D100G	-0.7260536028513853
E1A,E21K,D26G	-1.3081699855819298
E30V,M73T	-0.4748961703654813
A27S,N70K,L74M	-1.9547383648778887
T41I,L85R	-0.9720104332122899
F3V,L5H	-0.5302302366726966
S25T,A91S	-0.2717192057007894
E8K,D33G,N63I	-1.7433859271045542
F31L,D33G,K96N	-1.8968357511731975
E30D,K86T	-0.581009283660076
K16M,S25R,E76Q	-0.8881545664600222
K16T,A91V	-0.2653043944711248
Q72R,H101Y	-0.5583342129626313
E11K,M93V	-0.08320648126478175
Q88R,H101N	-0.13881812184053294
A7V,D23G	-0.5956695916291135
L6V,E12R,L61V	-1.3681997423660208
A7V,P83T	-0.46152119654086177
E30K,D67E	-1.817391136172965
A27D,F31L	-1.5559173893607467
A7E,M93L,R94K	-0.7155134940685611
M52V,E84V	0.9138901569893958
K9T,T75N,H101D	-0.38522208379165257
D26Y,D42E,M52V,N70T	1.3011471541707453
L35R,M40I	-1.7938599630426566
P65A,Q90E	-0.18271700234465968
E11Q,R19L	-0.2261980725612645
E1D,D37Y,E84Q	0.41185460607506297
Y24D,Q72K,S77R	0.26337996826181453
Q88H,A91G	-0.6083238175533314
D29N,E80D	-0.707830718167397
N63I,E76K,S99N	-0.8032338971493729
S25N,E30V	-0.2673854725213875
L62R,Q97L	-0.26248119956063454
K16N,A20S,E21K,S25R	-0.9101075213997665
K4E,E8V,D67E	-1.9257263160321694
I0V,W92L,M93I	-1.2579669359729757
D67Y,S98T	-2.197126450199187
A7S,K86N	-0.42794734250356414
R32S,N70K	-2.3343191587869425
K16E,T66S	-0.5724460403080192
R19Q,T75N	-0.19390821131044708
A7V,I57V	-0.8533443585993775
P34A,D37Y	-0.3458289783473624
T41S,Q88R,E95G	-0.407169166989117
R19W,M40I,F69L	-1.2871017085376757
E8Q,E84D	-0.5440019159446206
R19Q,D100A	-0.28814165212192366
D23E,P34S,T38S,W92R	-2.211820968452736
P34A,L62V	-1.1905586913619102
A18V,E95K	-0.30296627679142824
R19Q,E84D,H101L	-0.1939597671935126
L62H,A91T	-0.3249794630743946
L5I,V82M	-0.3181713105849013
A27G,R32I,S64C,N70H,S98G	-2.5566751533279044
V10L,S77N	-0.4807102872935607
Y24F,N63H	-0.6529570645348356
E8G,L61Q	-1.77910992201611
K4R,P68R	-2.255656072467694
M36K,M52L	0.028098701699179884
D42E,N63T	-0.9524766700414595
I13T,S98C	-0.3482723364284909
E1Q,A15S	-0.5225079285564073
E8A,V10L,S77N	-0.6764964362155752
V14E,Y24D	0.9290846112437121
E1K,E21V,L79R	-1.7017751855091572
F69S,E76N,V82M	-1.890206731473946
T75I,E84G,I89V	-0.9991046729233813
E12V,F31C	-1.9000364454405392
E84Q,S99C	-0.5416905393076967
P65A,P81A,Q90L,E95Q	-0.8075412644034555
T50N,R94G	-0.45250227753403405
K16N,A18S,T38A	-1.1873441338502342
E11V,E76A	-1.0123925411254582
L62H,T66S	-0.6771608416611365
R32S,T41S	-1.1597199767300435
I56S,S98N	-0.32816774694358986
D26N,L62I,Q72L,K96Q,D100V	-0.9044289470325385
K9N,A20S,D67N	1.2425355566040843
E12Q,S77R	-0.7108738325842948
K9N,E84A,D100E	-0.3054961632453564
L6H,K16N,E21K,I22L,D26V,M73I	-1.2583597994887747
R32T,W92G	-2.013495099324431
D67E,Q72E,K86N	-2.0382561083419537
A18T,D100G	-0.49984146992363687
N17H,Y24S,S77G	-0.36337610862339426
E12D,K96P	-0.8305406035256769
A18P,D23N,T75I,E95D,S99R	-1.2863636769492348
E8V,A18V,R71H	-1.844371472842916
E21K,Y24S	-0.6788495282171692
I0M,E84V	-0.7983461982780327
E8D,D26A,M93R	-0.8100462419661403
K16N,Y24C,I89T,Q90L	-1.1802559451978705
A20E,T66S,R71L,M73I	-1.6548280487605258
E8G,R32I	-0.9114847323017768
K9N,I13V,M78R	-0.7736927139410141
E21V,S25I,N63I	-0.5981452079495149
I57T,E87K	-1.1714518890732255
N17H,S25R	-0.6718808904409312
L5F,E12D,M78L	-0.5910268681151579
L6H,R32I	-0.7785887880335404
V14A,R71S	-1.5631175083156301
E1A,E8Q,A20P,P81S	-1.0415607183214863
N17H,D37Y,T38A,P65H,E95V	-1.0817289788958526
T66S,K86R	-0.644532428829454
A15S,F69Y,K86N	0.06382212274695255
K4E,A15E,Q88H,D100N	-0.5388352833157977
E80G,M93K	-0.9144498858425325
E12D,H101P	-0.2859421209730697
T41P,A91T	-1.1870632244055401
L5I,R32K,M40I	-0.49275795255990223
D26A,M73I,Q97L,S99N	-0.8638618508044658
K4N,E12Q,K86N	-0.6280286434242506
L6H,K9N,I89F	-1.0738815234411225
D23Y,E84Q	-0.5236156987871948
R32S,E80V	-0.9742188114050081
R71H,M73T	-1.6295343134341502
M36I,E76D	-1.4515416849658367
A15V,D29N,D100Y	-0.8680078030412899
E1V,A7V,D29A	-0.8487990385796718
V10G,F69C	-1.7182068885813608
V82M,E95K	-0.32746847895215087
D67V,F69S	-2.5959144097506504
V10G,M36K	-1.322050610544228
E21Q,W92R	-1.819120836687272
E21G,Q72L	-0.7187523935763844
N17S,D29H	-0.9078718974566733
E11D,E76V,E95K	-0.6285930535023807
I22R,E95V	-0.5440515878330274
E76G,E80V	-0.8344303236719381
I22T,D37N,L62H	-0.8317639019598309
R59W,Q97L	-1.8242618546397356
D26G,T41N	-0.6194959248511972
A7P,S55P	-0.2787185328001241
K9T,A27V	-0.02789662176455172
F3L,N70S	-0.5373576116921719
M73K,Q97L	-0.3361355029334156
Y24S,M78L,M93V	-0.44386660998869193
W92G,K96T	-1.6610057076126983
Q72E,A91V,K96T	-0.9275556957434592
V14A,F31Y	-0.13920721274924594
E76V,E87G	-0.8371626627388591
V10M,D100H	-0.575934196361315
V14L,T75I	-0.8053988878100753
E30G,M36L,Q97K	-0.4819074051328981
A15P,K16R,E80V,R94K	-1.2027586628050289
P34A,P65A	-1.5134165584803498
E11D,T41A,S77R,Q90E	-0.5172714145622098
L6F,R19L,N63I	-0.36455958353301565
K2E,A18V	-0.7078837183848223
E95K,S99G	-0.32567095653928446
I0M,I13V,T38S	-0.8451123572046666
D26N,M78I,K96N	-1.2613473958594157
E1G,R19L,D26N	-0.5519173341213148
R32K,M93L,R94S	-0.06837400295514598
Y24D,H101R	0.6250121013099149
A20T,R32T	-0.8245581533034363
K4N,K16N,S77N,A91S	-0.3384808289385721
E12Q,D23N,T38S,M52L,E84A	0.6498047831404851
V44G,P81R	-1.945191317598058
M36I,A91V,R94S	-1.145704127104151
K16M,R45I,A91V,S99C	-0.9929412870683836
D67G,L79R	-2.3607544683327797
I22R,M52L	1.836820315889791
N17D,A18S,M73I	-0.2797690164055433
E11A,Y24H	-0.517160553313261
P65R,H101R	-0.660501943888681
T41S,V51L	-0.9899592727402116
L5F,Q88P	-1.342922295705768
Y24D,M40I,S98R	0.07155089778668831
I22N	-0.18770117476435896
A27T,E76D	-0.5508264208281693
P43A,M52L	0.28294219438596735
K2T,D29H,M52T	-0.5181621162999926
H60R,P81L,H101P	-2.3611198921574488
D23E,D100V	-0.27952601316958475
M52I,P65T	0.9659243109263779
K4T,K9N	-0.4225821239614168
V10G,D42H	-1.0701271115067605
D26E,N70T	1.5320113000156754
G49S,M52R	-2.109759896419064
E12K,E80V,V82L	-0.652075174554186
F3L,R71C,A91G	-1.5963941260557566
E84A,Q90E	-0.3267196398849541
L39M,E87K,M93V	-0.41666365005810235
D37Y,L62H	0.6370852868576462
E12K,T75A	-0.7805835428125413
S25N,S98R	-0.11377517340868087
N17D,W92G	-1.5311950737200872
R19Q,L62P	-0.8287911375991944
D37N,T66S,P68L	-2.7015750987336293
I22M,S25N,R71S,S77T	-1.245094822017186
L6R,K9T	-0.4321518599201036
D67E,M73I,S98C	-1.6893707478719238
R32K,S99N	-0.1673145810378439
A15V,A20S,P65S,P81T	-0.8822106393011563
R19L,E87A	-0.12566686838687294
E11Q,M93I	-0.1725313461249654
N63T,D100A	-1.052692695209099
M40V,V82M,Q90H	-1.5735150233996125
N70S,P83L	-0.8064193902227621
L35M	-1.5695307081860064
E21Q,D29N,E80K,P83L	-1.202283862450162
A20V,T38S,L62H,E80G	-1.1618165439655064
I13N,S99N	-0.4122119208591515
I0M,M78K	-0.9204369516739265
I0L,D37E,N70S	-1.6115041336990934
I22T,E80G	-0.8312571355425982
I22K,D67N	1.078054475641896
E1V,I13M	-0.6917399295878991
K2R,V82G	-2.059373480476527
A7V,N17K,N63I	-0.7093734439328785
E95V,Q97L,H101Y	-0.6105330026369641
I89S,W92C	-1.931933076066859
V10M,A20E	0.010893004942098605
M36L,N70T	1.7747469972813361
Y24C,M52L,L61R	-0.6045712841149735
F31S,N63D	-1.8083477216651245
E8K,R19Q,Q72R	-0.510997576538748
E8D,E87K,R94S,S99N	-0.5059804563775305
D37Y,P83L	0.4302583967253738
R19Q,A27S,R32S,T41C,V82A	-1.2327310759938714
Y24H,M40I	-0.5838085156482417
N63K,E76A	-1.6702610108947429
D26Y,D37Y	-0.19565300145657338
K9E,I89L,R94G	-0.5656932706654351
E1D,E21G,P34S,M93T	-1.7685011459907014
D29N,D67N	1.000197634565327
K16Q,R71H,M73L	-1.5317459542423193
I0L,E12Q,E21Q,D37G,M78I	-2.1488637325348474
A20P,Y24F	-0.22368291751578992
A15V,Q90L	-0.34934686094165557
A15P,Q97R	-0.5183651931448259
D29H,Q97L	-0.9522509069656794
M52I,P83A	1.126605956565923
K16R,M78L	-0.6585701264771069
G49S,P81L	-2.116771473281436
R45G,E80V	-1.2528258659591507
E80K,R94I	-0.47416965598968075
E30D,F69L,Q88P	-2.0965985296651795
S25N,E76G	-0.5498908844029946
L6F,E76K,S98N	-0.6074587003807086
L35M,N63T	-1.9297609670207683
P65A,T66A	-1.5849728753940524
V14M,K96Q,H101Y	-0.20515179982615445
D29N,H60R,P65A	-1.7336901876020048
K16T,E95V	-0.378191354410911
K9Q,D67H	-1.9710419538535437
I22T,M78T,S99N	-1.1662194451420564
K9Q,M52K,T75P,E76V	-2.4202892901353286
M52L,P83L	1.6614798393166632
P47A,L62R,Q90K	-1.1022680252462516
L35V,M52V,A91V	1.2264271002704357
T38S,M40K,D100Y	-1.958382880679149
V14A,M73L	-0.23098334942736337
K4I,V10A,E30K,P81T	-1.1634155740424428
H60P,L79M	-2.1427449774963856
A7E,A15E,E84V	-0.17795981261299887
A20T,E84D	-0.3147758287754333
I22L,M78I,D100E	-1.044180993237292
L5R,S98G	-0.5606448130748615
L39Q,N63H,L85Q	-1.8007755889063346
R19Q,Q97H	-0.044955181055820914
I13M,P28S,D37Y	-0.6367113820935268
A20V,Q90P	-1.6817286197151777
M36V,M73I	-0.6790807539359288
E12D,R45K	-0.2607416033214413
K9N,E12G	-0.5015994001885367
A15E,N17S,R32K	-0.04203037308754706
L39V,E80G	-0.8126581831472134
I0R,Q90P	-1.8177689634631728
F3I,R19L,E21Q,R54C	-1.3400628900315705
D33E,L61P,E84D	-2.2804106645415527
F31L,R32S,P65H,L74R,E87A,Q88H	-2.4387535643474454
A7E,D26N,H60D	-1.496648173513409
S25T,S77T	-0.5039778983841826
K16N,F69Y	0.5845688036151463
T75S,E76G	-0.9533626314431183
L85R,Q90E,M93L	-0.5703689161701286
L6H,P34L	-0.9956478262843502
P47A,N70Y	-2.4026532642844267
L6P,A20G,P83T	-0.6162306138761933
A7T,R32K	-0.0016266714839992535
E21D,P34H,A91D	-1.732765728693705
D37N,L62P	-1.612392767383678
D23G,I89F	-1.4772004810656973
T41I,D67N,T75S,P81S	0.5362951558892035
L39M,K86E,S98R	-0.8883069912271152
P68L,N70K,Q90R	-2.3988204531095425
M52K,L62H	-1.415346947936053
M40L,A91S	-1.056640913852041
A20G,A91T	-0.47153637844985175
V10M,Q88L	-0.6954010399863086
V10A,D26V	-0.9135545899948179
L62I,N63H	-0.6883823883568126
M52R,S77C,K96I	-1.724108376658297
M52L,Q72P	-1.1492207646864705
K16T,Q88P	-1.3040506091113542
D42N,A91G,M93I,S99N	-0.601472072172837
L6I,E8D,E11D	-0.35737824146594077
E21V,L61M	-0.6943023859793034
D23N,D100V	-0.8097179236783185
N63H,M73V	-0.5816632246081799
R19G,W92S	-1.4957130502014548
L5V,N17Y	-0.5826962484809163
T41S,R94K	-1.5784520339640267
T38A,D67Y,D100N	-2.5755601683374714
D23A,M52I	0.5332324912715185
L74R,R94S	-1.895314007809099
K16T,E21K,E30D,Q72L	-0.9902660549927114
R32I,Q72H	-1.6800546452642613
P34L,T41S,Q72E,H101Q	-1.6673150079414687
D33G,P34S,M73L	-2.5465166164152597
T66I,Q97K	-1.3346357073182793
D33G,T66P	-2.6783211323046086
L6P,D23V,R32S	-1.1258682359249863
A15E,L74R	-1.7799844561663574
P68S,K96T	-1.932998477540822
S64F,M93I,S99N	-0.9334016950927582
A7G,M78L	-0.5750148862057777
D23V,T41S	-0.9611062349439902
L35R,Q97H	-1.7236410607709627
A7T,D26G,W92C	-1.453625513316951
L35P,M52L	-1.0837799901113323
K16R,L58P,K96E	-1.2108079511987302
V10M,Q72K,S98N	-0.5023300175403895
Q72L,P81L	-1.8444197881345823
E1D,P34T	-1.6140265114474
S25R,K86N,M93I	-0.5292116110756345
A18P,S25N	-0.10765485601237476
D29Y,E84V	-0.701949865417659
P68L,S99G	-2.1710386846647904
K16E,E21A	-0.37793182845795475
T41I,S98I	-0.28161332972792796
F3I	-0.22067574995362174
R94K,K96R	-1.5055071035476777
I22V,N70K	-1.8305376925332424
L6P,S99R	-0.5826283112805242
I22K,A91V	-0.4409808773241525
E80V,A91T,R94I	-0.5254024769958869
V14L,M36L	-0.05350742744837792
P28T,M93L	-1.234400866081686
L6F,D23V,H60P,L79M,E80V	-1.884075374563756
K4R,P65A,Q72H	-1.5179195247590571
I0V,M36V	-0.9439131753072997
A18G,E21K	-0.7808474737834494
A20T,L79V	-0.7266070623497911
K4E,M52T	0.28636015522337344
D23Y,M93I	-0.26376817879213066
K16R,N17H,Y24S,M93V	-0.23440423614405045
L6I,E84K	-0.38037457887324244
E11V,E87D	-0.767273886649509
K4R,L5R,M52V	1.131593071941627
M36I,V51I	-0.9434118833348324
S25T,R32K,S98T	-0.24482893131266092
L6V,D67Y,N70I	-2.686164828889591
M36L,Q72H	-1.116721950886888
D23H,D37G	-1.3477720795840364
F31I,D53G	-2.2008329726574267
V14G,A20V	-0.2675530439594837
E21A,E87Q	-0.590615823714386
D37A,E80Q	-0.526861542057483
V10G,F69Y	0.4712129481052993
Y24F,P65L,R94S	-0.7245093725835657
K16E,H101Q	-0.13088527824650922
F3S,S77I	-0.7592632153307027
Y24D,N70H	-1.2012943393618771
T75S,H101R	-0.4885791327478478
D23A,M73I,A91T	-0.791100295505008
E30K,P47S,W92C	-2.1810234729728557
V14L,A91V	-0.4532026324191335
K4T,R94K	-1.7430141855733214
S25I,R71L	-1.2249216259483142
K9N,S25N,E95A	-0.07721409924678903
D29N,M36T,T75A	-0.9445297579820331
M36I,T75P,D100E	-1.9743354787418053
E1V,T38A,A91V,Q97R,S99N	-1.727996022817365
K9I,I13S,D37G	-1.4112334891769152
V14L,A15V,M36I	-1.177368346687402
A20G,S25N,T50P,M93V	0.6254311230434291
A7E,E95K	0.01857638079812629
P83T,D100A	-0.592630249221353
E1D,D26N	-0.6185811738280161
E1G,D42N,R94S	-0.9232988417988945
S77N,V82L	-0.5129176400590951
D23E,W92R	-1.4038582716417922
I13V,S98C	-0.3638865131549456
D42N,K86T,H101Y	-1.007655872140445
E76Q,S77N,Q90R,Q97H	-0.6436209885558615
A15T,T38P,I57L,L61M,R71G	-2.106763341541125
E11G,K86Q	-0.36375697738332774
P65T,S98R	-0.9842488457172641
I13T,M36I,K86N	-1.1831627987047253
D23V,H101P	-0.7683017207255093
R19L,A27D	-0.758344213692197
D67A,P68S	-2.5068654377881154
M52V,L74M,K96I	-0.05627266706111844
A7G,S25G	-0.0880606297953852
P65H,E80A,A91T	-0.7794879138862275
L39Q,L74V	-1.9817916519255727
S25N,Q97K	-0.005353861920026362
S25C,M73I,A91T	-0.4459779913077336
L6H,I13M	-0.5132539730663721
K9R,N17K	-0.5304233307530908
A27D,H60L,P68L	-2.55285469526509
D26E,D37Y	0.6625705821672638
D42A,P65L,S98N	-1.458575815827663
K9E,A15G,Q88P	-1.1701006750442648
K4N,S77R,E95Q	-0.6886684230088999
A20P,M93I,Q97K	-0.17978591952902137
A15V,M36I,M78L	-1.4321655141572684
M73K,M78L	-0.5224778265716743
E21D,V44M	-1.2276120280245058
L6R,N63I,E84A	-0.4031975486865146
K4N,D26G	-0.5597198980223321
I0L,N70S	-0.8067721914240831
L5F,K86N	-0.3878388786947579
A91G,D100Y	-0.5522491659467588
M78L,E95A	-0.7617896776739267
I0T,D23H,L79M	-1.58648352668633
K2R,K4E	-0.7592359542043308
V44A,R45I	-1.5517361245587138
R19G,I56V,M93R	-0.06759399990138631
P34T,S98R	-1.6610399908441618
A7E,D23Y	-0.0947276073563689
T41A,K96N	-0.11491527121066378
Y24N,S55P	-0.32350811920960043
N70K,A91G	-1.8430356851745393
T75I,R94S,S99C	-0.9240503982146648
G49D,Q72E,M78I,E80D	-2.4564055810722554
A18G,F31S,M52V	-0.9553502356502834
I22L,S64A,M93V	-0.6151819495964996
I0T,A27P	-0.7078457643601752
F3L,I89T,A91S	-1.2874096465130576
K2R,R71G	-2.0070340269053153
F3L,A27P,E80G	-0.9179107351740119
S25R,P68A,Q88L	-2.0449609526870276
E11G,N63I	-0.6770772290952493
K2R,K16R	-0.5134119663650233
K16N,L61V	-1.219978522262409
L39M,F69Y	0.273487619970505
K2E,S77C	-0.9616756156767237
L6V,Q90R,R94K	-1.4097200162203372
D23Y,D26N	-0.6665423407145217
N17H,T75N	-0.5607547114954325
K16T,S25R,L39P,V82E	-1.2110346548885993
A20V,D42H,E95K	-1.0359875290681262
I13V,M73V	-0.2933401610643841
M52R,R71C	-2.2572173168307414
S25N,Q72E	-0.6771403355014785
E1A,D23Y,P83T	-0.9445888684173579
M73K,L79R	-1.5652204636272347
V82E,D100E	-0.5260515723771387
A18V,L62P	-1.1176587208722917
V14A,A15E	-0.08581397410837807
D37A,K96N	-0.3559167602115766
E8V,K9E,N17D,S98N	-0.05217990255549387
A7T,I56N,L74M	-1.0554286661293681
E11K,K16N,H101P	-0.30925709503539867
P34S,R94T	-1.6120098648723549
I0L,I13T	-0.6028005898920479
D29N,M73I,E76D	-0.9279273162865573
E30G,L74R	-1.9335153959420084
V14E,P34A,M52T	-0.37642447548779445
E76G,S98C	-0.8223301519408333
I13V,T75N	-0.4144146783098281
K16R,I57F	-1.5788873983257206
K2R	-0.5773487683812852
N70D,I89F	-2.054800653019079
E95G,H101L	-0.4543465980355833
S64F,E87A	-1.0960868800654335
I22G	-0.34099084999583573
Y24C,T38N	-0.793667375814285
K16R,S64C,S99T,D100E	-1.634659953174532
L5H,K96N	-0.07788654946739083
A7E,E76A	-0.21813729798273185
D37E,T75S,V82L	-1.489999579271569
E11A,D42H	-1.2490767512228957
I0L,E1D,E80A	-0.7310618132077619
K4I,K9I,V14L	-1.2029052470080344
I13N,E21V	-0.7196995894532608
I0K,E12Q	-0.5174910205955536
E8A,E12A,S64T,L74M	-1.5155975749056556
F69V,P81Q	-2.0870800440643373
A15S,S25R	-0.6082609711693805
L6P,D26Y,S99R	-0.9138855099965827
A20T,D33G	-1.9022361423855159
E12V,M52V	1.3112401230929844
K16Q,M36L	0.07580584490833671
A7V,W92G	-1.6554709036358117
K16M,D23E,H101R	-0.10609014394948005
L35Q,S77C	-1.6859185033272799
T41S,Q90R	-0.34317919343473724
F3I,D26G	-0.4866278664644161
I22R,N63Y,Q97L	-0.00445227076045214
Y24F,E87K,Q90H	-0.539534293998678
A18G,Q90H	-0.45640220781788177
V14G,P47T,E95V	-1.5613253395621634
K2Q,R94K	-1.955079063920195
A7V,N17S	-0.3678254470943244
K4E,D29V,P34H	-1.8545695878035184
Y24F,M93R	-0.3587826710963222
A18E,M78L,L85Q	-1.3797811051880047
F3L,A15G,S99N	-0.44445751233173625
P28E	-1.7252627856566365
A18G,Y24C,S25R	-0.5586608930580456
I22V,D53G	-1.488162436213811
I0T,Q97H	-0.5906152300609014
I13T,M36I,E87D	-1.0375964857613456
K9N,S77N,H101D	-0.329855733982823
E1D,E76G,Q97E	-0.8759686960071285
A7S,V10A	-0.17933000893943857
K4N,K9I	-0.8104257704438403
S64T,M93R	-1.1268640944087305
S25C,S98I	-0.28182409511904494
A27T,K96N	-0.021081411075259848
E1G,A15V	-0.6173773541041828
K16Q,F31C,W92L	-1.6938084702271272
A20G,E76K,K96N	-0.5105027742026489
D23E,T41N,M52T	0.3305559498005119
P65S,S98G	-0.48339282434466746
I22L,P34S,N70Y	-2.3407156360763923
R94I,Q97L	-0.5669120813761319
M40I,Q90L,H101N	-0.5442385520925714
Y24F,L61M	-0.4437251887900889
Q72E,T75S	-1.1416653681981415
D26N,L62H	-0.363379356266031
D42H,Q88P,H101P	-1.7150935186030796
D23E,M36I,E80V	-0.8923395455486627
D37V,V82M,M93V,K96I	-0.3696491277932984
E11D,T38A,E87A	-1.334596020018499
F3S,S99N	-0.47606357309508884
K2T,D67N,L79V	0.36574553421334133
R45K,T66A	-1.4416792206989846
K2E,A18T,M52L	1.8253576893960681
Q72K,V82M	-0.5565581485935973
S25G	0.1412042387415909
M52I,I89V	0.861585779091848
A18G,R19G,T38I,I89T	-1.4209206159807053
L35V,P65L	-0.5697871911161856
F31S,P65H,P83A	-1.8443080114793209
K2N,A27G,R94G	-0.5238949596884039
E8D,E21V,D37E,N63T,E80V	-1.731045572041049
L5P,I56L	-0.766096522290216
Y24H,I89L,M93I	-0.7075543923793454
L5V,A20T	-0.264478946191412
E1V,E95G	-0.6692911367152597
E21D,V51G	-1.8229724582266593
V51L,E84V	-0.9581497686047238
S77C,P83T	-0.8389236956919314
P65L,Q72E,E87D	-1.2296733757827167
K4N,D29N	-0.6291308674923209
S25R,R94S,D100G	-0.6639381660788901
R19G,H101D	-0.22912862886510976
V14L,L39M	-0.4968157191550443
I22M,S77I	-0.7194778946302482
A18G,R19W,A91V	-0.0060823179794289445
D67N,D100E,H101R	1.2606490109043205
A20P,P81R	-0.8729538784171136
E8G,I56V,S98I	-0.36726068723917626
H60P,L61Q	-2.1674477812473687
K4T,V10L,E84Q	-0.6887984617479177
D23G,F31L,P81T	-1.4530282394462537
E1D,P83T	-0.5088707879800086
S77G,S99T	-0.398760042176293
I22R,D26N,D37N	-1.306786191484644
K9E,D42E,L62V,D100E	-0.2497415006045482
D37N,D53G	-1.9842100256500954
A27T,D67N,S98N	1.2003762640942908
D26V,P34T	-1.9904838663347688
E1K,T41S	-0.23614495507054256
S25N,M93R,Q97K	-0.1978925961658279
D29Y,L39P	-1.2449700556449703
Q72R,Q97H	-0.5001027722627438
G49S,E87K	-1.0016483544479557
E1D,Q88L	-0.8268000485255703
D29H,L35V,D67Y,T75P,Q88R,W92L	-2.692098960107242
I89L,H101D	-0.8038068666760987
F3V,S64F	-1.1263195087419031
N63H,N70S,Q72L	-1.0447909222648504
I0K,L39V,D100E	-0.4147970937498631
I13V,L39M,E95G	-0.5662334117604677
K86N,S99G	-0.6395322542366595
E11G,E30K,T41N,D42Y	-1.8428195960742022
A7G,W92S	-1.6027295351029234
L6I,N70H	-1.7015344979462972
E12V,R19Q	-0.3569346010758892
E21G,S98R	-0.7367519076632519
Q90H,E95D	-0.40433185954436324
D33E,D42N	-2.0733227695135947
K4E,K96R,S98G	-0.3331959907150434
R45K,E76Q,D100E	-0.6875240219932489
E8A,D26N,N63Y,I89V	-0.25400616907575246
I13N,N63K	-1.3561815733894231
M52V,W92L,D100V	-0.5522810539522445
F69L,N70Y	-2.5136975351968727
S48P,M93I	-0.9501227103073304
S77I,Q88R	-0.7286127238091606
A7E,I56V	0.3285173407307914
A15V,D100A	-0.5815325415707406
K2Q,K16T,R32K,M52L	1.7849610029834162
L6H,M36L	-0.18284399318139294
D23A,E30K	-0.9824176595534492
I0V,L35P,Q72R	-2.1832718989203888
L35R,R94T	-1.7964169616806844
P65T,T66S,Q97L	-1.3297254394429587
V14L,R19Q,S99G	-0.22257948387019091
D23V,M73R	-0.6238254704916313
K9T,S25G,S77T	-0.3421250125620882
N63S,E84D,M93I	-0.7469221495724465
I22M,H101Y	-0.0959992692166921
E21A,S77R	-0.9327639177093691
A15V,R59Q	-0.6710892132413931
L6R,A91T	-0.5180324176616357
K4E,Q90E	-0.30918759482343994
A20E,D26H	-0.5105125375482307
Q88R,S98N	-0.24793118823613264
V82A,W92R,M93I	-1.6679047070890825
G49S,L62V	-0.7232462359162929
D67N,E95G	1.2247434036997669
A15S,M40R,F69I	-2.0982607444707364
S77C,K96I	-0.8449031755760488
E8G,D26H	-0.9568186734479577
V14E,M36L,M93I	0.23644179846408173
F31W,S64A	-1.5100963129342928
K2R,A91S	-0.6715237851937145
E80G,S98T	-0.9104923794519463
A15T,K16R,L39R,S99I,D100G	-1.6607131570500102
L5H,Q97L	-0.5304092741701125
E80V,E87K,I89L	-0.865321928922661
E30K,S77R,H101N	-0.7232464607943019
A91S,H101D	-0.3363430928222388
I22L,R94I	-0.3239720711634562
S98I,D100E	-0.5285236430584159
A15P,F69L,V82L	-1.4910040782353904
M52V,M73I	1.45018926106453
R32I,K96I	-1.0790081641737381
V10L,E12V,R45K,S98R	-0.755796206652822
K4E,M52L	2.1957710210096684
F69I,M73T	-1.5749948558579252
E95G,D100G	-0.5217844944894406
S64Y,T75S	-1.206899224389238
P81Q,D100N	-0.8624509843846042
A18G,I89T	-1.1225545110805273
A7G,D42Y,M93I	-1.1237797272016712
D67G,V82L	-2.1109821167632297
I13S,E21A,L35M	-1.5945666332593362
N63I,Q72K	-0.6786437314570286
N17S,M93V	-0.04582300066593814
I0R,P34T	-1.7008930338866843
A20G,M78T	-1.2058070958404314
P68A,E76Q	-2.3085890547128973
A15E,P81T,I89S	-1.6366564675278925
I0K,L85I,K96N	-0.45229257109742366
E1Q,I89V,M93V	-0.25975699421320103
I13N,N70T	1.4108076768419582
E76G,E87V,E95D	-1.136444441162675
D26E,K96E	-0.3766196265874423
D23G,R94K,E95K	-1.4414941717469776
F31I,H60R	-2.050168589640785
F3S,G49D	-1.267695794123511
K4R,S99H	-0.6380605630259617
K9I,E21D,H101R	-0.8712720449464566
E11G,N70I	-2.1139763159279594
E1K,N63D	-0.7599684269520144
H60Q,L61V,M93R	-2.0498272050782056
I0L,A15V,E30G	-0.9217992820746699
D29Y,M40K,H60D	-1.9997516561209039
V10A,K16M,P43H,E95K	-1.5726139552035923
E76A,E84K,K96R	-0.6015709847571953
E1K,D26E,M73I,L74W	-1.538469096022821
R32K,E80K	-0.10323771737078824
S25N,A91S	-0.005712173080656826
K4R,A15V,T66N	-1.0065432376377175
V10G,T41N	-0.4202067533942316
T66I,S98R	-1.4271159826739779
A18E,Y24C,V82E	-0.40870320719009334
M52I,S99T	1.51038683625808
E11A,S25N,M52L,A91V	1.798837897046876
D26Y,M73I	-0.853759692551604
A20S,T41N,S99N	-0.3891398139908032
P68L,M78I,E87K	-2.387720157544642
D26Y,P65L,S77N	-1.2519769601720956
R94S,S99T	-0.4284764309129975
D29Y,E80D	-0.7846828653310621
V10M,V14G,N17K,D100A	-0.6811750612720551
M93I,R94G	-0.11200117811263839
F3L,S25C,P65L	-0.6784975628645818
A7S,I13V	-0.1835066969424815
K9N,I22L,S25N,N70S	-0.2259512437420678
E8V,M93V	-0.2197356456605906
D26H,M40I,L62R,T75A	-1.0796560360672478
I13V,D26E	-0.3198534679496131
M36L,D37E,S98N	-0.8969295999204978
M36T,M52V,N63I,S99C	0.2549755541673009
D26E,M52V,D67G	-1.0553882355995405
T38P,S64P,V82L	-2.4485491533581056
I0R,L85P	-1.8915535488631732
E12K,E76D	-0.7773459385178881
E12A,M36R,P68A,S77R	-2.368174919441101
L5H,R19L,N63S	-0.6981382280729695
L5V,E30D	-0.25730383054630646
P81L,K96R	-1.4067708464624094
N17D,D37H,T41S	-0.8321874395152118
S25C,V82L	-0.4036604323343721
I13S,A27T	-0.18921609218070531
P68A,S77N	-2.16448762779929
K2T,A18G	-0.6914190206665545
A7G,V10L,D42E	-0.4978002716231429
L6F,E30A,Q72L,K86Q,E95D	-0.7604901284969535
D29V,M78I	-1.4999613421963254
D42A,M52L,H101P	0.5901318830539346
I0R,L5H,D23E	-0.42645576323210604
I22V,E80A	-0.4117494354883223
E8A,F69Y	0.2564271472599908
F31L,T38P	-2.2063702976116573
E12D,K96Q	-0.2755502123333788
K2Q,K16R	-0.7375508363774406
M78R,E95G,Q97H	-1.0135788858554147
L62V,S64A,P83Q	-0.8001545453329295
R32K,E95D,Q97K	-0.24528436138929163
D42N,M52R,L58P,P65T	-2.4080495016433225
E8V,D37V,R71S	-1.498904171168678
E12G,M52R,Q88H,K96E	-1.552490550724237
F3L,F31C	-1.7764840961807247
A15G,P65A,T75A	-0.7352061215288697
A27P,I56V,Q97L,H101L	-0.5278615641263552
E21K,E30K,R32K,V82M	-1.0531310506870994
K2M,E80V	-0.7574759900252758
L6P,N70K,Q97P	-1.546397848271181
F31L,E95V	-1.1796861008769133
N17T,K96I	-0.5284477050136853
L5F,I13S,A91T	-0.2748013766939646
L61I,S77G	-0.6403116715466383
E12G,D29E,V51F	-0.7332817499781611
E21D,L62V	-0.16543128611037647
D26E,D37G,S98K	-1.4325930694299536
A91D,M93I	-0.04309558791612342
E8V,N70S	-0.7520587087382191
A20P,R71L	-1.6329167976621546
I56T,V82M	0.4716584909900758
A20T,R94I	-0.4492598858258327
K4E,K16E,E21V,D37V	-0.3986145450719909
M52V,Q72P,M78T	-1.5865781427144379
E21K,D29A	-1.086251369362352
M78L,Q88H,E95K	-0.8006549293439844
K9N,N17H,Q72K	-0.5527852685627956
R19P,T41A,N63H	-0.6905798722282531
F3Y,S98K	-0.5348979172871258
R94I,S98C	-0.4867256195930796
E30V,M52L,E80K,H101Q	1.4220702985786935
L5R,R45G	-1.3515924049744474
V14L,D26N	-0.5722461845256628
K9N,E21D,S99R	-0.48566990934550713
E21D,S99T	-0.4580591486188006
E11K,R19P	-0.3428314847446859
L35M,M73I	-1.5042898415010044
P34H,D37N	-2.1730165303583546
E8D,E95K	-0.2724329773514474
I22R,P81R	-1.0305677856998299
I22K,S25R,R45S	-0.9282304362706499
E87Q,H101L	-0.30294665128140646
K2Q,E87A	-0.8532410494517911
D67Y,T75I	-2.2039825957844696
I0R,S77N	-0.606892782330929
R19Q,A27S	-0.10777491209963018
P47T,R71S	-2.260930208682209
K9E,Y24C,H101R	-0.18710417777302407
Y24S,M78R,Q90K	-0.9651229153644263
D33A	-1.399310499955999
K4I,H60Q	-1.7786266384650986
L35R,V82A	-1.995296125139063
A20S,P28L,M93K	-1.3140240688327394
P34A,T50P	-0.3649940795982947
A18E,T75I,D100Y	-0.8437988520111908
M52I,Q72L	1.2849549465891728
N17K,R32G,M93L,S98G	-1.7459901638581588
P34A,Q90E	-1.1256865000318192
K2T,T38I,M52V	0.237225824305623
T41I,S98R	-0.4397497726665292
E12A,E76K	-0.7681398020443786
R19G,P83S	-0.2670817020128679
L6V,E12G	-0.5609266143863565
E8Q,D26E,D67Y	-2.1011211359759296
Y24N,Q72L	-0.4256830185102725
F31S,M78R,W92C	-2.0872280841838586
E8V,K86N	-0.7802460143778298
V10L,K96R	-0.21637242648368304
K2Q,A18V,P65S,Q72H,R94T	-1.9326826172993845
K16R,P68T	-2.0422514476795772
M73I,L79M	-1.1447012821475342
I22M,N63I,T75N	-0.4527111411062788
D42N,N70T	1.342740986165049
S77N,Q90H	-0.4854527663567825
H60Y,E76V	-1.9434574911160076
N70H,K86N,M93L	-1.6243966112590593
D67E,R71L	-2.2624628875522035
T41S,P65T,E87G,Q97L	-1.173446861391081
R32K,M93L	0.12699231993262722
E12Q,A15P,D29H,G49D	-1.4143455223992953
K9R,I13N,K16E,R71L	-1.35215439707279
E76D,A91G	-0.6174727021235716
T41A,A91T,M93L,S99C	-0.4852361679496712
E1K,V14G,E21G,R94I	-0.7089631585085447
D26E,S77R	-0.6455742871199606
D26Y,L62M	-0.8120825894555164
V10E,K96N	0.016602724598325017
N17D,I22L,I89V,E95V	-0.35653079616291083
L6H,D37Y	0.43115442946806687
E84V,R94S	-0.529812810026119
K2Q,K96N,S98I	-0.7042046353924667
R19P,E80D,D100N	-0.4588500052843681
R32G,R45K	-1.6342327894997095
R19L,D26A,E95Q,Q97H	-0.49910283392033306
K9N,L46P,S77G	-1.2991034863347435
A20S,T75S,V82F	-0.9187876993857103
I13V,A20V	-0.3077068480174886
R19W,A20P,M93I	0.1779050005138395
E12Q,L58R	-0.5787757219528652
L5I,D23H,P65S	-0.9072131334268692
S64P,S98I	-1.8481901223124713
E87Q,K96R	-0.060379580396983636
K16N,Y24S,D29N,M40I	-0.6902112683624626
D23H,L74V	-1.6164223894006136
T75N,S99N	-0.4481079249252308
S77R,E80K,Q97E	-0.5235205911890426
E12D,S99I	-0.4728312007245313
L35P,Q97P	-1.8798314347187033
L5F,V10G,P65L	-0.5694282186100139
L5F,T75A	-0.4699011888891156
E1K,E8K	-0.3186059007675911
M40V,E87A	-1.5459703576780908
K9I,P65R,E95A	-1.1434199625163564
I22M,Y24C,P47H	-1.357057756740238
P34R,L62R	-1.3608875609121298
N17D,L35V,Q72L	-0.10151700720350301
Q90L,S99C	-0.3589045323695046
K16M,K96N	0.03586749291730079
V10L,L35M,Q72P,K86Q	-2.35964071698825
R32S,N70S,Q90K	-1.3831521681254266
S25T,T75S	-0.3063578278549337
E8K,F31I	-1.5697900435370107
N70D,E84K	-1.4646825902720817
E8Q,N63T	-1.0080608801833884
R32G,S64A	-1.980934935832473
D26G,E95A	-0.5778823880897087
I13M,M52L,W92C	-0.4258522029299805
Q90L,R94K	-1.3385542430034276
D37V,N70T	1.5859086747737992
L74V,S98R	-1.3728952372352567
F31L,D37G,Q72H	-2.2052843216081355
E80G,E84D,I89S	-1.9054864792837019
V10L,V14G	-0.4232018107698415
I0R,D23V	-0.952717912015947
I0L,E21D,D53G	-1.7046274478173753
M40I,P81L,M93I	-1.486222668191172
E12K,E21V,Q97L	-0.9382667645762643
E1V,K9N,E21D	-0.620295276229428
I0T,E11G	-0.7408923595895537
E87K,I89T,S99T	-1.393260526288732
F3S,F31V	-1.435249856232113
S25R,P34S,N63Y	-0.7811856238485642
I89S,E95G	-1.6441651247644389
N17T,R71I,S77N	-1.574340523628099
I13M,N17D,S99R	-0.4185126923326185
M52V,K96R	1.859920173161247
I0V,I22M	-0.31656589659770207
E84K,Q90E	-0.29972715772074615
K4I,M93L	-0.2972854843658864
A20V,E30A,T66S	-0.919882045534222
V82M,Q97R	-0.5035492208830292
K9N,I22M	-0.04185996734129494
D37N,T66I	-1.8768181808553668
M73L,S98R	-0.46285504180550785
R32G,R71H,Q72R	-2.281034328798814
E30A,E76A,A91T	-0.8319778922649232
S77R,R94S	-0.6263472802501883
P68H,M73T	-1.9619971785607526
T38S,W92S	-1.9039234442505557
I13N,F31L	-0.9510373672249404
R19Q,H101L	-0.1460409415646016
A15V,D37A,E76D	-1.0380055844410827
E21G,Y24D	0.482063722075341
D23Y,Y24F,H101D	-0.47572605324873457
N63T,E76D	-1.2074598489549708
E12G,A27S,L85R,S98R	-0.9606102079286665
R19W,V82A	-0.3664585385700244
E1K,E8V	-0.45572263052226203
V10G,S25N,M36I	-0.7288158559282303
K2R,F69L	-2.1529753039389936
K4N,T41I,N63I	-0.6096336816799792
V82M,M93K	-0.4632401190871899
E11D,L35R	-1.7305040812895776
I0L,L61V,S99R	-1.5823438389930138
A7S,K16E,Y24H	0.03426623828842695
S25T,R94S	-0.22637622770947086
K9N,K96N,S98R	-0.02253079763504044
A20T,T75N	-0.38429415764538255
N17K,Y24H,M78T	-1.3089627014075622
D29N,K96N	-0.29073901001287394
D42A,S64T	-1.7071576023853294
A20V,E95D	-0.2964413579454964
E11K,R71S	-1.6946324327523308
A18T,H60R	-1.8252543228964289
E30D,E80V,K86M,Q90L	-0.7163133590314045
E76D,S77I	-1.2159046456218001
E1G,E11K,M78I,A91T,M93V	-1.2485121884878807
Q72K,Q88L	-0.9011442049112324
E8G,L39M,E80Q,I89V	-0.837061044918463
A18P,D37V	-0.08549995732188892
Q90K,R94G	-0.4068226908690471
D37G,N63I	-1.087400980295345
V10E,R19W,D42N,E76V,S99R	-0.6140817879625268
L6F,E76D	-0.5121328902268789
E11Q,K16T,Y24F,V82M	-0.3221887808426118
T66I,P81Q,M93T	-1.5988491449064854
M36L,K86N	-0.3504230194246265
A7G,A18G,P65S	-0.44412724206349147
K2R,E76V	-1.0356607256295325
K4N,L74R	-1.9458737915483257
T75N,S99T	-0.5404731825405351
E12G,Y24S	-0.3467699225062242
S25R,T41S,T75A	-0.9566259831387053
E8G,T66S	-0.9165147942061238
F69V,S77N	-1.942937546491602
I22L,D29N,P68A	-1.9279100341095372
L74M,H101L	-1.0905604977319048
N70K,M78L	-2.2289331310708214
L6F,D23A,S25R	-0.8106459810198722
K9R,M40T	-1.6743545489012988
K4I,K16R,D23A	-0.8810282723811721
I22V,D26N	-0.5286117826844379
L6P,I13V,D29V,D37Y	-0.10741208140023242
V14L,A18T,E76V	-0.7689980628228201
E11V,E12G	-0.8954333908396142
S98G,S99R	-0.4931907145320233
S64A,M93I	-0.7190149519884905
V10L,A15V	-0.4955625508566899
I22M,T66S	-0.594367244685055
A18T,S64C	-1.5238512274419012
E1K,Q90P,K96T	-1.3399598171541023
M73I,S98G	-0.39602846664094865
K4I,E76A	-0.7372826209042576
K2N,S77C	-0.6689642183609303
K9E,Y24C	-0.10189213689904222
P28S,M52L,D67N,S77G	0.5150415439849376
D37N,N63Y,E84K	-0.4730813109821953
D29N,V44G	-1.7958708733740658
E1D,D26G,M36I	-1.1992929082330155
E21V,M93T,K96I,D100V	-1.0673575289925104
E11D,D23N	-0.6416098847953627
I13S,I57T,W92L	-1.437496451995222
D29A,S98R	-0.7314732315160756
N17H,R19Q	-0.2111399928609801
D23Y,Q72L	-0.5450136171454459
F3C,I13V,M40I	-0.6977600006595576
D37V,M73I,Q90E	-0.03687489693689167
F31L,K96N	-1.0517460366554878
M73I,T75S,D100V	-0.7448811035473242
I13V,M93L	-0.021848760124995488
L6F,T38S	-0.5806469101981855
D42N,P65R,S98T,H101P	-0.9172766679669262
I22K,R94S,S98N	-0.34165626571910623
E1K,N70D,D100N	-1.339397138679988
D67N,Q88L,Q90L	0.5477778289719756
F31V,P65S	-1.8466040853838015
A15R,A18T	-0.2602857722938423
E1Q,K16N,P28S	-1.238546396026347
E1K,S98C	-0.2637103600310192
E11G,P47A	-1.5661853991665067
I0V,M52V	1.3913887000194687
M36I,Q88R,H101N	-0.9052574315110802
E12G,D23N	-0.7557674107568937
I0T,E12G	-0.734156883640974
A7E,R19W,E95D	0.2939519352696639
T41S,D67N,I89F	-0.711556790420014
A15V,T66S,F69I	-1.8855706720122283
A18E,M73L	-0.019293056003991692
D26E,R45K,S77N,V82I	-0.7145744109868567
E30G,R71C	-1.7963776752244485
S77R,Q90K	-0.6472962790009319
E12D,M93I	-0.05804641980739676
L6R,N17I,D23H,R94S	-0.8629739379626661
L6V,V82E,P83L,E95G	-0.9707130011646485
H60R,A91V	-1.7822761514884928
M78L,A91S	-0.713099601231742
E8G,R19P,S98G	-0.4038920827805603
V10A,D29N	-0.5531359546777966
K16N,M73I	-0.2946858059116698
E1K,D37N,R71H	-1.7589505556557374
K9E,T38N	-0.5320199620748064
D29Y,L79V,S98R	-1.211376922164853
I57F,L79R,A91D	-1.9554372588886997
K2N,K4E,E11Q	-0.4715617715624918
L5F,K16Q,M52V,E80D,Q97R	1.0649588900034686
K2Q,A20V	-0.8698978883776237
R32T,M52L	1.3628550789990366
L39V,A91V	-0.19683407958990473
R71D	-1.6856939684664694
K16E,Q90E	0.07397408027468999
E21D,D37G,P65L	-1.5396176489946187
V10L,K16R,N17K,D100N	-0.7216940722193281
I22T,D23E	-0.019681077736162324
K2M,R71G,E76A,S99R	-2.075158349211003
V10E,A27T	-0.09545910120283288
N63K,K86Q,M93I	-1.1306486870862615
N70K,D100E	-1.9494071178321741
D29Y,S77T,S99R	-0.9300375826858018
K16N,D42H,M73R	-0.9784610557758966
L6H,H60R,M73V	-1.4999508664184011
R32G,D37E	-2.2988093816116812
R32S,P68H	-2.459153389939962
K2T,E8K,D67N	0.8299501369544153
Y24D,R32K,L62I	0.783482471500565
V14G,L79V	-0.6664951828526438
E1D,I13V,S64F	-1.030877374931133
K2M,N63K,M73I	-1.6016738786485822
D26V,L61P	-1.9419940659609007
K2N,S25G	-0.12654463834960078
P34T,D100N	-1.650744348821444
L6F,V14A,M78K	-0.5474270974440605
L74V,E80D,W92C	-1.9427606186612985
I22L,W92R	-1.5019398284574927
I13V,E84Q,I89N	-1.7566632714525436
K96T,H101Q	-0.3196594943876089
M36T,L61P	-1.6715491911691753
I13V,T66I,A91S	-1.3968378667172336
L85P,M93L	-1.653133442728893
A18T,P83L	-0.567167871353552
F3C,A15S	-0.517683245505889
L35Q,M40I	-1.6956892588127073
T66N,Q97E	-0.8067715762373383
Y24D,D33G	-1.3459433314058158
V82M,W92R	-1.6705068999381736
K2T,D37Y	0.28908554450638935
A20E,A91V	0.006382148627181025
V14M,V82M	-0.4160563561886357
Q72P,L79Q,V82L	-2.3943573063156296
E21Q,P68A	-2.308788234943493
R71S,L74M,Q90E	-1.7037579393662141
P68S,R94G	-1.8446939219123206
L79P,L85Q	-2.162758378947141
I13L,P68A	-2.1744406307264
K2R,R71P,L74Q	-2.530471856457468
N70Y,E76G	-2.1316131860148575
K2N,V10E,E84D	-0.1343125046230383
T41L,A91V	-0.31141930355941333
D26E,E95D	-0.34312326208557664
E80V,S98N	-0.2937836788694882
K2Q,M52L,A91G	1.4991381341371082
D67E,E76D	-2.0342529649093253
T38S,R94I	-0.75663963775597
E1K,M73T,D100G	-0.42948049554965423
A15S,Q97H	-0.32450083581402706
Y24H,N63T	-0.799781460901442
F31C,M78T	-2.281620331325692
I13V,N70S	-0.5067800272586616
D23E,T50S,E95K	-0.09590128363427286
S25C,P65A,P81S	-0.7381363812117532
D37E,V82M	-1.286282723132242
K9N,F69C	-1.7728944574742451
I13T,E21G,Q72H	-1.4943449923726875
D26N,T38N	-0.9217672514388002
E8D,P68S,L74V	-2.0958144608447116
E1Y,I13L,T41I	-0.7488086734636042
D23G,R94G	-0.7273591207697869
N17I,R94S	-0.5170573369860239
L5P,E21K,D26N	-1.024836001453008
L5I,V14A,P47S	-1.119281428269315
N63D,P83A	-1.069581241653938
N17I,E80V,A91S,W92C	-1.480303902322957
I0K,L62P,L85P	-2.0444404539694174
Q90L,Q97L	-0.3877258573912187
K4T,S64P	-1.9461450143843062
E12A,E30K,H60D,E80A	-1.7404208132702035
D67N,S99R	1.0603725692827577
A20G,M52I,Q72K	1.155070328224567
P43R,E80K	-1.6976143446683758
E21D,E76K,V82G	-2.029116820518412
I0V,A18G,S98R	-0.6698564364426862
A7E,P34A	-0.9680653253986857
R19P,P81Q,H101Y	-0.685702143501494
E12V,D29H,L39V,Q90E	-0.921913144873972
F31C,M73I,K96N,H101L	-1.5027730647191895
K2R,P34R	-1.8688921165976051
D37N,H101R	-1.061563085926474
E11A,T41S,E95A	-0.6114732231959585
L35V,L74V	-1.1610277990630626
M40T,R71H,Q72E,M93I,E95G	-2.1990966089547146
P47T	-1.8821254757630221
K2N,V10L,I89V	-0.38164483672400346
A15S,S77N	-0.4458309077992757
E11Q,K16R,E80K	-0.37449276865851344
P81S,S98G	-0.4004157249630659
M73R,P83Q	-0.3696543624906879
I0F,F3L,A20P	-0.9556772259297859
F31L,F69L,E87K	-1.9475074379942363
E21Q,Q72L	-0.6894555296182094
L5F,S25R,T41A,E80K	-0.63953148733862
N17S,L62R	-0.24337446027049345
R59W,E87V	-1.8523440720928444
S99I,D100V	-0.6548359119856109
E30G,E76G	-1.0866468550947779
K9I,E12V,V82A	-1.3711506450713562
L6H,M73R	-0.3440180213431345
Q97P,S99N	-0.4114910711392378
E12D,V14L,R71C,M78V	-2.1175196330827766
L39V,Q97H	-0.1691085456579544
N17D,E30G,D100H	-0.6517404893548471
D37V,L74V,V82L,Q90R	-1.2341180783871637
L6H,N70S	-0.706682206576202
K4R,S77R	-0.7315562813110825
E12V,P47A	-1.5825242421305024
I0R,I56F	-0.7024715272400203
M36L,M93I	0.2082517650502681
K16M,D23G	-0.6524909917692486
L6H,G49R,S98R	-0.7953818548566935
E30G,D100A	-0.7488510450895753
E8D,T41I,Q88L,S99R	-0.7404286858050876
R19Q,D67Y	-1.968217411036091
S77N,K86M	-0.5921618626829184
E30K,E95G	-0.6850828068500308
E11Q,D42Y	-1.4135172721298241
K4N,D37V	-0.021178231044104046
A15G,N17K,M52V	1.0054221782749284
I22L,E76D	-0.4477610063532296
P65H,T66I,K96E	-1.3230474209600669
E1V,F3L,I13L,D26G,N63K,D67N	-1.0043343464905201
D37G,V82E	-1.1864402974993495
L5R,A15V,V51I	-0.5535074537114693
E84D,E95V,Q97E	-0.5665201353472309
A15G,E30V,T38S	-0.9140868173663447
I13T,E80D,S98N	-0.3968747874633872
K2N,A7E,M36L	0.3105343952596554
H60P,M73K	-1.5865512754556934
I22V,P28S,T75S	-1.338827982387601
Y24S,S25T	-0.16356387340655343
A15P,E80K	-0.4314519951172224
A18T,M78L	-0.7140251450586552
E11D,V82M,D100N	-0.5026585934720855
V14L,P34T	-1.6385345215982563
L39V,D42H,R71S	-1.710639871977266
A20P,M93R	-0.456652356571585
E21V,E80K	-0.646561208781735
S25C,D37Y	0.6067484978236132
R45I,Q90R	-0.7471929081922327
A15T,K16M	-0.290380318912283
V14G,W92G	-1.5945616301911283
I22M,Q97R	-0.2578418242645264
I0V,I22R	-0.669271631591426
M52V,E76D,S77G	0.8458009659078665
I22M,L39R	-1.4387772751387073
K9R,P81Q	-0.7977215859758764
I0L,D26V,M36L	-1.2178478669914077
L5P,P68S	-1.8429525852189856
Y24N,A91T	-0.4024451512109792
E1Q,E21V,Q97K	-0.875652005037806
P81Q	-0.7431361064324593
L6V,N17H,M93L	-0.31533896897700486
L6R,E80K,A91T	-0.47827392039997507
K16E,P65H	-0.3228335340263865
F3C,I22L,S25T,M73L	-0.24442115118076058
I13M,S77Y	-0.7815034499732777
R32K,E87Q,Q97R	-0.24179622831377826
K16E,D100A	-0.2191970592959238
S64F,Q72R	-1.3608129397765298
E8V,Q97H	-0.4968949246664563
Y24H,A27T	-0.2689143864271104
M73I,Q90H	-0.4469911450434765
I13T,M52T,Q88L	-0.07837570782512022
L5F,E11D,P81T	-0.4521775575726502
A7G,E30V	-0.5624594038210089
I13V,D23A,M78L	-0.9204719327786142
L74Q,E84K	-1.8311567875047596
A15P,D26A,E95G,Q97R	-0.8246834792484177
M52I,R94I	1.3186773091528448
D100Y,H101P	-0.5283471240758609
A20G,P81Q	-0.8464905967240174
L5R,L6P,M40I,T66S,M93L	-1.3869015398337812
E1K,L35M,A91T	-1.2964512213681203
L6P,I57S,Q90P	-1.7014220615980833
T41I,M73K	-0.230735149519591
A15G,H101R	-0.5112744865380063
R19G,T41P,P65L	-1.2910877951972362
E21D,M36K	-1.50671454556615
N70K,Q88R	-1.6504856945382285
A18G,E95K	-0.287316530141807
A7S,E12G	-0.3937102540472177
N63I,Q97K	-0.5366353645131636
D33G,T75P	-2.5348598676497933
E30D,P81A	-0.4910301310277017
H60L,F69L	-2.6314110058197464
A15G,M73L	-0.319491985849521
A20V,S98N	-0.26909170638526114
P34L,D67Y,W92L	-2.48760211249392
V14A,D29N	-0.48305228164116754
M40I,P81Q	-1.1624417162341059
E11K,A27G	-0.5535934297066003
I0M,A27V,Q88L	-0.7198835045575802
E21D,E80D	-0.43129624211994827
N17Y,D42A	-1.370602979822419
A18T,S48P,D67Y,H101Q	-2.178632386170261
E12K,P34L	-1.171081477877015
K2N,N63Y,Q97L	0.06476408598837619
V10L,S25R,M52L	1.365073870470007
N17I,R19W,T50A,Q72L,Q90K	-0.7755695033820686
N63I,E76G	-0.9837075523155152
V14L,I89L,S99C	-0.9312618334053056
T41A,E80V	-0.31306568683900843
D42E,S98C	-0.3978718445530059
A7S,M78I,V82L	-1.067842912284641
N70D,S98G	-1.5642015962168192
D29H,S77G	-0.7980962509992726
E30V,I56V	-0.1606138966349266
N17S,D29N	-0.6679365132048374
K2M,I13L	-0.9179884859798313
P68S,Q72P	-2.700462157801986
V10G,V14L	-0.4942911749589217
N17I,M40I,P43A	-1.8021358370563625
T66N,I89V	-0.9173471040462884
V10L,M40R	-1.9815342982841488
L5P,S77R	-0.6181891152719897
N17I,L62R	-0.3535656035327302
M36L,L74P	-1.6037549473599864
L5V,E11G,K96I	-0.7291059582805959
V10I,D100N	-0.40785899635718503
L6V,E8G,S98N	-0.5099203989183887
L74M,E87Q	-0.9824172141172811
D29N,H101N	-0.5142136799002549
L79M,K96N	-0.8821349482614232
E1V,S77R,E80G	-1.4000786333346547
K4N,E8V,E84A	-0.566956005281283
E8Q,F69V,A91G,M93T	-1.6330597438727004
D37N,M52L,E76Q	1.0565808969220467
Q72R,M73V	-0.5774851208620664
K16R,S77R	-0.6058868434034617
E8D,E12Q	-0.43776994185980933
K9N,D37E,E76D	-1.2341664875885772
M78T,E84A,A91T	-1.0323358589205576
A27T,M52L,K96E	0.832982598839975
P68R,Q72L,I89V,H101P	-1.7995858505398759
H60Q,P68H,M78L	-2.4915469309376608
D33E,L61M,D100V	-1.6141902510917872
D37A,P65R	-0.8767123990166988
K2N,D42Y	-1.2136643101332885
Y24F,D33G	-1.9722515553912987
E12A,L62V,Q88L,R94S	-0.5404785762186864
L6F,A7S	-0.16707837426106648
E30A,L61R	-1.7925791334451953
L39V,D42Y,L62H	-1.0717557211866666
M52K,L61R,K86Q	-1.910895100140414
K9T,P65A	-0.35821349125043733
E21D,P34L	-1.0762760886328742
A15D,Q97H	-0.4344789686397526
A15S,K86M	-0.5264532179302431
R32T,S77C,S99G	-1.145414384376108
D42N,S55T	-0.7734850949971538
E8G,F69V,S77R	-1.860809606604708
E1D,L35R	-1.8314940052052753
E11G,L62I,M73L	-0.44206949138581875
F31Y,S98R	-0.3688575440804257
K9E,D37E,P68T,E95D	-1.976773211319117
D23E,L39P,N63Y	-0.4388289952980467
I13L,T41S,E84D	-0.6120057702979229
D23G,Y24F,M73L	-0.6092414586329413
E21V,K96N	-0.40301458088367315
R71L,E76V	-1.882007441781082
E8K,M93L	-0.185391895407376
L5F,M40I,P65L,S99T	-0.970188580107008
K9N,D29H,V82M,S98I	-0.8719866116284316
E21D,I22K	-0.38840010241954703
I0M,Q72H	-1.5847714381492508
V10G,A18E,P65A,F69V	-1.3831424678687698
L61R,K96N	-1.5551459916405637
A27P,K96R	-0.2519883393843506
S25I,D37N	-0.4713043880711346
I13M,A20E,M36I,R94K	-1.6594907115020148
I0V,V10E,M73I	-0.43747900516187194
N17Y,H60D,L61R	-2.2446899409817576
N17Y,P65L,E76V	-1.4662047791142994
V10L,S98C,H101R	-0.544501784967303
V14G,D42N	-0.5544240790803169
K9N,R32G	-1.5035419494042264
D29Y,D37N,W92G	-2.1603002843373806
A27P,M78I	-1.257720301989346
D37G,Q72E	-1.7234988462503575
R19W,P65H	-0.28132103431698474
A18G,P68S,Q88P	-1.9359501097628449
T38A,D100N	-1.3588138304103983
K16M,M52V,S77G	1.2797434796615619
M73R,M78R,E84G	-0.8453248394610449
D23Y,R45G	-1.0974225635793367
F3L,I22L	-0.10603579071840458
D67N,R94S	1.2355859569825476
I22V,E95D	-0.3090144139895645
D67N,H101P	1.3481682857088213
E80D,D100V	-0.6344968485121393
I13M,D37N	-1.1123914419306749
K4Q,R32K,L74V,P81Q	-1.6429905754820184
V44L,R59Q	-1.685790554529531
T41S,M52L,S99C	1.8419000403466885
P43A,M93R	-1.656279023042893
E21G,Q97R	-0.7192481507702178
N17S,W92L	-1.3096080882771646
K2E,L6I,A7T,T50P,N63Y	0.7483985853369747
K9Q,D26V,L61Q	-1.717624607500611
T41S,S98C	-0.3652305151612769
Q88H,M93I	-0.30000187935821776
E76V,S98R	-0.831121566369871
A18P,D29N,A91T	-0.688127651107797
F31L,M52R,P65R	-1.948577861741824
V14L,T66S,S77N	-0.9727985365927931
E12D,R94T	-0.3686976982039588
N17G	-0.4492891284661572
K16N,A20G,Q72R	-0.6460764123155884
M36I,P83T,M93I	-0.9926603810873076
I22M,S25C	-0.04730941357380212
R19L,M52L	2.4101920969530566
D29Y,R71L	-1.7102224889095718
L85R,Q97L	-0.9504829858321572
E87K,M93L	-0.2549037878800189
E8A,D23H	-0.9458979740787272
K96R,S99T	-0.2337401564674078
N17T,E76K	-0.70805242861234
R19L,S25I,V82L	0.1437107568466907
I0K,S98I	-0.5431049321822509
R54H,E76V	-1.232365717932384
K2R,N70T	1.2141676309481977
K2Q,L5R,E8D,H101P	-0.9722900377873251
I0L,S99C	-0.6740416434349417
K2M,D29N	-1.0625341814762632
Y24N,A27V	-0.20690481873575048
S48A,Q72L	-0.3096430252604558
N17I,R32K	-0.41572236543342866
S25G,A91G	-0.22886034934925523
M73L,Q97L	-0.3677590993324404
E87K,Q88H	-0.7182916954747662
P65H,L74M	-1.193266449941599
D23N,T38N,A91V	-1.0806412328660175
T38S,L39M	-0.883526708307777
R32K,K86M	-0.40317412219792814
E1G,L6F	-0.4674253039724654
F69V,E76K	-2.016145294642974
N17D,N70S	-0.38595645680849255
E11Q,R71G	-1.79760770355334
K16Q,E76G,V82M	-0.8650032720720211
E12D,V82L,Q97R	-0.6169926012341009
V14L,A27V	-0.12221337214149931
Y24F,D26E	-0.2357594533494195
R19L,M93T	0.007054026956631088
M52R,L79M	-2.2078024422712583
F3Y,T38A	-1.3516960594043377
F3L,E11D,S99G	-0.33217017519481007
E1V,R19P,D23V,M40I,M78T,E95G	-2.0897450373956383
E11D,K16M,D42E	-0.40715935547171955
N63H,I89V	-0.7106067026958501
K16M,H101Y	-0.28145855425151334
N70I,E95V	-2.1728424237982287
K4R,A15T	-0.40458133596981827
D37N,S77C,I89V	-1.1710646267803826
L6F,N17T	-0.2502274155399793
D29A,P81L	-1.8643455722651514
T41P,E87A	-1.1503316140393904
D26N,S77N,E84V	-0.8217654653885912
E8K,N63I,V82M	-0.6105911681686631
E11G,V14A,H60Y,D67A,P68S,N70D	-2.9165730928705362
D23A,N63K,E87Q,Q90H	-1.358836450192943
A7T,L46M,M78L	-1.181014603006949
R54H	-1.1385579845803098
K4Q,A20P,F69L	-1.7856793638511395
E12N	0.005955259376852762
I0K,R32K,L35M	-1.3880474272194228
E12K,M93K	-0.498614346861599
N63S,E84V	-0.9813898897218671
E12G,M52R	-1.7600110208320767
K9R,M78V	-1.1401684856230907
F3C,M36V,Q90K	-0.7981692834501415
L6R,A27V,V82L,E95K,S98C	-0.6450242476935133
E30V,R32K,M93K	-0.6236942130845784
T38I,M73I,S99N	-0.8746132953192693
V10A,N17Y,E21D,M52V,E80D	0.7621399835111721
T75S,S99N	-0.4755571372522036
E1K,D23N,E80V	-0.49476250946556033
M40L,P65A	-1.08394931510753
E1G,L85Q	-1.4845853100531428
M36I,D100N,H101P	-1.0247088728469174
K9N,N17I	-0.5179812122682231
E1V,N17I,R32K,H101L	-0.9029779212979048
T75S,M93V,D100G	-0.2823139019685962
D26N,V51I,P65H,T75P	-1.7947665505471488
L39V,M52V	1.4929371555622395
Y24D,T66N	0.25012207896870214
D37Y,E87K	0.6354296666543254
N17K,M40L,N63H	-1.3306640567590673
L39V,E84G	-0.4179305106321041
P28S,D37G,M40K,L61Q,S77R	-2.359201100302244
E1D,K4N,K9R,P65S,Q72K	-0.7918825559202873
E1G,K2M,A20E	-0.6920781251874557
Q90P,S99N	-1.7804312274022467
E12A,I22L	-0.26203966138485213
A18T,S25R	-0.5717706018081314
E1V,I13N	-0.6251036686215055
V10E,E30V	-0.3923747450148571
E30D,T41S,E87D	-0.4053988836178978
M78K,A91G,K96R	-0.5654793876531641
P28S,S77N	-1.2440248379123964
A15P,K16T,D23Y	-0.46892376347510156
K9E,V14S,D100A	-0.2327911256660863
K16T,S25R,M52L,I56N	0.9603972250132121
A18P,L74V	-1.1989183598297886
R19P,E84K,A91T	-0.45237541734136066
T38N,Q90L	-0.7951338240536436
L35P,A91T	-2.0148576612499416
L5R,M78I	-1.2086828549745996
N17K,A20G,R32S,S98N,D100H	-1.4507178630872664
D67Y,K86N,H101L	-2.0439958890954415
I0L,F3L,D26N	-0.7704508501169535
F31I,S99R,H101L	-1.4925490036896565
T41S,M93I	-0.14932570632894193
D23Y,L62V	-0.24777802940891175
V82A,R94S	-0.624961518747642
K9I,E76K	-1.1757862238463888
Y24C,E80V	-0.2903553773630534
D23A,S64F	-1.3324391843538987
D33E,T38S	-2.121176872854369
A91V,M93V	-0.07295599486786158
D26V,D37A,F69I,R71P	-2.358749580261807
I0V,D37H	-1.2508596485651235
Q88P,R94S,E95G	-1.5315973761206882
M36L,Q97E	0.07076792683009278
A7G,P34L,M52L,L62R,S77R	0.8887396681785003
T75N,M93R	-0.4736759426620236
N17T,P65R,T75N	-0.7564095314683695
K16R,H101D	-0.3250482332438374
I56N,M73I	-0.5802872178936789
N63I,R71C	-1.672486435750739
L6V,T75S	-0.48863471442282114
S25G,P65A,S98N	-0.21100461670455892
D23N,S25R	-0.9456412499266006
F31L,S77R	-1.2052209757869117
E30G,E84Q,H101L	-0.8551269676835062
D42A,N63K,E84D	-1.7970279214845433
D26Y,E95G	-0.9632326662389559
P65L,W92G	-1.9369245727142823
L74Q,A91S	-1.895644953728607
S64Y,Q97L,D100E	-1.1880537908261999
E12A,S64Y	-1.091892378009397
L79Q,E84V	-1.6043206393984981
I13T,S25R,K96Q	-0.4242605605346026
Y24F,Q88L	-0.6215704652606961
K9N,D23E	-0.05969019728928787
E8K,E95K,K96Q,Q97L	-0.3809424563727881
I0K,P68R	-2.1238118503229746
M36K,L79R,R94G	-2.1952460937797156
S64Y,S98N	-1.0738687677033472
N17S,P65L	-0.8171399741519981
A7S,E11V	-0.6368691706362113
R45S,N63D	-1.2719793036310763
L62I,H101Y	-0.29236442022220566
S77C,S98N	-0.6797114205397976
V10M,S25R	-0.5433279491624254
N63D,R71G	-1.8278702646014793
L62V,N63T	-0.6874080192237293
E87D,D100Y	-0.5152113602526828
E76Q,K96Q	-0.46995633038281936
F3L,R71H	-1.7390136757336196
M52V,W92S,Q97L	-0.939391453486135
R19Q,L61P	-1.4503971149970698
I13N,T41S	-0.42468904347877523
I0L,A7S,S77C	-0.7395443045838851
M78V,E80D	-1.2954181154971351
E11K	-0.3734650278050351
Q90K,Q97L	-0.4558217913546202
D23A,P65R	-1.089238377015366
L74M,S77N	-1.0863330850467174
E12Q,I13M	-0.4814752791582466
V14L,M93I,E95A	-0.30069628282226163
S64T,M73V	-0.9143124351931513
I13M,M73I,E80A	-0.6437993590200728
A20E,P68H,S77G	-1.5993854818070816
S77N,K86N	-0.6457223257344368
M52L,S99I	2.241615735449054
I13S,R19Q	-0.17810525795821242
F31L,T75S,M93L	-1.0306407070672239
T41I,T75S,E95D	-0.456444130552514
I13L,N17I	-0.6466068155170962
R19G,D29A,F69V	-1.6274468289958257
D37G,P65H	-1.4202851921586241
M73R,A91G	-0.2853584224698497
L5P,K16N	-0.38622155271182873
A7S,N63I	-0.4643309565408321
V10M,M52L,E95K	2.144797358852203
A18E,N70S	-0.3544796672791902
E80K,D100N	-0.439603890881492
E12K,L39Q,M78R	-1.777053849783473
I13M,V82A	-0.617257705106296
D23E,E30Q,K96Q	-0.23004245582878408
V14M,P65A	-0.41767344816563656
I0K,Y24D,E80K	0.5605177746789589
D37V,R94G	-0.2515919020749984
I13T,L39V,S99C	-0.22260275355312278
K4E,L5V	-0.4705279868628789
Q97E,S99I	-0.4031168767387287
P34S,A91V	-1.7272033876442392
N17T,S25G,D26E	-0.3199536967690906
I0R,A20T,D23Y,M40I,M52V	-0.38881813529404863
L6F,P34S,K86T	-1.4193250159627286
F3C,L5I	-0.4127026773032084
D26Y,P65H,A91T	-1.1134778783517447
E1G,N17I,T38S	-1.1335287791416973
L6P,M52I,E80Q	1.017993678281951
D33G,Q97H	-1.8839960461781504
E30D,M93K	-0.30866107588410596
I13V,T38S	-0.6375043452729647
L62I,S99I	-0.43441630723995917
V14E,S25R,M52L,E76K	1.0746918674227093
R19G,H101P	-0.18940831974504838
E8G,I89L	-0.9328340519920161
N17S,E76G	-0.8206027266300446
T75A,E76G	-1.1702037754357602
I0T,D37H	-1.3227759556289942
R19L,A20E	0.20122109635929386
W92R,Q97H	-1.5233869275648328
K16N,V51A	-0.7458255396788421
L61P,L74P,Q90L	-2.0088527349506613
P34T,Q72L	-1.6299405896153516
E30V,M36L	-0.30565346543513583
A7T,K9Q,E21D,R94K	-1.484102112524373
A91T,H101P	-0.30836836162212933
D42V,Q72P,E76V,M93I	-2.426224002676974
I13N,R45K,M73T	-0.3313155929941545
A18E,P34L,A91G,D100V	-1.3361350797735148
V82A,S99C	-0.7051441649577211
D23V,S25N,L39M,M93L	-0.8387383237902126
E21K,M40I,V82L	-1.1980763844040272
E8D,E11K	-0.4035559325335232
K4T,W92R	-1.7060220274149283
A91T,S99G	-0.4606996243902107
L5R,E11K,T41P,K86Q	-1.178277823262833
I0V,M78I	-1.3316809681136537
K2Q,T66S	-1.2568232721623946
E11Q,Q97L	-0.5047836270684027
E12D,V14M,E21V	-0.789213161617579
N17H,M93L	-0.2116006949279925
D33E,L62V	-1.4272471673726168
T38S,L79Q	-1.7627878175531428
R19L,D23A,P65A	-0.56563783352034
D23E,M78L,Q88L	-0.946573416641137
A7T,E12K	-0.3896824825485351
E11G,I13S	-0.526456688571357
R19L,E30A	-0.19466883750203665
L62S,P65R,E95D	-0.8629826691211798
N17I,L85R	-1.0913519584568163
M36I,P68R	-2.448318878021982
S98G,S99N	-0.3240807896815684
K4Q,F69S,D100N	-2.1253455016048934
V14L,Y24F,S99I	-0.5007710677351372
K2N,A15T	-0.2436906997846477
V14L,V82L	-0.5520749141356005
L39P,E76G,S77T	-1.481394692333805
I89V,S99R	-0.5510355117856464
A18T,E30K,D42H,M93T	-1.3580560184516548
E1D,E8G	-0.5735421879980456
K9N,N17K,D26G	-0.6032715474438997
V10A,L35M	-1.5057945540653406
L85P,M93I	-1.6537424552770286
A15P,D23E	-0.3030179297188492
K16R,E21D	-0.2781495850850402
A7T,A91G,R94S,H101D	-0.3110516142310732
V10M,K86N,S99G	-0.6014666144030454
Y24H,L62V,S99G	-0.2825347661745753
L6I,E76V,M93I	-0.5420282924872181
A7E,T41A	-0.011639500946603458
D42N,M78L	-1.0655820115914931
E8G,K16M	-0.4970896523620396
D23G,S25R	-0.8319062400727693
D37E,S98R	-1.2134921169904407
K16Q,L35P,M73I	-1.7500771483052253
K16Q,E21K	-0.8080115456700825
G49S,L61M	-0.936008281878281
K9T,P65T	-0.7321664999023212
D23E,D53E	-0.17007278169274676
T75N,E80V	-0.452860837019622
Y24F,L39V,M40L,P68R,S77I	-2.31977127013064
E1G,M52L,S77R	1.6297768218903195
I0M,L5R,S99R	-0.9638613982324465
E12D,P34L	-1.0399381026691499
E12D,M52K	-1.7032155089735972
Y24D,F31L	-0.4867042458109343
D37V,M52R,D100V	-1.6243280571272873
F69L,E95R	-2.1450154512033865
V10A,I89V	-0.25632772138238347
S77C,M78L,E95K	-0.9038954965756341
D29N,V82A,A91S	-0.9648943405691675
E84K,Q88L	-0.7539513046103933
K2Q,P34A,I57L	-2.1188645719268164
P34R,P65R	-1.8699010341154145
K2N,S77N,M78K	-0.7020616079310049
F69I,P81L	-2.5123528889215363
Y24D,S25N,N63I,K96I	-0.07208774846778215
E1Q,K9E,M52L	2.057227508287893
K4R,A7G,S25R,R94S	-0.5760093133649127
S98N	-0.25483526886248453
D23G,L39M,Q88R	-0.6195978611337436
K16R,L35V	0.06104303686252665
E12Q,S98C,H101Q	-0.4662713686858306
F31C,S99N	-1.7986126494150845
V10E,P28T,F69V	-1.5169432039251656
E12D,V82M,M93L,H101L	-0.26795742460313865
D37N,E80D	-1.1777902728425667
K2T,E8Q,H101L	-0.8497279085778583
K16N,D67N	1.4230159895133523
I22L,K86N,E95G	-0.6639988035379901
E8K,M40L,E95V	-1.147240675065131
R32T,L35M,T66P,M93I	-2.7439276724588906
I0V,S64Y,D67N	-0.6337927339482576
P65R,M73V	-0.499565148088075
A18V,M52T	0.3251319260437082
E11Q,L74P	-1.8537628445482663
P65S,D100E	-0.5567635053608179
A18V,P65A,D100V	-0.6481567979850844
R19Q,M52L	2.385268704533512
A7G,D23V	-0.7571251752126611
K4T,A7V	-0.5239262937762258
V14M,T66S,P83S,E95Q	-1.0883233184614902
N63D,P83T	-1.0590919678723014
I13T,E76K	-0.6574241177359762
E11D,I89L	-0.7186615609058727
P47R,D100E	-1.5598584339208368
I0T,M73I,E87D	-0.7272856748311274
Q90E,W92S	-1.6320562986731524
F3L,M36L,H60Q	-1.4138818728810894
K9E,V10L	-0.27645529864047846
Q72E,E80A,Q88R	-0.9084882094917083
E8V,A20E,M36I	-0.9138970663942846
A15P,M93K,E95G	-0.577609972751887
E8G,M52I,H60Q,L61M,M73L	-0.46441167751367374
N17D,Q72E,S77N,E95G	-0.9563691793010475
M40L,E80K,R94G	-1.1172276076936538
M40I,L61M,E87K	-0.661968800987137
V14M,S99N	-0.4193441473675202
A7T,P81Q	-0.6563221140316141
A18E,D67Y,P68T	-2.2316670865025707
K4N,R32K,W92C	-1.389917963811973
N17D,P68H,Q72R,T75I	-1.985997639989045
M52L,E84Q,K96R	1.9805580632760535
F3L,E21K	-0.8314602415295294
E8G,D26Y,M52V,R94I	-0.3196194638318657
S77G,M78I	-1.047973958314854
R19W,D42E,R94S	-0.24904484313306247
A27V,K96N	0.15851213279236953
S25R,I89F	-1.4912558542194467
Q72K,E76Q	-0.7173912297089126
L5V,A7G,E80V,E84K	-0.38558255548312487
M78V,E87K	-1.1941623308693008
E30V,W92C	-1.7264867017688816
E21K,S98T	-0.8911942970001998
K4Q,A15T,S64F,S98N	-1.1230924646818798
E84V,K96T,H101L	-0.6297810331254976
P65A,P83L	-0.680328182005045
D29A,E84V,D100E	-0.7829244275543874
I0L,P28R,M40K	-1.7576466341947252
K16T,M52I,H60R	-0.6704297218222228
F31S,D100E	-1.787179618027169
V14M,A15G,A20G,D37G	-1.3546479367537514
V14M,A27T	-0.18476527433753243
F3I,V82L	-0.5350125675386557
S25R,N63S	-0.9923087339318706
K2R,P83R	-0.9207989141465738
T38S,T50N,I89L	-1.1426716787305222
K2R,T38S	-0.9601292862149626
R32K,L79V	-0.5333376807175281
S64C,E87A	-1.5232241193002867
I13N,N17T,E84G	-0.44093744193090384
D37N,R45T	-1.4698729019231278
A20S,A27P,N63S,N70K,T75I	-2.0809076886794102
A18P,M40R	-1.6811682102449843
E30K,S99R	-0.7418293341270085
E1K,A15T,A20T	-0.1738080162117182
M40I,M52V,V82M	0.5585899643219646
S64P,M78L,Q97L	-2.1219862314307356
I0K,L5R,E95D	-0.6563990086767645
V10L,S25G,R94G	-0.33680663037709485
I13L,A27G	-0.5450399480541882
I0R,E95G	-0.5698343390174729
H60P,S99T	-1.8695395128681038
L35R,M52V,S64A	-1.1503533223432882
T66I,S99R	-1.480764911688924
P65A,I89S	-1.6473815530832376
V10E,R19Q,A27V	0.18724310314732212
E1V,Q72H	-1.6265782118088286
K16R,I89T	-1.2257435146694666
A20E,M93L	0.3050241735178679
K9I,S25G,E95Q	-0.8306407310141661
F3Y,I22R	-0.4219756028012244
V14E,Q88L,S98C	-0.5220731878581004
S77G	-0.24505665732338985
E21Q,M40L	-1.294782604611196
V51F,A91G,E95K	-0.7638781465588551
K16N,D33E	-1.6396075514774289
V82A,E84G	-0.7920980152139768
K9R,A20P,D37V	-0.290036812419052
D23N,M36T	-0.8853532203507104
E11V,S25G,R32K	-0.5398025601684584
T41I,E95Q	-0.385486073649067
L46Q,I89T	-1.8646281758488603
K9T,S55A,L61R	-1.464739579091983
M40I,L74Q,V82L	-1.956075845280099
E30K,M40K,L61R	-2.125451736575946
D26H,M40V	-1.7259576491672854
V14M,E21K,E76K,S99R	-1.165003176751936
V14M,M93I	-0.11529330961784567
L5H,K16Q,E76D	-0.6948355886943156
D23N,L79M	-1.3336798560937855
E21A,D100N	-0.7314907320879286
P65A,R71C	-1.7613364730543786
L6V,E8A,T66S,K96T	-1.018833666520115
K16N,E21D,Y24S,D26G	-0.46464156437973264
A18V,M52L	2.2637323712178974
M40L,M73I,E87K,Q90K	-1.2329603388045498
I0R,R94S	-0.5084481071611057
D23V,Q72H	-1.5850935673591344
V10L,L62R	-0.3875219600077423
K2N,E95K	-0.1986242598857225
M78L,L79P	-2.2185245716254123
E11K,Q88L	-0.7947576945273273
Q90P,H101L	-1.785928648760382
F3I,M40I	-0.619257115845692
M52V,N63I,K96E	0.6434585119170695
A18V,H60N	-1.7343979861387122
Y24C,E84A,M93I	-0.17000723843234178
R45G,N70S	-1.5051729664712534
T66S,F69Y	0.004916021418941902
L5F,I89L	-0.6466459157586003
Q72R,H101Q	-0.6547598518233959
E12D,Q72R	-0.6880610104593725
E30K,D53E	-0.7729214398987471
I22V,M78K	-0.7008616351022926
A7T,N17S,D23E,P65R	-0.37957257825345464
F31V,E84K	-1.6718495470880539
I13N,M78I	-1.1798586020106088
I56F,N63D	-0.9684111221371343
V10G,H101Q	-0.4724940191513775
A7S,N70I,M73I	-1.6512495398438063
D37V,E80A	-0.14604949059440694
S64P,P68L	-2.628904871570342
K2R,E87Q	-0.5936731250992071
I0T,S25R	-0.8579471420130795
R19Q,F31L	-0.8272163948080643
L5I,D23H	-0.7706322436536496
F31C,K96Q	-1.7198309300180743
K2E,M73T	-0.5998847731370456
I0L,D26H,W92G	-1.9671745481801541
E1G,E11D,A27T,M36T,D100Y	-0.9883445772970548
P68A,L85R	-2.0620401107362305
A18T,M93R	-0.4214384410533013
L5H,A7V	-0.4940663413093228
K4T,N63K,T66I	-2.044453344930442
F3V,P65A	-0.4662084779814769
E1D,A20T,P81A	-0.5655964634935026
M52V,N63D	0.5589106116122415
A7T,Q72K	-0.3901448943541435
S64P,Q90H	-1.9003923168259917
P68H,W92C	-2.3532896540285355
L6P,S77T	-0.528567970465597
A7T,K9N,H101L	-0.2603468255397077
P34S,Q72E,P81R	-2.3064757703017102
N17D,R19G,Q72R	-0.2997532292605703
E1K,M40I	-0.4576690568672901
I22L,S77I,V82M	-0.8238383483493306
V10L,I89N	-1.8343246112402607
L5V,A18V,I22M	-0.1424365072542451
M73I,S77C,S98R,H101L	-0.8107345000526539
F3S,A20V,Q72E	-0.8638481013031403
V10G,E30D,E95V	-0.504666109394676
E1V,D29H	-1.0506129581387844
K16R,N70D	-1.5439646650831245
A7T,T41A,S98T	-0.3638658850300507
A15S,E80G	-0.8932090257006686
D37E,P68L	-2.5772160091389713
R71C,A91V	-1.7232167239388034
A7P,A27D,E80K,S99N	-0.8963564798296495
T75A,M93I	-0.38147661914890807
V51A,M93I	-0.667819493441133
A18T,T50I	0.07700708610260794
F31V,T75N	-1.739819297911421
D26E,Q88P,R94S	-1.477290539611398
D33G,Q97P	-1.92734653946186
D53G,E95V	-1.5734976845867135
D23N,E30V,M52V	0.766157497869985
I0V,D29H,M52V	0.43612435237464386
P68L,H101Q	-2.123668938155494
A20V,E21K	-0.8044339550532703
I13N,A20T	-0.3112750718888343
I0K,R71C	-1.8083210502274687
E12Q,M73V,S77R	-0.5130701098826098
E11K,P65L,K96R	-0.7081756496757516
E8K,Q90L	-0.44122725770169313
E80A,H101N	-0.3554675942923196
L61M,P65R,K96I	-0.9403662453196626
Y24S,H60R	-1.6345544055529146
D37Y,N70S	0.4555272870519306
I89N,Q97K	-1.7222259554585637
N63T,W92G	-2.0217187872032927
V14E,P47S,Q72L	-1.3083727444836928
V10E,R19Q	-0.0067964518918074285
D37V,M73I	-0.05816170009929743
I0L,F3L,E12A	-0.5813078355756305
N17D,Q72L	-0.23238699120416756
E11D,D67E	-1.7940188169245697
I0M,A7G,D53E,A91T	-0.824251536178159
T41S,F69C	-1.925626294027404
K9I,H101Y	-0.7683320601855733
A15P,Q72K,M93I	-0.34060144127071257
N70K,H101N	-1.8025209544415604
D23H,P28S,M93R	-1.5057241371050156
A91V,E95V	-0.5937812005370499
Q88L,I89L,Q97L	-1.1820027461394136
L39Q,M52L	-0.37582690994510703
S25R,D26A	-0.8006309498464526
M73I,M78V	-1.0843368535621298
D26E,Q97R	-0.4296761269319384
E21Q,M93L,H101P	-0.3496037615078002
N63Y,E95K	0.06396130948388198
I0K,A18V	-0.5196545200430481
E1A,Q72L	-0.8658169371268158
V14M,A15E	-0.18834656028953045
D26E,V82L,R94T	-0.6524947460021894
K2R,S77I	-1.1919975603566533
A7S,A20G	-0.3385670306629638
D42E,D67N,M93L	1.3513244950827348
D23H,E76K	-1.109492320645153
E12K,Q72E,Q90R	-0.9670452528597355
D23A,E30D,H101P	-0.8123419328004864
E1D,A27T	-0.30660934575974497
M36L,Q97L	-0.08185697752035567
D67N,Q97L	1.0468621660210549
M40I,S77C	-0.8639773335368027
I22V,D29N,N70I	-2.131835909481505
E30G,R32K	-0.41450880596334183
A15V,D23E,L35Q,R45I	-1.3931692662730943
R71H,W92R	-2.115573565341717
K9E,Q97L	-0.23890283243472746
D26V,D100E	-1.0807573665862797
T50N,L74V	-1.318369873824023
E30D,T38P,E84K,S98I	-1.8740375952008173
E30V,H101R	-0.6283094755693739
E8V,K9N,L39Q	-1.3598651577457657
A15V,T66S,S99G	-0.9377505117840206
V14E,M52V,M78I	0.5071481473499998
T38S,M73I,H101Y	-0.7027434351599052
D23H,Y24F,P65R,Q90H	-1.1658923892342359
L61M,Q88L	-0.6898500023670597
T38I,T75I	-1.1475416922816506
T41S,Q97H	-0.2897283580347007
D26V,D100N	-1.1372422088242076
L6R,R19W,M52L	1.6358669934545433
Y24D,E76D	0.5355972349648095
A7V,Y24S	-0.22583755504322084
G49E,H101D	-0.8722860113296754
I0L,L39M	-0.7765892904150242
M52L,N63D	0.7615328070892537
D26N,Q88P,H101V	-1.5987118668901052
A15E,F69V	-1.7533479592244943
F3V,A15S,A27V	-0.3136798495180217
E1K,K16Q	-0.15307301070638718
V82E,Q90H	-0.532622046027988
D26Y,E30V,Q90E	-0.9498714709770386
T66P,S98R	-2.10765165603121
K16E,S99N	-0.14777054893511846
M73I,M78I,K96N	-0.9193993497560072
L61V,M78L,S98G,D100E	-1.616026466192378
M40L,H101L	-1.0094693358810254
A7G,D37N	-1.0107048160383343
Y24D,S25N,F69C	-0.9648920025489616
E30A,N63I	-0.672206629827093
A27S,D67N	0.7189036800059545
E30G,S99N	-0.6579236806316421
I0M,L5R	-0.785655255200289
D29A,R32T,M52V,P81S	0.07648356610996951
E30K,D42N,S99R	-1.0025267926621462
L74M,D100N	-1.1228552970920334
T41A,Q97H	-0.31726686220950956
L6G,L39Q,Q90R	-1.46889791520989
L62H,S77C	-0.4992943597497903
V10L,E76D,L79M	-1.401420315107021
A15S,A27T,E30A,M93L	-0.37181392425626963
D26N,L62R	-0.3570513756661131
E12Q,Y24N,T41I,E84D	-0.5965533315303605
K16T,R45S	-0.7188023114134912
E12D,Q72E	-1.0223083163384414
Q72L,M93V	-0.09276173059212241
V51G,H101R	-1.8035069382602982
V44A,H60N,D67E	-2.31454033971793
F3V,T38I	-0.8643080525984739
L5P,R19L	-0.27289109688233093
A18G,E76K,D100N	-0.7213380097779505
P34R,T75S,S77R	-1.9562627165392183
A15G,E95G	-0.4531888757613256
E8G,N63T,E87D	-1.0011799808955708
K9T,S25N	0.04023352949142321
E12Q,M40L	-1.056379865406651
D29Y,R94S,S98R	-0.8103972242792692
E30K,N70D	-1.7114116081243074
A7S,R94S,E95K,S99R	-0.288108273309799
N17Y,E87Q	-0.5192987072972757
L35V,L62I,E84V	-0.4840479312161981
D37E,D67A,E95V	-2.272131648243394
F69L,E76D	-2.1364015323311087
E11Q,T75S	-0.5298405288775397
K16T,A18P	-0.217597520224115
I57L,K96R	-0.7419871203832509
I22K,H101N	-0.28819699146037925
L74Q,S77C	-1.8401212602662065
K16N,D42N	-0.5666181806629342
P28Q,R71P,M78T	-2.213536704722615
M52K,I89F,K96R,S99I	-2.0158177122733996
A18T,E21G	-0.6477578570345184
Q72L,M93T	-0.29933252698064994
D42V,M73I	-1.319099582904594
I0R,S25G,L39R,E76K,M78I	-2.4774747058657045
N63T,T75P	-1.9019307392390288
E8V,A15V,M36T,D42H,M93L	-1.303436211791914
T41S,M52V	1.3476846766395538
F69L,E80K	-1.801481645104665
F31I,M73T	-1.3751534045685934
M78V,P83Q	-1.3158749294156262
M36I,R45K,Q97R	-1.1174660952415718
E12G,S64F	-1.1835867444750359
I0V,S77R,E87A	-0.8588859382343588
L6H,D26V,H101Y	-0.9081213254574794
R19G,T75S,Q97H	-0.3184844517586367
S25R,N70Y	-1.8864447782491351
D23E,T38A,E84A	-0.9819753802943173
E21K,D42E,D67N	0.5414875817569105
I13T,E30A	-0.47717376426531966
D67E,E80G	-2.119408523565598
E11A,R71G,M93L	-1.5183237549839053
L6I,M40I	-0.5911597543155194
E1D,A20V,I22R	-0.4417639018732008
A7T,D23E,M40L,N63D,D67E	-1.5421700523634618
D67K,P81R	-2.1673838673937578
M52L,T66S,R71C	-0.8379007346422516
D37N,T41S,Q97L	-1.190167222801315
K4I,L62V	-0.284214656259985
E76D,E80K	-0.622521800993225
A15T,A18G,P81Q	-0.6807054859012283
L5F,S64T	-0.8996833902240687
I0V,L35V	-0.1514506439021423
K96N,S99G,H101Y	-0.04506498537037516
S77T,E87V	-0.805850979789691
M52T,N63S,P68A,P81Q,S99N	-2.212216308733254
L62H,E95D,K96N,D100E	-0.14491331218676934
A20V,Q72H	-1.34638220532128
I0V,L79V,L85R	-1.449612003935047
L6F,M40I	-0.560266965052473
P65H,E95D	-0.5772127751495159
K9N,D29N	-0.5176226663961501
K9T,H101P	-0.247931251528117
I0M,N63H	-0.8960592420037796
D37E,N63S	-1.500283433955778
M36I,D42E	-1.1353061670727398
D26V,F69L,P81Q,Q90P	-2.5517361630468844
F3Y,D29H	-0.856651795850196
E8D,E11D,P65R,L79V	-1.0876816135217617
E1D,R19W,R94S	-0.1860130289186755
L35M,P43S,I56N,Q97L,S98T	-2.6024787466702555
E8D,K16T,T66S,S77T	-0.9676642760027773
P68T,H101Q	-2.0869183997541345
R32I,P68H,E80Q,E84V,S98R	-2.126024073836295
R19P,E80D	-0.2753565723639292
I89F,R94S	-1.4569330264738793
T38A,R94T	-1.318862903184932
T50P,P65L	0.04416036053398488
K4N,Q88L	-0.7543364940453947
K4Q,L5F	-0.3932870928472481
E12G,A15E,T38A,E84Q	-1.3897629532078115
M52L,E76A,E80D	1.3947330228318535
F31L,H101R	-1.0358267714273581
E12Q,K86T	-0.6610139368898744
V14A,M78L,S99R	-0.6561230844365561
K9Q,T41S,L62P,N63Y	-0.46794932744361817
M52I,E84V,K96R	0.967291663848703
S25R,G49S	-1.2108845772308137
D42N,D100Y	-0.7701945721922684
N17H,L58R,W92L	-1.3303757997085723
T41I,M78T	-1.1143048478177584
D29H,E87K	-0.9501075169864943
I22K,S25R,E80D	-0.7237176956820006
E30V,D37Y	0.4219600785240342
K86N,M93I,H101Q	-0.4543563789840977
E95D,S98C	-0.3313047981143711
K86M,Q97E,D100A	-0.573460992664693
R59Q,S64Y	-1.2302593451374293
T41I,N63Y,Q88L	-0.16303130230548946
E12K,R32I,S99N	-0.9583068802118692
M78I,P83S	-1.2854579655056217
E12V,R94K	-1.7599274159666431
I22L,Q88R,M93V	0.033790893841490685
E80K,P81A	-0.5157720481064081
Y24C,D37E	-1.0784929662922926
K2N,F69L	-1.784457170027961
R19G,E30G	-0.46712440428847335
I22L,D100V,H101Y	-0.3787989446384442
A20S,Q90H	-0.41146623985737896
H60D,D100V	-1.920697529485614
L6I,N17T,E30K,M93L	-0.5214097024578818
F31L,M40R,S77G	-1.8869494554007553
E8K,P34T,M52V,I56S	0.05334259592557669
A20E,H101R	0.0016495109168272876
K2N,D23V,D100E	-0.7250744712435719
V82A,D100N	-0.6992978672175554
E11K,F31L	-1.081028612422379
P47T,Q88P	-2.206028855072978
P81R,R94T	-0.9589171056016357
E8D,I13T	-0.34795642322830833
D33G,D37Y,N70K,K86Q	-1.5644274549917863
E21K,M78I,W92R	-2.244601852671731
P34L,E95Q	-1.0739900141323289
A15T,Q97L	-0.39534440108306546
I22V,R32G	-1.7587113731864927
S25T,L35P	-1.9125066270395927
M78T,Q90P	-2.224357706442298
N63H,W92L	-1.472445757550893
A7G,A15T	-0.28804976413361927
N17Y,M52L	2.0537737977035073
A20E,N63D	-0.6046809554932764
A15T,T66N	-0.8331830657497344
N63S,M78R	-1.2900958708183412
A18T,E95K	-0.2754868092499778
D37Y,P47T	-1.0298692204068183
K16R,F31C	-1.7550013256018517
E80Q,P81R	-0.8553029099709455
A20P,L62H	-0.20697768706627342
T66I,R71C	-2.338191895446283
A15G,A18V,K96E	-0.35024834251290826
E12G,R19P	-0.4103478307747356
R59Q,P83L	-0.9278065425824616
E1K,V14E	-0.1810764274612912
L6I,D23A	-0.6833686217272426
K16N,N17D,T38N	-0.5023189260761027
R32G,P81Q	-2.192975241615986
E12G,D37G,M40L	-1.734028835804236
K9R,T41N,D100H	-0.6474012612100046
E12G,D67N	1.180172289541451
K2N,M52R	-1.621345270473794
L6H,S25I,V82L	-0.08669499658644832
M40T,S99I	-1.7161507314104112
E1A,E21K,E80Q	-1.1495726059835298
E1K,P83A	-0.32978652825037524
A7E,M36T,P81T	-0.49928051826868514
Y24H,E95K	-0.33027427678032506
K2Q,T41S	-0.8896274203961989
D23G,D42E,Q90P	-1.6569448814611356
E1D,S98N	-0.4148432712458126
A20S,I57F,S77G,M93I	-1.3522319784544024
M52V,T75S	1.3583132354089924
E8V,R94S	-0.5415260409704727
I22L,K86M	-0.34756991919423086
M36V,S99C	-0.7366137924601464
D23Y,F31L,R32S	-1.349047083028739
A15V,N17S	-0.4144429685934229
R19G,M40L,Q90K	-0.9172845537528699
D29A,M36L,K96E	-0.5120552963044929
K4T,D100Y	-0.7185049122418972
Q72L,L79V,E95K	-0.8099006489139768
T75A,M78I	-1.5499776106021068
V14M,R94S,Q97H	-0.3128172970321668
K16N,L85V	-0.5256987596539696
A15P,A20G,S25G,P43L,M73I	-1.5238762046113403
T41I,D42N,D53G	-1.670011334264231
I0M,M78T	-1.3154254085923875
I89F,D100E	-1.4493435548914964
A20E,M78L	-0.24547063115463447
E76K,R94G,S99N	-0.7021842990806845
D42V,Q90L	-1.4166351967326976
E8G,K16N,M73T	-0.3989376818051506
A7G,V10L,I89S,Q90H	-1.6358805256435318
D29N,G49D	-1.5297270632105362
M78V,Q88H	-1.3612759077372352
L5R,R32S	-1.1049393219821213
K9T,F31L	-1.0945902659516835
E11G,T75N	-0.5838242661251193
A18T,E80K,V82M,M93V	-0.19570880907739796
Y24C,H101L	-0.5079154063003606
A7E,H101L	-0.0573657636211168
L5V	-0.24335125828407309
M73L,D100N	-0.42839951934732823
F3V,D37N,Q88L	-1.4053697932016678
K9E,T41I,R94S	-0.14432096467462738
D29A,D42A,H101R	-1.277719009173039
S77T,H101Y	-0.5284395253594806
T66I,S99G	-1.4547707266930368
M93L	0.11738988748915222
K9I,E21G,D26V	-1.5375666750119745
I22L,S98C,H101Q	-0.20772603088572433
V82M,Q90H,M93I	-0.24275880488659346
S25T,I57T,H101R	-1.0306108087322343
F31Y,F69V	-1.7758440907726922
I22T,Q72H,M78R	-1.7170234910759348
N70Y,V82M,S98N	-1.7303659476484565
K16R,M40I,R94G	-0.675446350365223
D37Y,M93K	0.5441038268060846
D37A,L62R,E76K	-0.610751551610295
L6I,A7P	-0.32369137339549836
A7S,A27T,M36I	-0.7882566714882137
M52I,E95G	1.4023075485174539
N17I,Q88L,S98C	-1.0331438768771972
V14L,L46V	-0.2268832749688658
K4N,N63I	-0.5913424086362056
M40R,M78T,D100V	-2.336374901071741
M52L,R71H,M78I	-1.142854506885795
L6H,S99R	-0.6093168519979488
K9N,D33E	-1.5393072867113626
L62V,L74M	-0.7888020841664765
K2N,V10E,D37G,T38I	-1.0923225550782136
M78L,K86N	-1.0632637416455533
I0V,Y24S,M40I	-0.7191654400119507
I0S,V14L,R19P	-0.27477359375365495
P65A,Q97H	-0.28224790660509597
E11A,T66A,M93L	-1.3485741094158448
N17K,R32S,M52L	0.7660338779008069
A27V,A91S	-0.08684349357772288
P43T,M73L	-1.6540091611320982
A7E,M73V	0.024806328863141245
E21G,V82A	-0.9611721033088501
P81T,Q97H	-0.5380973165100804
D42H,H101N	-1.139312244111519
S25C,P34H,M93L	-1.320319990773837
I22V,R32I,E87K	-0.9246841343518302
M40V,S99N	-1.5257165265557169
K16T,S99N	-0.27975170958304
A15V,M93I,K96T	-0.2414150194868661
E12Q,R19W,A91T,M93L	-0.033434911617105254
K9N,S25R,T41S	-0.559722314529407
E8G,T41N	-0.5435918044104806
L5P,E12K	-0.6447538375996154
N17S,M52V,M73L,V82L	1.1430479175469448
F3Y,E76K	-0.679847308526756
A15G,I56F	-0.6325015234860565
K2T,M36L	-0.35184457166967986
V14G,I57T,L61Q	-1.712204137976588
E21A,M52L,Q72H	0.2997316276726806
A18G,N63D,S77I	-1.1244931957133883
N17D,M52L,M78K,E95A	1.5338339227843032
L46R,M73T	-1.5612434031349298
L6P,V10L,D37V	-0.41527508821851045
E12A,D29V	-0.7842558207515836
E8G,Q97L	-0.539934209450359
A15E,L61V	-1.1473327221139873
A7P,E12D,L79M	-0.934853921214166
L5I,I22V,S99I	-0.42457766195159896
A15E,A20S,P34R,L79P	-2.2384060597308815
I22V,D23Y	-0.39009748183696735
P34A,R94S	-1.400028829447576
V14M,N63I,P81L	-1.5608405489535861
S64F,E80V	-1.0233551766153548
T41I,P65L	-0.775833150925955
E11A,I13S,P65H	-0.6396533879904736
T75S,D100E	-0.5374655874312011
I22K,D67E,A91P	-1.967409855847356
I22L,Y24S,D26V,E95D	-0.9020951253771574
A27V,P81R	-0.7422839252162634
L5V,D26G	-0.5294307320470408
K9E,R45T	-0.44915109739324255
A27V,H60Q	-1.5497755923350358
A27P,R32T	-1.0891026168307152
I0T,Q88H	-0.9165971171802283
V14G,M73V	-0.2752073979444295
M36L,M52L,K96Q	2.128839284677608
K9N,A15P,S99C	-0.45586782311277474
D26Y,D100A,H101Q	-0.957020917258676
P68L,M93I	-2.008371239871027
M40L,A91T,S98N	-1.0995424143638155
K2T,N63D	-1.1208132184553874
P65L,D100V	-0.9408922570662399
H60Q,Q90L,W92L	-1.8105781777353975
S25G,Q97H	-0.09729334326450986
N17S,M52V	1.5197255688022344
M36L,M73R,E84V	-0.3951788447858715
R59Q,E84G	-0.8822747556587514
I0L,H101Q	-0.6382652861441226
K9E,A20P	-0.04967431031460614
K9T,D67N	1.025867122955434
K4Q,Q72K	-0.6120377995713802
K9E,K96N	0.16885026740747627
M78L,P81S	-0.8546810303567169
I56S,E80K	-0.29676269154380386
D42H	-1.309220527404852
S77I,L79Q,S99C,H101D	-1.790024793032112
A18T,D37Y,M93V	0.7809711104998042
M52I,S77T	1.2615512559050437
E12G,S77R	-0.744982934344177
K4N,M40T,L79V,A91G	-2.0862430830170844
D67V,W92C,E95D,Q97K	-1.9715672160523519
E12V,E21A	-0.8638324936176472
I0T	-0.5359987619855954
E8L,L35M,H101Q	-1.540124618860522
K16T,A18V	-0.250944000120203
V14G,D100G	-0.4691565756694996
M78R,Q97L	-0.9719611844651178
E30D,T38N	-0.7920902835148319
L35V,M52V,E80Q,M93T,S98I	1.1258134858989213
F69Y,L74M,I89L	-0.4437906408657598
D29G,E30V,E80K,S98C	-0.8684626416900258
D26Y,L62I	-0.8972653292612754
E21K,Q97R	-0.9122096723173327
D37N,T50S	-1.1553132582694463
K16M,N70S,Q97P	-0.6512339551039107
E8D,Q72K,D100E	-0.5649899246006101
Q72E,E76K,M93L	-0.9428153683445596
M52V,L58Q	1.5150540135623907
E8L,Q97L	-0.4977560164708591
E1Q,K2E,A15S,S25T,D100N	-0.7058630273178275
D23Y,M73I,L74V,Q90R	-1.3859535385353803
D29A,S64A,E84V,H101Q	-1.1645140071442956
F3V,S77C,Q90K	-0.7190822540201642
K9E,I89T	-0.9513258240463345
E21D,V82M,Q90R	-0.4035549268064801
A20T,P34S,M52L	1.0986185712012013
S77T,D100H	-0.8171608731558184
E21D,A27T,H101P	-0.21891970720678045
E11G,L62R	-0.44411039694305826
E21K,Y24N	-0.7237193117699364
A7T,G49S	-0.7012224588480115
E30G,H60D	-1.8405283298723645
L6R,K9N	-0.3442762789699169
S64T,A91D,E95G,S99I	-1.246952432268029
V10G,S25T	-0.2940724844908593
E1A,P34A	-1.6271496884004528
E1V,K4Q,K86T	-1.0034101370518085
M40L,E80A	-1.192485344001856
D29A,M40L,S77N	-1.2681177070873852
F3C,T66S	-1.021729901260825
I22T,T38N	-0.7336935168439143
M40R,N70K,Q90E	-2.143517570520664
D23Y,M40L	-1.3146930566042814
E1V,N17S,M36L,D37G	-1.3603994141071358
D26G,T75N	-0.6365598350546202
I13V,N63I,M78I	-1.097319823447205
M52I,E87D	1.4696888183403332
M73K,D100E	-0.3603836910523881
K2T,T41S	-0.6867472343431532
K16E,E95V	-0.26512390504104866
E8D,M40I	-0.6398110708068165
I13V,V51I,I56S,M93I	-0.2049328941157883
H60Y,M73T	-1.616638120952051
D23N,R32K,L79P	-1.6791047465521662
E30V,A91G	-0.6071545964111489
E80K,M93T	-0.17043223302504545
K2T,P34A	-1.6098788456346111
K4I,K9T,A15G	-0.6024937462149544
I0M,I13S,R32S,K96Q	-1.07034842601194
E1A,N63Y	-0.36323755818167014
M78R,P83A	-1.0644933971639052
I13M,A15S	-0.38616248783022483
A15V,P34A,N70S	-1.7850060814333586
P34R,M36I	-2.142935167662806
A20G,R32I,V82E,S99I	-1.168307100226282
I0L,T41S,F69S	-2.1408605368501066
L5R,D29N,F69Y,T75I	-0.18224612021958855
Y24F,Q90E	0.035632452725557824
P34R,S77C	-1.7762459513212503
D53G,I89F	-2.1556918474054347
D42A,A91T,M93T	-1.1772410091777497
Y24D,E30D	0.7925969001180403
V10L,D100H	-0.6630791328728458
P34R,Q97L	-1.7558727184578624
F3L,D26H,R71H,M73I	-1.6482168862100453
F3Y,V10G	-0.44671761335177956
E1G,G49S,T66I	-1.8253769318562354
A27P,D37Y,W92R,D100N	-0.9477002304364698
E1V,M78I,M93I	-1.1130714905040096
D23N,Q97E	-0.5965922745452225
E30K,P43T,V82G	-2.341058641132194
S64T,L74M	-1.4097451238522816
R19G,T41P	-0.8811692102079556
Q97L,S98G	-0.4408222726313663
A18T,D29Y,E76K	-0.935654662157079
E11V,S25C	-0.5500575160905616
V14E,I22T,D100N	-0.19475140347213252
M73R,D100H	-0.4970800222961844
M73I,W92R,S98N	-1.4985400096995511
F31L	-1.3613164513204077
I0M,E87V	-0.7416292069995699
S25G,S99R,H101R	-0.37809339967151095
V14E,S48F	-0.370453730288159
K9R,S77R	-0.6349510382182698
T66A,M93T	-1.3902480036447977
K4N,M93I,S99R	-0.29239207349795326
L79M,S99C	-1.0925006397784705
E21Q,L39V,E95K	-0.44339503379496703
K86N,K96T	-0.6560473889665778
E8D,E12V,E95V	-0.7528779704693063
I0R,N17K,L35V,D42V	-1.5970135893354522
R71H,R94G	-1.6383148116920192
D26N,T75S	-0.7036687152477619
I13L,S77R	-0.7065735571574998
E8L,P81A	-0.5862150020827277
E8D,I22K,R71H	-1.4494071392904844
K2R,L62H,T75N,I89F	-1.358203318558311
M73L,S77C,A91T	-0.6113626062532374
L5H,A15T,D23N,K86D	-1.3820964493544212
T41I,I56S	-0.2820943455573332
A20V,M40T	-1.6322001162353692
T75A,P81R	-1.2941450297179191
N17H,P43L,L79P	-2.4875507829893424
M78L,Q97R,S98N	-0.7280576161544388
N63T,S64T	-1.4529987589778153
E11G,V14L,M93V	-0.29731351752777363
R19Q,A20G,N63S,Q97L	-0.775591202350066
D23G,P65H,M93I	-0.549804525590882
M40I,M78R	-1.134098755836896
I56V,D67N	1.5679990187215793
L5P,T38S	-0.743993046434154
E1K	-0.1579403263408304
K2N,L61Q	-1.5771913194977998
T38A,E84D,M93T	-1.3848196106994082
P34S,K86M	-1.564930785035334
H60Q,L62V	-1.4100122649165436
E21A,N70K,W92C,M93I	-2.0760338368245375
I0L,E76D,H101Y	-0.8706401151417099
K9R,V14M,M78I	-1.188940877686393
D42Y,R94G	-1.4565013207166015
I0R,M52V	1.373930161345936
A7E,E11A,V14L	-0.23516867423785853
S64F,K86Q,D100E	-1.074650538217794
A20T,L39M,E80Q	-0.4373511712200314
M73K,L74V	-1.0328466739737898
L5F,D67V,S98N	-1.6687650768800222
E87Q,Q97E	-0.20928289936550443
N63K,D100G	-1.5831717665958807
K2M,A15S,P81T	-1.0988601780153093
V14M,L39P	-0.934065736744702
A15E,N17Y	-0.3772763354243954
D37G,L62R	-0.9167999716160509
D23A,T41S	-0.8694417701996746
D37H,S99T	-1.1578353225477351
E1K,V82M	-0.25905429733295604
S25G,E80Q	-0.10607062055368754
R19P,D100E	-0.3498974064997236
K4I,I89T	-1.3085783328252127
E21D,E84V	-0.5708933967285263
T66S,S98R	-0.9136060560876917
V82M,P83Q,Q90L	-0.5328453040819437
E87D,A91G,S99N	-0.44224686522421985
K9N,A27P,D37N,L62V,S77N	-0.7752674139163817
T66P,M78T	-2.554735709527449
T66I,E80V,A91V	-1.3965687888711305
D23H,M52V	0.6188909826695154
Q72H,M73I,L85V	-1.4233525227043637
L46Q,G49S	-1.9975814819767237
D37Y,M40T,K86N	-0.9638942530851788
K86R,M93L	0.06455335814306853
A27P,M93I,S99R	-0.42775866318870287
I0R,L74P,M93V	-1.6354700242839404
M78L	-0.6363387462202965
A7E,N63I,D67N	0.3768278372862573
V14M,P34T,T38P,D67Y	-3.049937803126526
M78L,V82L,A91S	-0.9351680490128451
Q72L,R94S	-0.4145570152273303
A7S,V44G	-1.541442827159053
N17K,N63I	-0.6809719158766454
K9R,E12Q,M52V	1.3429327188389895
N17I,I22V,L39V	-0.5992462539149261
I13V,T66S	-0.7584597149643802
R45K,S99G	-0.3009253447182286
E8A,I13L,M40K	-1.8405183771976037
K2N,E12D,Q90L	-0.29410914773551544
I13N,A18G,Q88R,K96N	-0.007500874776474507
K2M,M36L	-0.5772869063281193
K16E,N17I	-0.36544142400304325
R32S,R94I,E95G	-1.3669497153767387
Q97E	-0.1465074258845807
Q90H,M93L,R94S	-0.19152753086461247
I13N	-0.3530614105059854
L39M,Q97L	-0.5829845950463206
I13M,E21D,D37E,M73T,L79P,H101Q	-2.2312624344477627
I13T,N70I	-1.9909359197600034
M40V,S77G	-1.4608213906133383
L39R	-1.583733765643137
E30V,K86M	-0.737147139099835
T38I,K86N,M93I	-0.8727696718101348
N70Y,M78L	-2.1891744569116813
N17S,R19L,D26H	-0.6336536434120503
E11A,P65S,E80K	-0.6029502254106162
M36L,T75P	-1.2982678517855346
Y24F,L35V	0.045420918283416156
K16T,L39V	-0.06542598783473423
D29Y,M73T	-0.5030166779654295
D42V,N63Y	-0.7258671685307391
G49S,H101N	-0.7243388350724184
E8D,K9I	-0.7973985033554436
P68S,L85P	-2.4917074388521403
D29H,M52V	0.6856869611908688
K16E,L35V	0.21314608545299793
I0R,D42G,M52K	-2.360379213507688
R19W,T41I,M93R,E95G	-0.2983775418761191
K4N,M78K	-0.7248129740627725
K2M,E12D	-0.8142404008030184
M52V,L62V,E80A	1.185998048783051
T38S,P83T	-0.8329369187689978
R71L,Q90L	-1.6925447203799668
D42E,M78L,Q88R	-0.7242209327312625
K9I,K96N	-0.5831711278859
S77R,P81A,E95G,K96Q	-0.7885725983622159
F69Y,E76V,A91S	0.15855895539260073
A7T,A15P,T41S,N63T	-0.7843620284896412
S25R,D100N	-0.6657366115811094
I0L,S48A	-0.4398668370778306
A15S,K96R	-0.1743170506625722
V10G,F31L,K86M	-0.9922968618160006
T66I,S77N	-1.5133514288963594
K9N,M52V,Q97L,S99N	1.254352956174313
M36I,P81S	-1.2426739270674112
E1D,E80G,K96Q	-0.938560011851164
V14G,E21D,S25C,L35V,P65T	-0.7617151251694578
E84D,Q90H,E95A	-0.531860429375002
K4Q,N17H	-0.5680158659768044
M78R,H101Q	-0.9077468181196358
D23G,H60Q,M93L	-1.3129459622772743
N17H,A18T,Y24S	-0.4442508141964347
K9R,D37N,I89L	-1.5040394043053555
R45S,E76D	-1.1416440948435054
E95K,S99R	-0.4566172769464126
E11D,N17K,M78I	-1.1804478343955562
A15E,P28S	-1.0858013720459108
L62V,T66A,M78I	-1.866260816105461
M52L,P65L,E95D	0.9775709622398779
D23E,L39M,S99R	-0.4456467137896489
A15G,M52L,Q97L	1.9604937336668962
R45G,F69L,M78T	-2.4449194858675676
L5F,E11D,K16N,E80D	-0.267214213959329
S25I,D42G	-1.3895394677511133
E76D,M93R,D100V	-0.8492980074678885
F3L,S77R,P81S,S99C	-0.8796713943071743
D37Y,E87D	0.765289220155122
G49S,E80Q,Q88L	-1.352095919085161
K9N,S99K	-0.5430424076247218
E8A,Q72L,Q88R,M93K	-0.6656601943042358
V10M,E80K,E87A,K96N	-0.26870891600931207
E30K,D100Y	-0.7576847424333031
K2Q,V10G	-0.8895949216230781
V10L,I13S,D53G	-1.382814510880491
L39Q,L62I	-1.3670762706615396
R19Q,M36L,D67E,N70K	-1.8570326333360563
L6V,A27G	-0.5259684808159579
S25R,P47R	-1.513617286913855
E1G,P43L,R94I,K96E	-2.037753354044155
E80K,V82K	-0.6382680935458938
P65L,H101D	-0.7803619030714588
L35P,G49S,D67E,P81T	-2.6543158421941566
I13N,A91S	-0.41113039991427575
A27G,L58R,A91T	-0.8250999916758142
P65L,W92R	-1.8443121025736535
L39V,E95D	-0.17153284474384978
P65S,D100V	-0.6247853178878215
T66N,Q90L	-0.8134212932443535
N17H,V82L,S99N	-0.7045198799874011
A18G,P65L	-0.7545604378480288
D37G,M40T,R94T,E95D	-2.0900818205522054
R19L,D23E,R32S,Q90E	-0.499961263823577
I13K,E80A	-0.3102870973900465
D42N,K96N,S99G	-0.451118076645564
T38S,N63I	-0.8851281920269835
A20G,F31V,N63K	-2.0237406817312498
L6F,T75N	-0.312721600695733
E8Q,D42A,D100N	-1.2200900412351867
K4N,E87Q	-0.24789183347929195
A15G,P34S	-1.6393051383277935
A27S,H60Q	-1.6384868343300494
E11Q	-0.4541930076372661
E21A,R71L	-1.9484186356770787
K4I,M93I,H101Q	-0.4352261559970389
E76D,H101Y	-0.6334489048472747
R71H,E84A,Q90H	-1.530531062471747
L5I,R19W,D37V	0.033656284125731586
S77I,D100Y,H101R	-1.1069805887998174
N17D,M52L	2.427441884751773
S25G,D37A	-0.3959177604162436
E1A,M78L	-1.1019860912990604
M93L,S99N	-0.12362305039193756
Q90K	-0.2606123564032701
M52V,N63Y,S98R	1.2265738955215748
N63T,K86Q	-0.7777609389837539
K16M,L35I	0.5675103261900163
D26V,D33E,M40L	-2.3385729353920803
F3V,D29A,M93I	-0.4585789355884187
E8G,R32S,P68T	-2.2841509329316594
M40R,E80K	-1.8575861956683672
T75N,E76Q,A91T	-0.8075505450520271
E21Q,S77N	-0.6865363275899672
Y24S,L61Q,R94S	-1.4284145538646238
M36L,D67E,S77I	-1.7676627935655276
I13M,L74Q,A91S	-1.7606671120263262
S25R,P68S	-1.9601510044498687
F3C,A27T	-0.32955161282223455
K4N,M40T,N70D,M93L	-1.920070579286675
R32I,S64T,K86N	-1.6850324275807318
N17I,E21D	-0.5969254331469542
R32S,M78T	-1.7610410395159
E1D,N63D,M93L	-0.6958378952951887
L6P,E11G,K86N	-0.7068112584914479
K2N,P65R,Q72H	-1.5023001536352605
L61R,E80K	-1.6592630599671387
S77R,W92R	-1.6877630686028684
E76K,S99I	-0.798631895747619
K9E,T66A	-1.347439719463125
A15E,L39V,E84V	-0.31981259472669676
E1Q,L5H	-0.6371736419979668
L35V,M36T	-0.4015996091555144
E8G,M36T,V82L	-0.9389964154381696
V82A,P83Q	-0.8094904306492343
I22L,S25R,R32S,R71G,E80D	-2.0045673955717223
R19H,S25R	-0.4065623163942713
A20V,T38N,T75S	-0.9420206887596482
D23H,A91V	-0.8222307988970688
A20V,R94T	-0.29978442895167096
E80D,S99C	-0.4321072201209379
I22K,S98G	-0.36588082691492074
S64T,K96T	-1.0306728595529964
T66I,A91T	-1.5184868874515312
F3I,N17K	-0.5757448304684973
Y24S,M52V,L62P,P65R	-0.33591300522470985
E30D,T38S,T50S	-0.7657564732367379
K9N,M78I,Q97L	-1.005267169671611
P68H,S99R	-2.2936175597613087
E8Q,E11A,M78I	-1.3355135416770634
L62V,D100E	-0.23467762900522818
Q72E,V82M	-1.1301260827871624
D29H,N70S	-1.1189338691744737
I0R,S25R,M40L,K96Q	-1.2776631263814293
K9N,L46Q	-1.5009760645561494
E11A,K16R,M78I	-1.2564456802476311
D23E,V51I	0.15915309946596629
L6H,K96Q	-0.3073780582295042
I0K,L85Q	-1.2396814375808
F31L,R94T	-1.1110300280140064
E11G,D26E	-0.5069895183629908
P65H,H101D	-0.5656789887288094
E12V,M40I,A91V	-0.9019464902314349
I13S,E76G	-0.8015166233137778
I13V,M36L	0.003581504691715226
K86T,S99R	-0.7778303298392113
A7S,M36I	-0.9382145192112445
S64A,S77C	-1.1608855316410716
D37H,A91P,K96N	-1.7903843306074791
S25H,M73I	-0.39881815861808045
E30A,L46Q	-1.6403166528806745
S64A,E87K	-0.9675817090086057
K2T,V10M,H101L	-0.7752209554517131
E11K,I22T,Q97K	-0.3195335283348079
L5H,D26E	-0.48807336776305876
I13M,Q90K,H101Q	-0.44988227571793105
D26E,T38S,D100N	-0.8877316147674081
M52R,M93K	-1.785247507705773
K2E,E8A,D26Y	-1.205737213431998
L6R,T41S	-0.4902472707313323
A18S,T41I	-0.2843996806138991
P81R,Q90K	-0.9687166199371606
R59W,K86Q	-1.661505275902114
E30G,S77G	-0.5592831909545783
E30D,W92C	-1.6567890725345158
L6R,A20P	-0.418353384036293
H60Q,V82G	-2.4126168026375696
E21K,Q72L	-0.9718477823044287
R19W,Y24H	0.017059819425073577
E30D,I89T,Q90L	-1.2467857179175303
K2E,Q90E,S98R	-0.55033000852377
V10L,P83L	-0.6359422671382918
N17Y,N70K	-2.117417852858602
E21K,D26N,T38P	-2.335245646840767
E21K,L79V,V82L	-1.5385734339091215
I13L,K16Q	-0.2833680524356966
E80D,I89L	-0.9008196165195596
S98R,S99N	-0.520128754244204
E30A,T38S	-0.8393843081964285
P68A,Q72H	-2.5747566108872455
Q72E,D100N,H101Q	-1.1489144733480594
I0T,L39V	-0.5953230976703474
E8D,F31V,P47T,N63T	-2.3580288167243477
V14G,D42A,M52L	0.6066832047622214
K9E,E12G	-0.2786417771778902
P28S,T75I	-1.5477870739682529
A20G,V82L,Q88L	-0.9325652052261633
E30V,T41N,T66S,I89L	-1.5921197154009081
D37V,H60R	-1.547863804208236
S25I,L85Q	-0.8777167436053919
N17K,E21G,Q72L,M78T	-1.6436774951252162
L5R,T75S	-0.6365094308490316
L6I,E21Q,M73V,E95V	-0.7697337236705114
I0L,R32S,L35M,D37A,P68R,L79R,E80Q	-3.365518980815917
S77I,H101Q	-0.847669343008937
I22M,D37E	-1.0023129948087948
P65A,V82M	-0.4327032745672901
K2E,M52I,H101D	1.271519049678263
K16T,Q88H	-0.43014407425696277
D23E,V44L,D100N	-1.2086114096106217
E21V,M36I,V82L	-1.5728162754864146
F69V,M78V	-2.3076956697559043
K16Q,P65H,R94S	-0.48677499449391115
E30A,L39Q	-1.530328768306823
D26E,L39R	-1.6804810875468537
A15T,S25R	-0.5285759867914418
M40R,S98C	-1.7872786368411
S55P,M78K	-0.6747351499876708
R19G,Y24D,M73I	0.6956622375015643
E8G,D37H,P65S	-1.3455681125127112
P81L,S99C	-1.655898898850451
A20V,D37E	-1.1602738178343728
P43R,L74Q	-2.331078214518542
A15V,T66I	-1.48758590749382
Q72E,K86M,E95G	-1.147152222820687
S25G,D37H	-0.8644636455084633
K2M,M93I	-0.5316056926843057
F3L,L62I	-0.38217223402329237
D29V,R45G,S77I	-1.791627338279545
P65T,H101R	-0.9034755615516267
E11V,P65H	-0.9229886659054768
A15G,N63Y	-0.03360845576232502
A20E,M78I	-0.6875902344141809
A27S,M78R,S98R	-0.9483967037134508
R19G,Q72E,M73V	-0.804477068247995
P34A,A91D	-1.396982718975535
Q72L,H101D	-0.4395419070120616
M52L,E84K,I89T	-0.10734156746381629
Y24N,D26E,M93I	-0.3542504593543324
E1Q,E12D,D26Y	-0.9468797122646718
V14G,S48F	-0.5607376339436829
G49S,A91V	-0.9005926658404738
T41A,S64A	-0.9658595181530052
E30K,D37G	-1.3250776233449892
N17S,S25R,M40T,N63K,E87V	-2.103674719772979
S25C,Q88H,M93L	-0.2192676992322008
M40R,P47T,Q72H,L79R,D100Y	-3.171541308241401
I57F,E80D	-1.7200229556777562
M36I,M52T	-0.5311937039881849
V14M,K96I	-0.5571011972780295
E1G,L35V,M73L	-0.24723218722615614
K4N,E12A,M52T	0.342557592044358
L39V,Q72K	-0.2838312971322169
K4N,K9N,K96E,Q97R	-0.25918144048695413
E11Q,D29V	-0.8119691038789363
T41A,F69Y	0.443861942373322
V14L,V44L,E87K	-1.5791412635822681
E1G,N63D,Q72H	-1.6769552343085523
N63D,E76A,R94S	-1.0388560646723652
D37H,R71G	-2.009346468773245
M40I,T41P,F69S	-2.135330752479603
D26A,L62R,S98C	-0.4509381835105438
E8Q,F31S	-1.8438069637847048
T38I,M40L	-1.393512838615663
E87A,D100V	-0.5325590431138657
Q72H,E80Q	-1.4228838067155485
V10E,P34A,E87K	-1.1197943027041326
E1A,E30V,R94S	-0.9916179201013968
I13M,A91V,S98R,D100N	-0.6088719717296328
Q88P,R94I	-1.6298433341215548
P81A,Q90L,S99N	-0.5609691146016983
V14E,P81A	-0.2946381599990001
A18V,M73I	-0.4073356172367176
M78R,E95K	-0.7858108299611775
A20S,D23Y,M73I	-0.40734334630352276
E30V,P43S,M78V	-2.3409378853425977
S48F,V82M	-0.5467294931797644
K16Q,T38I	-0.7000448370831536
D42E,L79V	-0.7481829112915099
D23E,E80A,Q88L	-0.7353693520164237
V10L,E21Q	-0.7104830548444088
K9Q,A15E	-0.13619623108456266
L35M,R59W	-2.4248187451966485
E8Q,A91V	-0.5195525256884994
D33E,E80Q,H101Q	-1.732277182618942
A18V,P65S,M73L,D100E	-0.5851189980565302
I13N,E95V	-0.506346435632872
T66A,S98N	-1.5675573726616592
L39Q,T66I,E80K	-1.9733794444924204
D26V,E76K,A91D	-1.2438114345105398
P65R,I89L	-1.109642915255233
I0L,D67A	-2.244301489033437
A18T,D26E	-0.3036721629932184
S98N,D100V	-0.5137635806199551
A7P,E80D	-0.30378474391005816
E84K,D100N	-0.5163288614410118
L6P,I13L,E76G	-0.8307907404542041
E21V,Q88R,H101D	-0.6914368718946033
N17T,F69L,K96I	-1.6888402756838732
E11K,S25T,D100E	-0.39790909558074405
K16R,D67G	-1.988778198553166
P34H,M73T	-1.52591536567757
V14E,P81R,H101L	-0.7365449218372099
M52V,E80G	0.5638452238424839
E1G,K96T	-0.6018767412483637
K2Q,E11G,D26A	-1.2852233703288212
N17H,D33G	-2.039587217376145
D26G,L39P	-1.1958716838625505
M52L,S77N	2.0805771441409155
R32T,K96N	-0.6386845131345346
Q72H,E76V	-1.6811832770226451
M36I,T41S	-1.1310498985248212
D37N,V44M,Q90H	-1.8362088531818774
S64F,P65A,E87K	-1.3021988050091755
H60L,N63K,R94G,E95V	-2.1071022311402094
D29N,N63I	-0.7067967320354258
K86Q,S98T	-0.21542039540294963
I22M,P81S	-0.288599147340493
H60N,M78L,I89V	-1.7528043511255003
R19W,E30K	-0.2686832464636635
L5F,A27S,K96R	-0.23981239697788448
V14L,M52T,A91G,S99I	0.02328258617599155
F69C,S99N	-1.8966012163389978
I13M,E21G	-0.6754169109644238
E12A,N17I	-0.6735910685304733
E8D,I22M,M73I	-0.25622771218538615
T66S,E84K	-0.9082475404053919
R71H,S98I	-1.757103165964318
E11A,E21D	-0.5077557913383843
A18P,R32T,L39V	-0.7427635638896267
E21G,D42A,Q90E	-1.3372621932257878
L6I,E95G	-0.3983050154010415
E12G,M52L,S77R	1.793940652181199
E21V,S25R,M40L	-1.5465642695565132
E30D,D42E	-0.39199672360678006
V10L,T75S,S98G	-0.5446153813759534
L6I,H101Y	-0.31784180169130594
A7V,E12D,N63S,T66S	-1.2725561603024804
I13V,P83A,D100A	-0.6371913355018634
E84A,D100Y	-0.5167994626535652
E21G,D26A	-1.0241756966274336
M40V,M52V	-0.7583960999221255
A7V,I22L,T41A	-0.273724049488142
I13N,D100E	-0.45083247930101855
K16Q,M73I	-0.3087016605603744
M36L,P81Q	-0.5653163435759756
P65H,E80K	-0.5344206011340441
F3Y,M36L	0.062322967979289115
F3L,S25R,Q72K	-0.7337849632904879
A7V,M36K,H60Q,D67V	-2.433177549250262
V14L,L79M,Q97K	-1.0483723061109915
F31C,M36L	-1.6136342266174935
N70S,P81R	-1.1338422670776223
D23E,R32S,T38P,Q97L	-2.083343082806842
M73I,V82M,S99G	-0.5161327680969218
E12K,A15G,L39R,D42V	-2.210228032794314
P65A,S77G	-0.4039708522253538
V10L,Y24C,E76D	-0.8804170033427322
Y24D,D37A,T38P	-1.4582840443713299
P68T	-2.4717365233482345
K9I,S77R,E84D	-0.9956224864706023
A20G,D23Y	-0.4913036098198811
L39P,Q72K	-1.1426881484370284
N17T,Q88H	-0.6022212401063166
N63K,F69V,D100N	-2.1264965471859822
A18V,V44L,N63S	-1.9086000448522964
D37N,L79M,S99R	-1.7617547912648475
K4N,P65T,S77I,M78I,A91G	-1.9657718774141695
E12Q,N70Y	-1.876594173687794
E8G,N63Y	-0.15731840954706805
A18P,D23H,P81S,D100A	-1.1181548845086158
M40R,E87A,S99R	-1.9842505140176239
H60L,E80Q	-1.9446527355039862
E11D,M73I	-0.32717088317531057
E12D,D23E	-0.15181611903733322
K9I,A20V,E30V,L62R	-0.7919686241886378
P65A,Q72H,S98R	-1.5302974655046513
F3Y,V10E,F31S	-1.3609250030630364
T41P,H101L	-1.12558629928536
E11G,L85R	-0.9902291100797145
A7E,P81S	-0.007333976926253285
H60Y,M73L,Q97R	-1.5920872109897894
L5P	-0.4463634122575582
E76D,V82L	-0.8334740950111065
R32I,L62V,E80A	-0.7131147638943459
K16N,D23V	-0.73878831068615
E80L	-0.16509018604679945
D42E,E84K	-0.5400319828890264
F3S,R32T	-0.8228217214738944
M52I,P83Q	1.2031314187061577
E30D,K86N	-0.5891927134709126
N17H,M52V,S77I	0.6387206123448923
E11G,A15V,T66L,E95D	-1.3779984795699984
I22L,A91S	-0.22502552809370263
N17D,N63S,D100E	-0.7555255465243083
I22L,M78L	-0.5467149134637047
F31L,Q97L,S99C	-1.0820952276074405
M52L,E80K,M93I	2.235633990500889
R19P,S25C,K86T	-0.4718246176637595
T38S,E95A	-0.6710393656998264
M36L,S98I	-0.01563789492749141
S25I,N70K	-1.5143293865432201
D26N,L39M,E87V,A91P,H101Q	-2.018648735015077
I0L,M36I,P47L	-2.387608909844026
T41I,L74P	-1.787050081006559
K16R,P28L,N70T	-0.02905317781127348
I13F,M40I,Q72L,L74M	-1.2357596718712445
Q72R,S99G	-0.7053400208925934
V44G,M73R	-1.5588393537795622
M93L,R94K	-1.0249864873518901
K2T,N17K	-0.8487661438066685
I22L,M36T	-0.4294436032000848
K4T,Q72K	-0.6186103494950413
A15T,T50A	-0.6221766867452629
M52L,H60R,P68T	-1.1202054609849739
A15T,E30D,S99R,D100N	-0.5731087045952368
E80G,V82E	-1.080071492748372
E11Q,D23E,D37V	-0.14778073664437058
A7P,T75I	-0.5966066443218117
I0M,E87K	-0.6830947762704476
I22M,N63S	-0.5866531580592221
L5H,A27G	-0.5491391670890164
A7S,A18E	0.0014370619450099573
Y24D,D37V,S64T,D67A	-1.280036681977196
D42A,H60Q,K86M,S99T,H101Q	-2.0026602119923527
A7V,E95K,D100A	-0.4329191425565581
A20S,M52L,F69L	-0.3478143192617056
P65L,T75N	-0.9053592657806407
N17Y,P65A	-0.5856757954178322
E12V,P65L	-1.018725374474535
L62V,D100H	-0.3781701488400533
D37N,S48F	-0.8884799345733572
M52L,T66N	1.3257217202519729
T38I,N70I	-2.178046853250982
R59Q,R94S	-0.652411934380775
R19P,H60Q,T75P	-2.117620801836606
E21D,N63D	-0.8945168622299459
D37A,L62I	-0.5994387876125417
E11V,S98N	-0.7420253466690071
D23E,Y24C,S98R	-0.295592852902965
M52V,Q72L,S77R	0.8691521765385722
S64A,Q88L	-1.2632373001799642
I0L,H60L,P68L	-2.7610842659942305
F3C,S77G,D100E	-0.4810227699021028
S64P,R71H,M78K,E87K	-2.251875835536673
E12D,D42E,D100S	-0.34592673038994337
V10M,Q97E	-0.2963547227947266
R19L,S55T	-0.14884869897698697
S25G,L35M,D100H	-1.453495339783136
V14E,D29N,L35V,L61R	-1.4183284020948048
L35R,T38I	-1.901745581456185
A7G,R19G,T38S	-0.4018519051824597
M36R,D42G	-2.3882667888106415
E8D,V14M,Q88H,Q90E,H101L	-0.4559331885384721
E80N,S98I	-0.6210948550898368
E12A,A15V,D23E	-0.2728839593307655
K2Q,D26V,Q90L,A91T	-1.5194665956201365
M40I,N63D	-1.2158231248135698
E1K,L62V,M78L	-0.238625568654875
M52L,T75A	1.3567492864411912
E11G,R19G,F69C	-1.624582782093552
E1G,A20P	-0.5717557220845733
E12Q,A15P,M78R	-0.8092911616669891
T38S,M78R	-1.2305183274598772
E1A,E84D,H101N	-0.7835493786527595
I0T,D37G	-1.5245174582011667
K16R,I89L	-0.8116245541889762
D42N,L79V	-1.1312524295679987
M73R,S98T	-0.31954206690499826
K16E,D37Y,P65R,D100H	0.3875283713705946
K16Q,S77N	-0.3127628187312598
E30A,L35V,M52I,S99I,D100N	0.8808641701150045
V51G,P65L,P83S	-1.9838826384644377
A18T,T75N	-0.45605227699235945
D42V,K96E	-1.198188824501974
T66P,R71H	-2.488494772210787
E8D,D67E	-1.7919304199782573
E21G,N63I,Q88R	-0.6742869971806832
S25T,E80Q	-0.21021010912785248
R32T,E84K	-0.8203535378484008
E21D,I89V	-0.3880573214844269
V14A,V82E,I89V,D100E	-0.381692785932234
A15T,P83A	-0.4264454199563316
M73L,E84K	-0.3178002385268693
A15E,A20S,Q72R	-0.44481225578097805
Y24F,D26N	-0.47420637959867395
T41P,Q90K,H101R	-1.2262062210871243
L62V,Q90R	-0.15894236706197776
E12A,A15P,P65R,E84A	-0.5713546447668598
K16T,N17I,V82E	-0.535210828479977
L39P,M73K	-0.7864519447831476
T50S,E76A	-0.6775059359161852
S25R,R32K,T38S	-0.7791482188123195
L35V,S64P	-1.732076799318363
K2T,K16M	-0.6619470761941091
D37E,E87K,D100N	-1.26878928617387
M73T,E76V	-0.5725568160524521
R59W,P65S	-1.935278483583308
L6I,A15G,H101Y	-0.4329062182596528
R32S,K96N	-0.929504513856602
A18E,Q72H	-1.2152803990165035
I56V,S77I	-0.4487367459968923
I22L,P34L,M52V	0.33961932494021696
M78K,P83L	-1.0312028839720926
A15V,N70Y	-1.8407667303813704
F3S,H101Y	-0.38832639075766884
I89L,M93T	-0.7535989597960752
N70D,S77T,E80K,M93R	-1.500468135725021
I0M,E12A,R32S,I57F,E76K,H101D	-2.4053936236592923
L6I,P68L	-1.971032889061556
T66S,T75S	-0.8814044910484534
N63H,Q90H,S98T	-0.7556775469149029
S25N,M78I	-0.8947844500693973
I0V,A18E,Q90E	-0.11175718355069891
A15V,T41I	-0.3153964226057787
M52T,D53E	0.0778045410055451
T38A,K86N	-1.4484915896620318
A27T,Q72R	-0.4845274923042397
N63S,T75S	-0.9359664280235835
A91G,E95A	-0.42170786719290354
T38S,S99R	-0.8001820269215658
A27P,A91G	-0.5518426261912107
D37A,P65A,M73R,S98N	-0.732360054161412
D26G,M36T,P81S	-0.9010610547920522
M78K,K96R	-0.4952785722982104
E1V,R32I	-0.9604544105661752
D23E,R71C,E76K	-1.5703868729167652
A20T,S99C	-0.38399661314993994
M52V,T75A	0.7994202451417359
A7G,K86T,A91G	-0.5922496022337816
A20T,Y24S,E30K,E80Q	-0.5457013384545756
K16R,N17D	-0.17130035048614634
E1V,T66S	-1.0457337321737268
N17K,R32S,E76D	-1.4999258441967687
L5F,T75S	-0.2740465734401981
D23V,W92L,H101Y	-1.3746682526812672
K16R,T75N	-0.43093087544367886
I13S,D23E	-0.12135036965708926
A7S,K16T	-0.08998085174040232
A15S,V82M,M93L	-0.2443608953469873
D67A,P68L,W92L,R94S	-2.404585944517786
A15E,F69I,Q97E	-1.3288391670057085
T41A,M73I,E84K	-0.544850221768467
K16E,Y24S,L85R,Q90P	-1.2916805849817365
I13M,D29Y,S77G	-0.7309893250033207
P68H,L85I	-2.283582876860252
E21D,M40L,M52L	0.7893478946598204
A20E,T38S,H101D	-0.33325694468277134
E11G,E12K,D26H	-1.005654862195895
I22M,M93L	0.10859765318344997
R71L,E76D,V82L	-1.975138926446708
H60L,S99R	-2.1239481230206243
D26H,W92C	-1.7685266884715864
A20S,P68R,K96I	-1.9329389894184774
K4R,I13S,L62R	-0.2609628230481584
E12D,K96T,D100Y	-0.5592656573086822
T38N,S99R	-0.8940214219656438
D33G,E84V	-1.9698062306531803
S64A,P83A,S98C	-1.0882753286343911
P81A,A91G	-0.5634706300395642
D26N,T50N,L61R,S64P	-2.3854649136993364
L5V,A91V	-0.3969375785123461
E21D,P81R	-0.9167900293025008
I0M,K96E,S98R	-0.5844130951879316
E21D,M52T,M78L,A91V,R94I	-0.6228996104755038
A15E,G49S	-0.6325558535958244
N17I,F31Y	-0.541818903306026
M52L,E87A,Q97L	1.9571827244799955
E8A,R94T,H101R	-0.5736172021685644
H60Q,M93I,Q97H	-1.3343407692800673
E11Q,S25I	0.04388714466778415
A15T,E84D	-0.3277602833923509
D23E,W92C	-1.393412644795623
R19W,L79V	-0.6394354094686929
V10E,Q97E	-0.16145218466129183
S77R,E95V	-0.6856602659648781
S64T,H101N	-0.9513996485914863
A18V,E21D,L79M,W92R	-1.93808111333498
Q97H,H101Q	-0.2493354433624705
V14L,I56N	-0.6334820551989689
M40L,E87Q	-1.01224856354839
R32K,D42N,M52V	0.8431400189420442
S64F,V82A	-1.2616193942081253
D23A,A27V,D100H	-0.841739445995161
D23E,S25C,M93I	-0.026747216182886197
Y24D,E76G,S99C	-0.14078694377847772
N63Y,T75S	-0.09944436732744154
I0M,L39Q	-1.682542713238313
K4I,F31C,S77N	-1.8135093446753134
L5R,D23E,A27V,P68L	-1.7670249365195527
A27P,V82L	-0.6210136461345099
E1K,T50A	-0.5144355725474578
E12K,E80K	-0.4550119294529184
A18G,E30K,S77I	-1.0392100148879038
K9N,A27T,D33G,E80A	-1.6605325312557306
A20T,I22K	-0.31809218925416766
S25I,F69L	-1.208752236819282
F3L,V10M,N70T	1.5022238087542243
N17Y,D100G	-0.758852906223002
T41A,E95Q	-0.48387320092230324
R32K,E76G	-0.5918762540094521
M36L,S77N,M93V	0.07916746447799144
I0S,P34H	-1.6469498045135071
E21K,E95V	-1.013031357096819
V10L,E11K,A18G	-0.47251081319637406
D26G,D29G,R71G	-1.6068228047365685
K9E,M78L,S98R	-0.42712278891152483
E80K,M93I	-0.024907115261351767
D29V,E87K	-0.7934986561576249
R45K,L62I	-0.28195794695670895
Q90L,S98I	-0.3598554716526171
Y24C,I56S,H60R	-1.491350961832268
A20G,D26G,F69L	-1.7478775306287917
A7S,Q90R,Q97H	-0.18675597058135165
E8A,N17D,Q90L	-0.362227533783312
R32T,E95Q	-0.847001361707203
Y24D,S77G	0.7786056675856987
I22T,T75S,E76K,M93T	-0.7639643448159917
L6I,R19W	-0.04336014131932146
K4Q,I22M,L39R,T66P	-2.2773596864624714
T66N,M93T	-0.769230907528301
R19Q,L61M,T66P,H101Q	-1.5409490318517782
K2M,N63T,V82L	-1.4327917059477908
E8V,A15V,A20E	-0.2412845433882554
D23G,L74M	-1.370794744821036
E8Q,K16R	-0.4173421547156428
I22K,E80D	-0.4488089890291499
K4E,V14M,I89N	-1.7296426515419778
L6H,H101Y	-0.3951206062843786
A18G,Q90P	-1.6882912828410366
E1V,K4Q	-0.8010006726920869
H60R,Q88R	-1.594792211954149
A20P,D29N,N63S	-1.0322244365539683
L74V,E76G	-1.595369663388635
L79R,S99I	-1.8711261763691935
L39V,N63K	-1.2641121802782347
M73T,E87Q	-0.29053329422480406
A27P,P34S,M36R,M78I,S98R	-2.791888604773577
D26G,E87K,S99R,D100H	-0.9084806489498105
K2M,T38S,D100Y	-1.2149392723060228
E12G,D26A,D100V	-1.0040239603943548
K9N,N63D,P81T	-1.0069788345627686
P34A,L61P	-2.309769873742137
E30G,Q97R	-0.7033818647735511
F3L,M52I,M93K	1.2930984256088849
A27T,D37G,K96I	-1.2270425646559624
E80G,Q97L	-0.9557438922050373
I0V,A20R,S25I,P65A	-0.4182401961698372
K9R,I22M	-0.11565964615700111
P68L,E80K	-2.0671817745100447
E80K,D100H	-0.5095478726380585
E30D,M78L	-0.6841191106535215
V10L,D67N	1.1998400252424744
M52K,P81R	-2.1421549650884857
E1Q,D26Y	-0.9947743477527523
E1G,K9E	-0.3532876533244618
I22M,E84A	-0.24186627641612785
A27G,K96N	-0.4921895969455626
Q90E,M93L	0.13060975796332536
E8D,N63K,D67N	-0.46367192243438393
T75S,Q90E	-0.18138547427591625
D42G	-1.8185728028763872
K16N,S25I	0.22322890911486715
L6V,A15S,A91T	-0.5276883198164654
A7P,T41P,L58R	-1.071786892467658
K2N,F3C,H60D,M73V	-1.5706632768731859
T38N,M73L	-0.6063288763658228
D26E,E95K,K96T	-0.4157074581981647
K2R,Q72L	-0.7490362692000148
P34R,N70T	0.42872061384985133
E11G,D42G	-1.8235841698371604
A20V,N70T,E80G	0.7174669928035391
L62V,P68R,P83L,A91D	-1.9021189443951159
Q90H,H101N	-0.30784136052751804
I0L,A20E	-0.24467439671190974
